EmployeeID,Gender,Age,AgeBand,MaritalStatus,Education,Department,JobRole,JobLevel,OfficeLocation,EmploymentType,HireDate,IsActive
E00001,Female,40,40-49,Single,PhD,IT,Software Engineer,5,Delhi,Full-Time,2021-05-02,True
E00002,Female,35,30-39,Divorced,PhD,IT,Software Engineer,2,Remote,Full-Time,2021-03-29,True
E00003,Female,31,30-39,Married,Master,Sales,Sales Executive,3,Delhi,Full-Time,2020-11-08,True
E00004,Female,28,Under 30,Married,Master,Customer Support,Escalation Specialist,3,Chennai,Full-Time,2024-06-21,True
E00005,Male,27,Under 30,Married,Diploma,Customer Support,Escalation Specialist,2,Delhi,Full-Time,2025-10-22,True
E00006,Female,41,40-49,Married,Bachelor,Sales,Business Development,6,Bengaluru,Full-Time,2025-02-14,True
E00007,Female,38,30-39,Married,PhD,Finance,Credit Analyst,5,Remote,Full-Time,2020-02-07,True
E00008,Female,26,Under 30,Married,Master,Customer Support,Support Lead,2,Delhi,Full-Time,2020-05-17,False
E00009,Male,34,30-39,Married,Diploma,Customer Support,Support Lead,1,Mumbai,Full-Time,2022-12-27,False
E00010,Female,45,40-49,Married,Diploma,Sales,Business Development,7,Chennai,Full-Time,2021-05-09,True
E00011,Female,46,40-49,Married,Master,Operations,Operations Analyst,7,Mumbai,Full-Time,2022-07-02,True
E00012,Male,24,Under 30,Married,Bachelor,Customer Support,Support Lead,1,Remote,Contract,2025-10-31,True
E00013,Male,34,30-39,Married,High School,Operations,Operations Analyst,3,Chennai,Contract,2023-05-28,True
E00014,Male,33,30-39,Single,PhD,Finance,Credit Analyst,6,Mumbai,Full-Time,2024-06-22,True
E00015,Female,25,Under 30,Married,Master,Customer Support,Support Agent,1,Bengaluru,Part-Time,2025-10-18,False
E00016,Male,28,Under 30,Married,Bachelor,Human Resources,HR Analyst,3,Hyderabad,Full-Time,2025-03-30,False
E00017,Male,36,30-39,Married,PhD,Research & Development,Data Scientist,5,Bengaluru,Full-Time,2022-01-17,True
E00018,Female,29,Under 30,Married,High School,Finance,Accountant,1,Bengaluru,Full-Time,2021-06-27,True
E00019,Female,29,Under 30,Single,PhD,Human Resources,Recruiter,1,Chennai,Part-Time,2023-07-12,True
E00020,Male,37,30-39,Married,PhD,IT,IT Support,3,Remote,Full-Time,2023-12-05,True
E00021,Male,34,30-39,Married,Master,Operations,Logistics Coordinator,1,Bengaluru,Full-Time,2022-10-27,True
E00022,Female,23,Under 30,Single,PhD,Marketing,Content Writer,1,Mumbai,Full-Time,2020-03-24,False
E00023,Female,31,30-39,Married,Diploma,Operations,Logistics Coordinator,2,Mumbai,Full-Time,2023-12-29,False
E00024,Female,31,30-39,Married,PhD,Finance,Credit Analyst,3,Remote,Full-Time,2020-04-05,True
E00025,Female,30,30-39,Married,Bachelor,Finance,Financial Analyst,3,Mumbai,Full-Time,2023-07-24,True
E00026,Female,32,30-39,Single,High School,Operations,Operations Analyst,2,Bengaluru,Full-Time,2023-02-03,True
E00027,Male,28,Under 30,Married,PhD,Sales,Sales Executive,3,Bengaluru,Full-Time,2025-11-13,True
E00028,Female,35,30-39,Married,PhD,Research & Development,Data Scientist,3,Remote,Full-Time,2020-07-01,True
E00029,Female,29,Under 30,Divorced,Bachelor,Human Resources,Recruiter,2,Chennai,Full-Time,2022-02-16,True
E00030,Female,31,30-39,Single,Bachelor,Sales,Sales Executive,1,Mumbai,Full-Time,2021-11-30,True
E00031,Male,26,Under 30,Married,Master,Human Resources,HR Analyst,2,Delhi,Full-Time,2025-12-19,True
E00032,Female,36,30-39,Married,Diploma,IT,DevOps Engineer,4,Mumbai,Full-Time,2025-10-26,True
E00033,Female,36,30-39,Married,Bachelor,Operations,Quality Analyst,2,Hyderabad,Full-Time,2023-08-24,False
E00034,Female,39,30-39,Single,Bachelor,IT,IT Support,4,Mumbai,Full-Time,2024-04-12,True
E00035,Female,33,30-39,Single,Master,Research & Development,Product Engineer,4,Remote,Full-Time,2023-09-20,False
E00036,Female,27,Under 30,Married,Master,IT,DevOps Engineer,3,Hyderabad,Full-Time,2025-10-17,True
E00037,Female,37,30-39,Single,Diploma,Executive,CEO,3,Chennai,Full-Time,2023-10-19,True
E00038,Male,28,Under 30,Single,Bachelor,Research & Development,Research Scientist,2,Hyderabad,Full-Time,2020-02-16,True
E00039,Female,30,30-39,Married,Bachelor,Human Resources,HR Analyst,3,Bengaluru,Part-Time,2020-07-01,True
E00040,Male,28,Under 30,Married,Master,Sales,Sales Executive,1,Delhi,Full-Time,2020-05-30,False
E00041,Male,44,40-49,Single,PhD,Sales,Account Executive,7,Mumbai,Full-Time,2025-09-15,True
E00042,Male,33,30-39,Married,Bachelor,Research & Development,Product Engineer,3,Remote,Full-Time,2022-11-20,False
E00043,Male,36,30-39,Married,Diploma,Human Resources,HR Analyst,5,Remote,Full-Time,2025-06-24,True
E00044,Male,29,Under 30,Married,Diploma,Customer Support,Support Agent,2,Remote,Contract,2020-09-07,True
E00045,Female,35,30-39,Single,Bachelor,Operations,Quality Analyst,3,Mumbai,Full-Time,2021-09-22,True
E00046,Male,28,Under 30,Married,High School,Finance,Financial Analyst,1,Hyderabad,Full-Time,2025-09-12,False
E00047,Female,35,30-39,Married,Bachelor,IT,Data Analyst,2,Remote,Full-Time,2024-11-09,True
E00048,Male,28,Under 30,Single,Diploma,Research & Development,Product Engineer,3,Remote,Part-Time,2024-12-09,True
E00049,Female,25,Under 30,Married,Bachelor,Human Resources,Recruiter,1,Hyderabad,Full-Time,2024-11-10,True
E00050,Female,32,30-39,Divorced,High School,Finance,Financial Analyst,3,Hyderabad,Contract,2021-07-19,True
E00051,Male,32,30-39,Married,PhD,Operations,Quality Analyst,5,Hyderabad,Contract,2025-04-03,False
E00052,Male,35,30-39,Married,PhD,Marketing,Marketing Analyst,6,Delhi,Full-Time,2025-05-14,True
E00053,Female,38,30-39,Single,Diploma,Sales,Account Executive,7,Chennai,Full-Time,2023-10-03,True
E00054,Male,36,30-39,Married,PhD,Operations,Operations Analyst,3,Bengaluru,Part-Time,2022-01-24,True
E00055,Male,32,30-39,Married,Master,Customer Support,Escalation Specialist,3,Hyderabad,Full-Time,2022-12-30,False
E00056,Female,25,Under 30,Single,High School,Customer Support,Support Lead,2,Mumbai,Full-Time,2021-03-30,False
E00057,Male,34,30-39,Married,Master,Customer Support,Escalation Specialist,4,Delhi,Full-Time,2021-04-18,True
E00058,Male,26,Under 30,Married,PhD,Finance,Credit Analyst,1,Chennai,Full-Time,2023-04-08,True
E00059,Male,30,30-39,Single,Diploma,Operations,Operations Analyst,3,Chennai,Full-Time,2022-09-01,False
E00060,Male,35,30-39,Married,Master,Operations,Logistics Coordinator,2,Remote,Full-Time,2022-03-27,False
E00061,Female,31,30-39,Married,Bachelor,Sales,Account Executive,1,Delhi,Full-Time,2021-09-02,True
E00062,Male,26,Under 30,Divorced,Bachelor,Sales,Sales Executive,1,Remote,Full-Time,2020-03-27,True
E00063,Male,33,30-39,Single,PhD,Sales,Business Development,1,Bengaluru,Full-Time,2021-12-19,True
E00064,Female,32,30-39,Married,High School,Operations,Logistics Coordinator,1,Hyderabad,Full-Time,2021-08-27,False
E00065,Male,33,30-39,Single,Bachelor,Operations,Logistics Coordinator,4,Remote,Full-Time,2023-01-26,True
E00066,Female,24,Under 30,Married,Bachelor,IT,DevOps Engineer,1,Hyderabad,Full-Time,2024-07-10,True
E00067,Female,32,30-39,Married,PhD,Human Resources,Recruiter,1,Bengaluru,Full-Time,2022-09-20,True
E00068,Female,29,Under 30,Married,PhD,Customer Support,Escalation Specialist,2,Chennai,Full-Time,2020-05-28,True
E00069,Male,37,30-39,Married,Master,Customer Support,Support Lead,4,Bengaluru,Full-Time,2023-12-05,True
E00070,Male,32,30-39,Single,Master,Finance,Financial Analyst,1,Delhi,Full-Time,2020-04-29,True
E00071,Male,37,30-39,Married,Master,Marketing,SEO Specialist,3,Delhi,Full-Time,2025-02-16,False
E00072,Male,39,30-39,Married,PhD,Customer Support,Support Agent,5,Hyderabad,Full-Time,2021-03-08,False
E00073,Female,28,Under 30,Married,Bachelor,Finance,Credit Analyst,3,Remote,Full-Time,2021-06-20,True
E00074,Male,27,Under 30,Married,Bachelor,IT,Software Engineer,2,Delhi,Full-Time,2025-11-16,False
E00075,Male,36,30-39,Married,Bachelor,Customer Support,Support Agent,3,Delhi,Full-Time,2024-08-08,True
E00076,Female,29,Under 30,Married,PhD,Marketing,Content Writer,2,Mumbai,Full-Time,2022-10-28,True
E00077,Female,38,30-39,Married,High School,Research & Development,Product Engineer,3,Bengaluru,Part-Time,2020-01-08,True
E00078,Male,36,30-39,Married,Master,Sales,Account Executive,3,Delhi,Full-Time,2024-10-29,True
E00079,Female,35,30-39,Single,Diploma,Customer Support,Support Lead,3,Delhi,Full-Time,2020-04-04,True
E00080,Male,38,30-39,Married,Diploma,IT,Software Engineer,4,Delhi,Contract,2020-11-15,True
E00081,Female,46,40-49,Married,Bachelor,Research & Development,Research Scientist,7,Chennai,Full-Time,2020-09-30,True
E00082,Female,27,Under 30,Married,Master,Human Resources,HR Generalist,2,Remote,Full-Time,2024-12-12,True
E00083,Female,30,30-39,Single,Bachelor,Customer Support,Support Lead,4,Delhi,Full-Time,2021-08-24,True
E00084,Male,29,Under 30,Married,High School,IT,IT Support,1,Bengaluru,Full-Time,2021-02-26,True
E00085,Male,36,30-39,Married,PhD,Customer Support,Support Agent,4,Remote,Full-Time,2021-03-31,True
E00086,Male,34,30-39,Divorced,Bachelor,Operations,Operations Analyst,4,Mumbai,Full-Time,2025-04-12,True
E00087,Female,35,30-39,Divorced,Master,Operations,Operations Analyst,6,Delhi,Full-Time,2023-02-04,True
E00088,Male,34,30-39,Divorced,High School,IT,DevOps Engineer,1,Delhi,Full-Time,2025-05-15,True
E00089,Female,30,30-39,Divorced,Master,IT,DevOps Engineer,1,Remote,Full-Time,2023-07-14,True
E00090,Male,30,30-39,Married,High School,Finance,Credit Analyst,2,Hyderabad,Full-Time,2024-10-22,True
E00091,Male,27,Under 30,Married,Diploma,Research & Development,Research Scientist,3,Hyderabad,Part-Time,2025-03-22,False
E00092,Male,42,40-49,Married,PhD,Sales,Account Executive,7,Bengaluru,Full-Time,2022-07-12,True
E00093,Female,31,30-39,Married,Bachelor,IT,IT Support,2,Remote,Full-Time,2022-01-04,True
E00094,Male,36,30-39,Divorced,PhD,Sales,Business Development,5,Hyderabad,Full-Time,2022-09-05,True
E00095,Female,44,40-49,Married,High School,Customer Support,Support Agent,6,Hyderabad,Part-Time,2025-03-25,False
E00096,Female,26,Under 30,Married,Bachelor,Marketing,SEO Specialist,2,Mumbai,Contract,2025-11-21,False
E00097,Male,27,Under 30,Married,Diploma,Sales,Account Executive,1,Bengaluru,Full-Time,2022-12-22,True
E00098,Male,26,Under 30,Divorced,High School,Operations,Operations Analyst,2,Remote,Full-Time,2022-12-27,False
E00099,Male,23,Under 30,Married,Diploma,Sales,Sales Executive,1,Delhi,Full-Time,2023-07-08,True
E00100,Female,31,30-39,Married,High School,Operations,Operations Analyst,1,Bengaluru,Contract,2024-03-09,True
E00101,Male,25,Under 30,Divorced,Bachelor,IT,Software Engineer,1,Mumbai,Full-Time,2024-06-29,False
E00102,Male,41,40-49,Married,High School,IT,IT Support,7,Chennai,Part-Time,2024-05-16,True
E00103,Male,38,30-39,Single,PhD,Customer Support,Escalation Specialist,5,Delhi,Full-Time,2021-01-18,True
E00104,Male,38,30-39,Married,Master,IT,Software Engineer,5,Delhi,Full-Time,2022-02-18,True
E00105,Female,33,30-39,Married,PhD,Operations,Logistics Coordinator,2,Mumbai,Full-Time,2024-07-07,True
E00106,Male,36,30-39,Married,Diploma,Marketing,Marketing Analyst,2,Remote,Full-Time,2023-07-20,True
E00107,Male,29,Under 30,Married,Bachelor,Operations,Operations Analyst,3,Mumbai,Part-Time,2024-07-23,True
E00108,Female,25,Under 30,Single,High School,Finance,Accountant,1,Remote,Full-Time,2021-09-25,False
E00109,Male,35,30-39,Single,Diploma,Marketing,SEO Specialist,3,Bengaluru,Full-Time,2021-05-06,True
E00110,Female,37,30-39,Married,High School,Operations,Logistics Coordinator,5,Remote,Full-Time,2021-12-30,True
E00111,Male,37,30-39,Single,Diploma,Human Resources,HR Analyst,5,Chennai,Part-Time,2025-09-25,True
E00112,Female,36,30-39,Single,Diploma,Research & Development,Product Engineer,3,Remote,Full-Time,2024-07-15,True
E00113,Female,29,Under 30,Single,High School,Finance,Credit Analyst,4,Mumbai,Full-Time,2024-01-22,True
E00114,Male,28,Under 30,Married,Diploma,IT,DevOps Engineer,1,Delhi,Full-Time,2023-01-11,True
E00115,Male,33,30-39,Single,PhD,Finance,Financial Analyst,6,Mumbai,Full-Time,2024-05-03,True
E00116,Male,39,30-39,Married,Bachelor,Customer Support,Escalation Specialist,7,Mumbai,Part-Time,2022-10-23,True
E00117,Female,26,Under 30,Married,High School,Research & Development,Research Scientist,1,Bengaluru,Full-Time,2021-04-11,True
E00118,Male,31,30-39,Married,Diploma,Operations,Operations Analyst,2,Chennai,Full-Time,2020-02-18,True
E00119,Male,25,Under 30,Married,Bachelor,IT,IT Support,2,Delhi,Full-Time,2025-06-30,False
E00120,Male,33,30-39,Married,Master,Marketing,Content Writer,6,Hyderabad,Full-Time,2023-03-11,True
E00121,Male,29,Under 30,Married,PhD,Executive,COO,2,Mumbai,Full-Time,2021-03-23,True
E00122,Male,35,30-39,Married,PhD,Customer Support,Support Lead,7,Mumbai,Full-Time,2021-06-06,True
E00123,Female,29,Under 30,Single,High School,Sales,Sales Executive,3,Delhi,Full-Time,2020-07-01,True
E00124,Male,25,Under 30,Married,Master,Marketing,Content Writer,2,Chennai,Full-Time,2025-10-21,False
E00125,Female,27,Under 30,Single,Master,Research & Development,Product Engineer,2,Hyderabad,Full-Time,2021-08-16,True
E00126,Female,27,Under 30,Single,Bachelor,Operations,Logistics Coordinator,2,Mumbai,Full-Time,2023-01-23,True
E00127,Male,35,30-39,Single,Master,IT,IT Support,2,Remote,Full-Time,2023-04-02,True
E00128,Female,25,Under 30,Married,Master,Marketing,SEO Specialist,1,Delhi,Part-Time,2024-06-10,True
E00129,Female,34,30-39,Married,PhD,Sales,Business Development,1,Mumbai,Full-Time,2024-03-01,False
E00130,Male,29,Under 30,Divorced,High School,Finance,Credit Analyst,2,Delhi,Full-Time,2025-04-07,True
E00131,Male,34,30-39,Married,Bachelor,Operations,Logistics Coordinator,2,Remote,Full-Time,2023-04-14,True
E00132,Male,27,Under 30,Married,Diploma,IT,DevOps Engineer,3,Hyderabad,Full-Time,2025-11-05,True
E00133,Female,37,30-39,Married,Bachelor,Sales,Sales Executive,3,Bengaluru,Full-Time,2025-09-26,True
E00134,Male,28,Under 30,Married,Bachelor,Operations,Logistics Coordinator,1,Bengaluru,Full-Time,2023-06-18,True
E00135,Female,33,30-39,Married,Bachelor,Customer Support,Escalation Specialist,5,Mumbai,Part-Time,2020-06-08,True
E00136,Male,35,30-39,Married,Bachelor,Customer Support,Support Agent,2,Bengaluru,Full-Time,2020-11-06,True
E00137,Female,36,30-39,Married,Bachelor,IT,DevOps Engineer,2,Hyderabad,Full-Time,2021-08-01,True
E00138,Male,32,30-39,Married,Master,Sales,Sales Executive,3,Delhi,Full-Time,2021-07-18,True
E00139,Female,32,30-39,Married,Diploma,Operations,Logistics Coordinator,1,Delhi,Full-Time,2022-06-05,True
E00140,Female,36,30-39,Married,High School,Sales,Sales Executive,6,Chennai,Full-Time,2025-03-24,True
E00141,Female,29,Under 30,Married,Bachelor,IT,DevOps Engineer,1,Hyderabad,Full-Time,2020-02-15,True
E00142,Male,32,30-39,Married,Bachelor,Finance,Accountant,1,Hyderabad,Full-Time,2022-07-21,True
E00143,Male,34,30-39,Single,Bachelor,Marketing,Content Writer,1,Chennai,Full-Time,2024-11-30,False
E00144,Male,31,30-39,Married,Master,Human Resources,Recruiter,5,Chennai,Contract,2023-10-12,True
E00145,Female,36,30-39,Married,Bachelor,Operations,Logistics Coordinator,3,Hyderabad,Full-Time,2025-10-02,True
E00146,Female,29,Under 30,Married,PhD,Executive,CFO,2,Chennai,Full-Time,2024-10-22,True
E00147,Male,25,Under 30,Married,Bachelor,Operations,Operations Analyst,1,Delhi,Full-Time,2025-07-16,False
E00148,Male,34,30-39,Married,Master,Human Resources,HR Generalist,3,Hyderabad,Full-Time,2022-03-29,True
E00149,Male,34,30-39,Married,Diploma,Research & Development,Data Scientist,4,Remote,Full-Time,2025-09-06,True
E00150,Male,30,30-39,Single,PhD,Human Resources,Recruiter,1,Mumbai,Full-Time,2025-12-14,True
E00151,Male,29,Under 30,Single,High School,Sales,Account Executive,1,Mumbai,Full-Time,2025-08-05,False
E00152,Female,38,30-39,Single,High School,Operations,Quality Analyst,5,Chennai,Full-Time,2023-01-12,True
E00153,Male,28,Under 30,Married,High School,IT,Data Analyst,2,Remote,Full-Time,2024-08-30,False
E00154,Male,33,30-39,Married,Master,Sales,Account Executive,4,Delhi,Full-Time,2023-04-02,True
E00155,Female,34,30-39,Single,PhD,Operations,Operations Analyst,1,Bengaluru,Full-Time,2021-07-12,True
E00156,Female,27,Under 30,Married,PhD,Operations,Quality Analyst,3,Bengaluru,Full-Time,2022-08-21,True
E00157,Female,33,30-39,Married,Bachelor,Finance,Accountant,1,Bengaluru,Full-Time,2024-10-25,True
E00158,Female,27,Under 30,Single,High School,Customer Support,Escalation Specialist,1,Chennai,Full-Time,2025-01-15,True
E00159,Female,31,30-39,Single,PhD,Human Resources,HR Generalist,3,Mumbai,Part-Time,2025-11-08,True
E00160,Male,30,30-39,Married,PhD,Customer Support,Support Lead,2,Bengaluru,Full-Time,2021-08-08,False
E00161,Female,31,30-39,Single,Diploma,Sales,Sales Executive,4,Remote,Full-Time,2024-01-17,True
E00162,Male,27,Under 30,Divorced,PhD,IT,Data Analyst,2,Mumbai,Part-Time,2024-12-20,True
E00163,Female,34,30-39,Single,Master,Operations,Operations Analyst,2,Mumbai,Full-Time,2025-04-22,True
E00164,Female,29,Under 30,Married,Diploma,Operations,Quality Analyst,1,Hyderabad,Full-Time,2020-04-18,True
E00165,Male,34,30-39,Divorced,Diploma,IT,Software Engineer,1,Delhi,Full-Time,2020-02-15,True
E00166,Male,34,30-39,Married,PhD,Research & Development,Data Scientist,3,Remote,Full-Time,2024-06-10,True
E00167,Male,37,30-39,Single,High School,Marketing,SEO Specialist,4,Hyderabad,Contract,2023-11-23,False
E00168,Female,29,Under 30,Divorced,Diploma,Operations,Logistics Coordinator,1,Hyderabad,Full-Time,2023-11-04,True
E00169,Male,30,30-39,Married,PhD,Operations,Quality Analyst,4,Hyderabad,Full-Time,2024-10-31,False
E00170,Female,32,30-39,Married,Diploma,Finance,Accountant,4,Remote,Full-Time,2024-03-31,True
E00171,Female,35,30-39,Single,High School,Operations,Quality Analyst,4,Delhi,Full-Time,2022-02-08,False
E00172,Male,30,30-39,Married,Diploma,Customer Support,Support Agent,1,Delhi,Part-Time,2025-09-04,False
E00173,Male,31,30-39,Married,Master,Sales,Account Executive,1,Hyderabad,Full-Time,2024-08-27,True
E00174,Female,38,30-39,Married,Master,Finance,Financial Analyst,5,Mumbai,Full-Time,2023-12-09,True
E00175,Female,35,30-39,Married,Master,Customer Support,Support Agent,6,Hyderabad,Full-Time,2024-08-28,True
E00176,Female,42,40-49,Divorced,High School,Sales,Sales Executive,6,Chennai,Full-Time,2024-10-14,True
E00177,Male,34,30-39,Single,High School,Customer Support,Support Lead,3,Chennai,Part-Time,2022-05-13,True
E00178,Male,33,30-39,Married,PhD,Sales,Business Development,6,Hyderabad,Part-Time,2023-06-26,True
E00179,Female,26,Under 30,Single,PhD,IT,Data Analyst,2,Delhi,Full-Time,2022-10-29,True
E00180,Female,36,30-39,Married,PhD,Operations,Quality Analyst,4,Delhi,Full-Time,2023-03-31,True
E00181,Female,29,Under 30,Married,Bachelor,Human Resources,HR Analyst,1,Chennai,Full-Time,2024-06-14,True
E00182,Male,31,30-39,Married,High School,Marketing,SEO Specialist,3,Chennai,Full-Time,2021-06-22,True
E00183,Female,29,Under 30,Married,High School,Operations,Operations Analyst,2,Remote,Full-Time,2024-11-30,True
E00184,Female,37,30-39,Single,High School,Research & Development,Research Scientist,6,Bengaluru,Full-Time,2024-11-18,True
E00185,Male,37,30-39,Single,High School,Human Resources,HR Analyst,3,Delhi,Full-Time,2020-06-28,True
E00186,Female,37,30-39,Married,Master,Finance,Financial Analyst,7,Delhi,Full-Time,2025-08-29,True
E00187,Female,31,30-39,Married,Diploma,Customer Support,Support Lead,4,Mumbai,Full-Time,2021-06-01,True
E00188,Male,31,30-39,Married,High School,Operations,Quality Analyst,3,Mumbai,Full-Time,2020-10-03,True
E00189,Male,34,30-39,Married,PhD,Sales,Account Executive,6,Mumbai,Full-Time,2020-07-23,True
E00190,Female,38,30-39,Married,Diploma,Research & Development,Research Scientist,3,Bengaluru,Full-Time,2023-09-16,True
E00191,Female,34,30-39,Married,PhD,IT,Software Engineer,1,Chennai,Full-Time,2021-01-01,True
E00192,Male,34,30-39,Married,PhD,Sales,Account Executive,1,Mumbai,Full-Time,2022-09-27,True
E00193,Male,34,30-39,Married,Bachelor,IT,Software Engineer,5,Hyderabad,Full-Time,2023-03-10,True
E00194,Male,36,30-39,Married,Master,Human Resources,HR Analyst,5,Chennai,Full-Time,2024-06-16,True
E00195,Male,31,30-39,Single,Diploma,Sales,Business Development,3,Remote,Part-Time,2025-06-15,True
E00196,Male,29,Under 30,Married,Master,Research & Development,Product Engineer,1,Delhi,Full-Time,2021-02-16,True
E00197,Female,40,40-49,Divorced,High School,Customer Support,Support Lead,5,Remote,Full-Time,2025-11-05,True
E00198,Male,27,Under 30,Married,Bachelor,Marketing,Content Writer,1,Remote,Full-Time,2021-02-22,True
E00199,Male,28,Under 30,Single,Diploma,Research & Development,Research Scientist,2,Remote,Full-Time,2020-09-13,False
E00200,Female,26,Under 30,Single,Diploma,Operations,Logistics Coordinator,1,Mumbai,Full-Time,2023-04-21,False
E00201,Male,46,40-49,Married,High School,IT,Data Analyst,7,Remote,Contract,2024-04-18,True
E00202,Female,34,30-39,Single,Master,Sales,Business Development,1,Mumbai,Full-Time,2020-02-19,False
E00203,Male,40,40-49,Married,High School,IT,DevOps Engineer,5,Mumbai,Full-Time,2021-06-23,True
E00204,Male,35,30-39,Married,Master,Executive,COO,4,Hyderabad,Full-Time,2020-05-04,True
E00205,Female,33,30-39,Married,Master,IT,DevOps Engineer,3,Chennai,Full-Time,2021-04-26,True
E00206,Female,34,30-39,Married,Bachelor,Operations,Operations Analyst,6,Remote,Full-Time,2023-01-29,True
E00207,Female,39,30-39,Divorced,High School,Marketing,Marketing Analyst,5,Hyderabad,Full-Time,2020-07-07,True
E00208,Male,25,Under 30,Single,Bachelor,Operations,Quality Analyst,2,Remote,Full-Time,2025-04-01,False
E00209,Male,31,30-39,Single,Master,Operations,Operations Analyst,1,Mumbai,Contract,2020-05-25,True
E00210,Male,27,Under 30,Single,Bachelor,Customer Support,Support Lead,2,Delhi,Contract,2023-03-22,True
E00211,Female,35,30-39,Single,Diploma,Customer Support,Escalation Specialist,4,Remote,Full-Time,2024-10-20,True
E00212,Male,32,30-39,Married,Diploma,Marketing,SEO Specialist,3,Hyderabad,Full-Time,2024-10-12,False
E00213,Male,35,30-39,Single,Diploma,Customer Support,Support Lead,2,Remote,Full-Time,2023-10-09,True
E00214,Male,32,30-39,Married,Bachelor,Customer Support,Support Agent,2,Hyderabad,Full-Time,2024-04-21,False
E00215,Male,34,30-39,Married,Diploma,Operations,Quality Analyst,1,Mumbai,Full-Time,2025-12-07,True
E00216,Female,32,30-39,Married,Diploma,Sales,Sales Executive,1,Delhi,Full-Time,2024-03-25,True
E00217,Female,29,Under 30,Married,Master,Research & Development,Research Scientist,2,Bengaluru,Contract,2024-08-11,True
E00218,Male,23,Under 30,Single,PhD,Customer Support,Support Lead,1,Hyderabad,Full-Time,2022-11-14,False
E00219,Female,34,30-39,Married,High School,Operations,Operations Analyst,2,Mumbai,Full-Time,2021-02-13,True
E00220,Male,30,30-39,Single,Bachelor,IT,DevOps Engineer,3,Delhi,Full-Time,2024-01-18,True
E00221,Male,31,30-39,Single,Master,IT,DevOps Engineer,3,Remote,Full-Time,2025-03-18,True
E00222,Female,24,Under 30,Married,Bachelor,Finance,Accountant,1,Remote,Full-Time,2023-01-02,True
E00223,Female,29,Under 30,Married,PhD,Marketing,Marketing Analyst,3,Hyderabad,Full-Time,2021-09-28,True
E00224,Female,41,40-49,Single,High School,Operations,Operations Analyst,7,Bengaluru,Full-Time,2020-03-20,True
E00225,Female,27,Under 30,Married,Bachelor,IT,Software Engineer,1,Chennai,Full-Time,2023-08-10,False
E00226,Female,23,Under 30,Single,Bachelor,Customer Support,Support Lead,1,Hyderabad,Full-Time,2021-09-28,True
E00227,Female,38,30-39,Divorced,Bachelor,Sales,Business Development,4,Delhi,Full-Time,2025-12-24,False
E00228,Female,36,30-39,Married,High School,Customer Support,Support Lead,3,Delhi,Full-Time,2024-10-09,True
E00229,Female,34,30-39,Single,Bachelor,Sales,Account Executive,2,Hyderabad,Full-Time,2020-03-29,True
E00230,Male,25,Under 30,Married,Master,Customer Support,Escalation Specialist,1,Remote,Full-Time,2022-03-24,False
E00231,Male,30,30-39,Married,High School,Finance,Financial Analyst,4,Bengaluru,Full-Time,2024-04-27,True
E00232,Male,30,30-39,Married,High School,IT,Software Engineer,1,Chennai,Contract,2025-03-19,True
E00233,Female,39,30-39,Married,Diploma,Operations,Logistics Coordinator,4,Remote,Full-Time,2021-08-22,True
E00234,Female,30,30-39,Married,Master,IT,IT Support,1,Mumbai,Part-Time,2024-05-06,False
E00235,Female,26,Under 30,Married,Bachelor,Marketing,Marketing Analyst,2,Remote,Full-Time,2021-12-15,False
E00236,Male,31,30-39,Single,Diploma,Customer Support,Escalation Specialist,2,Mumbai,Full-Time,2025-06-09,True
E00237,Male,33,30-39,Single,High School,IT,DevOps Engineer,2,Mumbai,Full-Time,2020-04-14,False
E00238,Female,33,30-39,Single,Bachelor,Sales,Account Executive,3,Delhi,Full-Time,2025-01-19,True
E00239,Female,34,30-39,Married,Bachelor,Sales,Business Development,1,Bengaluru,Full-Time,2021-11-24,False
E00240,Male,36,30-39,Single,Bachelor,Marketing,SEO Specialist,2,Bengaluru,Full-Time,2022-11-27,True
E00241,Female,28,Under 30,Married,High School,IT,Software Engineer,2,Mumbai,Full-Time,2024-09-16,False
E00242,Male,33,30-39,Single,Diploma,IT,Software Engineer,4,Chennai,Full-Time,2023-01-23,True
E00243,Female,37,30-39,Married,High School,Operations,Logistics Coordinator,4,Hyderabad,Full-Time,2022-06-17,True
E00244,Female,34,30-39,Married,Master,Finance,Accountant,4,Chennai,Full-Time,2022-05-14,True
E00245,Female,28,Under 30,Married,Bachelor,Customer Support,Support Lead,2,Delhi,Full-Time,2020-07-01,True
E00246,Male,30,30-39,Married,PhD,Research & Development,Research Scientist,2,Bengaluru,Full-Time,2022-05-24,True
E00247,Female,42,40-49,Single,Diploma,Customer Support,Support Lead,6,Delhi,Full-Time,2020-06-05,True
E00248,Male,42,40-49,Married,Diploma,Sales,Account Executive,6,Delhi,Part-Time,2024-04-21,False
E00249,Male,34,30-39,Married,Master,Finance,Accountant,2,Mumbai,Full-Time,2020-09-19,True
E00250,Male,29,Under 30,Married,Bachelor,Executive,COO,2,Delhi,Full-Time,2022-06-23,True
E00251,Male,23,Under 30,Married,High School,Customer Support,Support Lead,1,Delhi,Full-Time,2020-02-03,False
E00252,Female,33,30-39,Married,Master,Research & Development,Research Scientist,3,Remote,Full-Time,2025-04-04,True
E00253,Female,33,30-39,Single,Master,Customer Support,Support Agent,3,Bengaluru,Full-Time,2023-06-27,True
E00254,Female,29,Under 30,Married,High School,Operations,Quality Analyst,2,Delhi,Full-Time,2023-08-05,True
E00255,Female,34,30-39,Married,Bachelor,Sales,Business Development,4,Bengaluru,Full-Time,2021-11-26,True
E00256,Female,38,30-39,Single,Bachelor,IT,Data Analyst,3,Hyderabad,Full-Time,2022-03-13,True
E00257,Male,24,Under 30,Married,Bachelor,Finance,Accountant,1,Hyderabad,Full-Time,2021-10-17,False
E00258,Female,33,30-39,Married,Diploma,Sales,Business Development,3,Bengaluru,Contract,2020-10-25,True
E00259,Female,33,30-39,Married,Diploma,Marketing,Content Writer,2,Remote,Full-Time,2023-06-20,True
E00260,Female,27,Under 30,Divorced,PhD,Sales,Account Executive,2,Chennai,Full-Time,2025-07-24,False
E00261,Male,31,30-39,Married,Bachelor,Marketing,Content Writer,1,Bengaluru,Full-Time,2025-11-28,True
E00262,Female,31,30-39,Married,Master,IT,DevOps Engineer,1,Hyderabad,Full-Time,2021-04-15,True
E00263,Female,31,30-39,Single,Master,Human Resources,HR Analyst,1,Remote,Full-Time,2022-10-30,True
E00264,Female,34,30-39,Divorced,Bachelor,Finance,Accountant,1,Bengaluru,Full-Time,2025-07-10,True
E00265,Male,36,30-39,Married,Bachelor,Human Resources,Recruiter,6,Chennai,Full-Time,2024-08-29,True
E00266,Male,28,Under 30,Married,PhD,Marketing,Content Writer,1,Chennai,Full-Time,2022-03-25,True
E00267,Male,43,40-49,Married,Diploma,Human Resources,HR Analyst,6,Chennai,Full-Time,2023-06-24,True
E00268,Female,25,Under 30,Single,High School,Research & Development,Research Scientist,1,Mumbai,Full-Time,2021-11-22,True
E00269,Male,34,30-39,Married,Master,Operations,Logistics Coordinator,3,Delhi,Full-Time,2025-03-31,True
E00270,Female,35,30-39,Single,PhD,Customer Support,Support Lead,4,Hyderabad,Full-Time,2023-10-02,True
E00271,Male,34,30-39,Married,High School,Operations,Logistics Coordinator,1,Bengaluru,Full-Time,2021-08-15,True
E00272,Male,32,30-39,Single,PhD,Customer Support,Support Agent,2,Hyderabad,Part-Time,2025-08-12,True
E00273,Female,40,40-49,Divorced,Master,Human Resources,HR Analyst,4,Chennai,Full-Time,2020-04-21,True
E00274,Female,35,30-39,Divorced,Master,Executive,COO,2,Chennai,Full-Time,2025-04-25,True
E00275,Female,30,30-39,Single,Diploma,IT,Data Analyst,2,Hyderabad,Full-Time,2022-02-10,True
E00276,Male,23,Under 30,Married,Master,Operations,Logistics Coordinator,1,Bengaluru,Full-Time,2022-04-21,True
E00277,Male,31,30-39,Married,Master,Finance,Credit Analyst,3,Hyderabad,Full-Time,2021-02-01,True
E00278,Female,38,30-39,Married,Bachelor,Research & Development,Product Engineer,3,Delhi,Full-Time,2023-10-01,True
E00279,Male,29,Under 30,Married,Master,Marketing,Marketing Analyst,4,Mumbai,Full-Time,2024-09-02,True
E00280,Female,38,30-39,Married,High School,Research & Development,Data Scientist,5,Bengaluru,Full-Time,2023-11-22,True
E00281,Female,34,30-39,Single,High School,Operations,Logistics Coordinator,1,Chennai,Full-Time,2024-02-06,True
E00282,Female,42,40-49,Married,Bachelor,Sales,Account Executive,7,Delhi,Full-Time,2025-04-27,True
E00283,Female,27,Under 30,Married,Diploma,Operations,Quality Analyst,2,Bengaluru,Full-Time,2022-08-02,True
E00284,Female,36,30-39,Married,Master,Human Resources,HR Analyst,5,Chennai,Full-Time,2022-06-12,True
E00285,Female,36,30-39,Single,PhD,Operations,Logistics Coordinator,5,Hyderabad,Full-Time,2025-01-16,False
E00286,Male,32,30-39,Divorced,Bachelor,Sales,Account Executive,5,Delhi,Full-Time,2025-10-18,True
E00287,Male,30,30-39,Married,Master,Operations,Quality Analyst,2,Chennai,Full-Time,2024-12-13,True
E00288,Male,37,30-39,Married,Diploma,Sales,Sales Executive,3,Delhi,Full-Time,2020-12-30,True
E00289,Male,33,30-39,Single,Bachelor,Customer Support,Support Agent,3,Bengaluru,Full-Time,2024-03-14,False
E00290,Female,31,30-39,Married,High School,Finance,Financial Analyst,4,Hyderabad,Full-Time,2023-10-23,True
E00291,Female,36,30-39,Single,High School,Finance,Credit Analyst,4,Mumbai,Full-Time,2022-10-24,True
E00292,Female,27,Under 30,Married,Master,Marketing,Marketing Analyst,1,Delhi,Full-Time,2020-10-19,True
E00293,Female,30,30-39,Married,Diploma,Operations,Quality Analyst,1,Remote,Full-Time,2024-04-13,False
E00294,Female,38,30-39,Married,Bachelor,Operations,Quality Analyst,6,Mumbai,Full-Time,2024-01-19,True
E00295,Female,32,30-39,Single,High School,Research & Development,Data Scientist,3,Hyderabad,Full-Time,2024-08-18,True
E00296,Female,32,30-39,Single,PhD,Operations,Operations Analyst,1,Remote,Full-Time,2025-07-21,True
E00297,Female,42,40-49,Single,High School,IT,DevOps Engineer,7,Mumbai,Full-Time,2023-07-06,True
E00298,Male,26,Under 30,Married,High School,Finance,Credit Analyst,1,Remote,Contract,2023-09-12,True
E00299,Female,37,30-39,Married,High School,Operations,Operations Analyst,5,Delhi,Part-Time,2021-08-10,True
E00300,Female,44,40-49,Married,PhD,Human Resources,Recruiter,6,Bengaluru,Full-Time,2024-02-07,True
E00301,Female,25,Under 30,Married,Master,Operations,Logistics Coordinator,2,Delhi,Contract,2020-08-26,True
E00302,Male,30,30-39,Married,Bachelor,Sales,Account Executive,4,Remote,Full-Time,2025-07-26,True
E00303,Female,36,30-39,Single,PhD,Human Resources,HR Analyst,2,Delhi,Full-Time,2021-02-06,False
E00304,Female,29,Under 30,Married,High School,Operations,Quality Analyst,3,Delhi,Full-Time,2025-04-18,False
E00305,Male,31,30-39,Single,High School,Human Resources,HR Analyst,2,Remote,Full-Time,2020-10-27,True
E00306,Female,38,30-39,Married,High School,IT,Data Analyst,7,Chennai,Full-Time,2022-04-14,False
E00307,Female,27,Under 30,Divorced,PhD,Marketing,Content Writer,3,Mumbai,Full-Time,2025-05-06,True
E00308,Male,44,40-49,Divorced,High School,Sales,Business Development,7,Hyderabad,Full-Time,2022-07-17,True
E00309,Female,40,40-49,Married,High School,Marketing,Content Writer,4,Chennai,Full-Time,2023-02-08,False
E00310,Female,35,30-39,Single,PhD,Human Resources,Recruiter,5,Remote,Full-Time,2024-02-20,True
E00311,Female,34,30-39,Single,Bachelor,Operations,Operations Analyst,1,Hyderabad,Full-Time,2022-09-23,False
E00312,Male,42,40-49,Single,PhD,Operations,Operations Analyst,6,Mumbai,Full-Time,2021-12-19,True
E00313,Female,27,Under 30,Married,Master,Customer Support,Escalation Specialist,1,Hyderabad,Full-Time,2025-07-26,True
E00314,Male,37,30-39,Married,PhD,Operations,Logistics Coordinator,3,Chennai,Full-Time,2024-12-01,True
E00315,Male,28,Under 30,Married,High School,Sales,Account Executive,3,Bengaluru,Full-Time,2023-07-27,False
E00316,Female,39,30-39,Married,Bachelor,Human Resources,HR Analyst,4,Delhi,Full-Time,2020-05-23,True
E00317,Male,26,Under 30,Single,Master,IT,Data Analyst,1,Remote,Full-Time,2023-10-09,True
E00318,Female,37,30-39,Single,Master,Research & Development,Data Scientist,3,Bengaluru,Full-Time,2025-01-09,False
E00319,Male,31,30-39,Married,Bachelor,Sales,Account Executive,3,Hyderabad,Full-Time,2024-04-24,True
E00320,Male,33,30-39,Married,Diploma,Marketing,SEO Specialist,4,Delhi,Full-Time,2025-01-31,True
E00321,Female,27,Under 30,Married,Master,IT,Software Engineer,2,Remote,Full-Time,2021-03-28,True
E00322,Male,27,Under 30,Married,Bachelor,Operations,Operations Analyst,2,Hyderabad,Full-Time,2020-11-30,True
E00323,Male,31,30-39,Married,Master,Marketing,Content Writer,1,Delhi,Part-Time,2021-10-30,True
E00324,Male,33,30-39,Married,High School,Human Resources,Recruiter,3,Mumbai,Full-Time,2024-12-14,True
E00325,Male,33,30-39,Married,PhD,Marketing,SEO Specialist,2,Bengaluru,Full-Time,2024-01-05,False
E00326,Male,32,30-39,Married,Diploma,Sales,Sales Executive,3,Delhi,Full-Time,2020-09-24,True
E00327,Female,31,30-39,Married,Bachelor,Marketing,SEO Specialist,3,Hyderabad,Full-Time,2020-10-01,True
E00328,Female,36,30-39,Married,Diploma,Sales,Sales Executive,5,Delhi,Full-Time,2023-06-24,True
E00329,Female,34,30-39,Single,High School,Customer Support,Support Lead,4,Delhi,Part-Time,2022-11-12,True
E00330,Male,41,40-49,Single,Master,Sales,Sales Executive,7,Chennai,Full-Time,2022-04-22,True
E00331,Male,31,30-39,Married,Bachelor,Sales,Sales Executive,5,Chennai,Full-Time,2023-01-10,False
E00332,Female,42,40-49,Married,High School,IT,Software Engineer,5,Remote,Full-Time,2022-09-14,True
E00333,Male,32,30-39,Married,High School,IT,IT Support,4,Bengaluru,Full-Time,2023-08-12,True
E00334,Male,34,30-39,Single,High School,IT,DevOps Engineer,1,Bengaluru,Full-Time,2023-08-02,True
E00335,Female,31,30-39,Married,Master,Operations,Logistics Coordinator,3,Delhi,Full-Time,2022-01-07,False
E00336,Male,40,40-49,Single,Bachelor,IT,Software Engineer,4,Remote,Part-Time,2025-05-14,True
E00337,Male,35,30-39,Married,PhD,Operations,Logistics Coordinator,5,Mumbai,Full-Time,2022-06-10,True
E00338,Male,29,Under 30,Married,High School,Marketing,SEO Specialist,3,Bengaluru,Full-Time,2023-02-18,True
E00339,Male,35,30-39,Married,Master,Sales,Business Development,3,Remote,Full-Time,2025-01-22,True
E00340,Female,32,30-39,Single,PhD,Customer Support,Support Agent,3,Hyderabad,Full-Time,2021-03-19,True
E00341,Female,33,30-39,Married,Master,Human Resources,HR Generalist,4,Delhi,Full-Time,2022-07-22,True
E00342,Female,40,40-49,Married,Bachelor,Sales,Sales Executive,4,Delhi,Full-Time,2024-10-15,True
E00343,Female,35,30-39,Married,Bachelor,Research & Development,Research Scientist,3,Remote,Full-Time,2024-04-24,True
E00344,Female,43,40-49,Married,PhD,Sales,Business Development,6,Remote,Full-Time,2020-09-18,True
E00345,Female,26,Under 30,Married,Master,IT,DevOps Engineer,2,Delhi,Full-Time,2021-05-22,True
E00346,Female,34,30-39,Married,PhD,Sales,Sales Executive,2,Hyderabad,Full-Time,2020-05-15,False
E00347,Male,33,30-39,Married,Diploma,Research & Development,Research Scientist,2,Bengaluru,Full-Time,2020-08-07,True
E00348,Female,34,30-39,Married,PhD,Sales,Account Executive,5,Bengaluru,Contract,2022-01-09,False
E00349,Female,27,Under 30,Married,High School,Research & Development,Product Engineer,2,Remote,Full-Time,2021-04-05,False
E00350,Male,36,30-39,Divorced,Diploma,IT,IT Support,2,Hyderabad,Full-Time,2023-01-12,True
E00351,Female,39,30-39,Married,Bachelor,Customer Support,Support Lead,4,Remote,Full-Time,2021-08-23,True
E00352,Male,31,30-39,Single,Bachelor,Human Resources,HR Generalist,1,Mumbai,Part-Time,2024-10-07,False
E00353,Female,36,30-39,Married,High School,Customer Support,Support Agent,2,Bengaluru,Full-Time,2022-01-29,True
E00354,Female,29,Under 30,Single,High School,Finance,Financial Analyst,2,Mumbai,Full-Time,2024-02-05,True
E00355,Female,31,30-39,Married,PhD,IT,Data Analyst,4,Chennai,Full-Time,2022-09-14,True
E00356,Male,34,30-39,Divorced,Diploma,IT,Data Analyst,3,Chennai,Full-Time,2025-08-22,True
E00357,Male,32,30-39,Married,High School,Marketing,Marketing Analyst,5,Delhi,Full-Time,2020-01-01,False
E00358,Female,28,Under 30,Married,Diploma,Sales,Business Development,1,Remote,Full-Time,2022-06-01,True
E00359,Male,34,30-39,Single,Master,Operations,Logistics Coordinator,3,Bengaluru,Full-Time,2024-05-02,True
E00360,Female,25,Under 30,Married,Bachelor,Customer Support,Escalation Specialist,1,Chennai,Full-Time,2020-06-11,True
E00361,Female,27,Under 30,Single,Diploma,Human Resources,HR Analyst,2,Remote,Full-Time,2021-07-24,False
E00362,Male,33,30-39,Married,High School,Customer Support,Support Agent,5,Mumbai,Part-Time,2022-06-18,True
E00363,Male,37,30-39,Married,High School,Marketing,Marketing Analyst,4,Remote,Full-Time,2023-09-28,True
E00364,Female,34,30-39,Married,Bachelor,Operations,Operations Analyst,2,Hyderabad,Full-Time,2022-05-03,False
E00365,Male,29,Under 30,Single,Master,Operations,Quality Analyst,2,Mumbai,Full-Time,2024-10-05,True
E00366,Female,33,30-39,Married,PhD,Finance,Accountant,2,Bengaluru,Full-Time,2021-05-08,False
E00367,Female,36,30-39,Married,Diploma,Human Resources,HR Analyst,7,Mumbai,Full-Time,2021-05-29,True
E00368,Female,31,30-39,Married,Bachelor,Operations,Operations Analyst,2,Hyderabad,Full-Time,2020-04-18,True
E00369,Female,32,30-39,Single,PhD,Sales,Account Executive,4,Bengaluru,Full-Time,2022-09-06,True
E00370,Female,34,30-39,Married,Diploma,IT,DevOps Engineer,2,Delhi,Full-Time,2025-11-10,True
E00371,Female,24,Under 30,Single,Diploma,Customer Support,Escalation Specialist,1,Delhi,Full-Time,2023-07-20,True
E00372,Male,29,Under 30,Divorced,PhD,Human Resources,Recruiter,2,Chennai,Contract,2020-10-09,True
E00373,Female,30,30-39,Married,Diploma,Human Resources,Recruiter,1,Mumbai,Full-Time,2020-09-28,True
E00374,Male,39,30-39,Married,Diploma,Operations,Operations Analyst,6,Delhi,Full-Time,2024-11-21,False
E00375,Female,46,40-49,Single,Diploma,IT,IT Support,7,Hyderabad,Full-Time,2023-09-17,True
E00376,Female,31,30-39,Married,Diploma,Customer Support,Escalation Specialist,1,Hyderabad,Full-Time,2022-03-04,True
E00377,Male,44,40-49,Married,Diploma,Customer Support,Escalation Specialist,6,Bengaluru,Full-Time,2023-01-06,True
E00378,Female,37,30-39,Married,Diploma,Marketing,SEO Specialist,3,Hyderabad,Full-Time,2020-04-06,True
E00379,Female,43,40-49,Married,PhD,Sales,Sales Executive,6,Chennai,Full-Time,2023-05-23,True
E00380,Male,28,Under 30,Single,PhD,IT,DevOps Engineer,1,Mumbai,Full-Time,2020-03-01,True
E00381,Female,38,30-39,Married,Bachelor,Customer Support,Support Lead,4,Mumbai,Full-Time,2021-08-23,True
E00382,Female,27,Under 30,Married,High School,Human Resources,HR Analyst,1,Bengaluru,Full-Time,2024-05-21,False
E00383,Male,33,30-39,Single,High School,Customer Support,Support Lead,1,Chennai,Full-Time,2024-03-18,False
E00384,Female,34,30-39,Single,PhD,Sales,Account Executive,6,Bengaluru,Full-Time,2025-08-02,True
E00385,Male,35,30-39,Single,Diploma,Operations,Logistics Coordinator,2,Chennai,Full-Time,2021-05-25,True
E00386,Female,44,40-49,Divorced,Diploma,Human Resources,HR Generalist,6,Chennai,Full-Time,2025-12-04,True
E00387,Male,31,30-39,Single,Master,IT,Data Analyst,4,Mumbai,Part-Time,2022-07-29,True
E00388,Male,31,30-39,Married,High School,Operations,Logistics Coordinator,1,Delhi,Full-Time,2023-11-28,True
E00389,Female,25,Under 30,Divorced,High School,Customer Support,Support Lead,1,Hyderabad,Full-Time,2024-12-06,False
E00390,Female,35,30-39,Married,Master,Marketing,Marketing Analyst,4,Mumbai,Full-Time,2020-11-28,True
E00391,Female,34,30-39,Married,Bachelor,Marketing,SEO Specialist,3,Hyderabad,Full-Time,2023-06-05,True
E00392,Male,31,30-39,Married,Bachelor,Customer Support,Support Agent,3,Delhi,Full-Time,2022-03-20,False
E00393,Female,32,30-39,Married,Bachelor,Research & Development,Data Scientist,2,Chennai,Full-Time,2020-01-04,True
E00394,Male,32,30-39,Married,Diploma,IT,Software Engineer,4,Mumbai,Full-Time,2024-09-21,True
E00395,Female,39,30-39,Single,Bachelor,Human Resources,HR Analyst,7,Chennai,Full-Time,2025-02-15,True
E00396,Female,28,Under 30,Married,Bachelor,Operations,Logistics Coordinator,2,Delhi,Full-Time,2022-01-31,True
E00397,Male,35,30-39,Single,Diploma,Marketing,Marketing Analyst,6,Chennai,Full-Time,2025-04-21,True
E00398,Male,30,30-39,Married,PhD,Human Resources,HR Generalist,4,Hyderabad,Full-Time,2020-09-06,True
E00399,Male,40,40-49,Single,PhD,Human Resources,Recruiter,5,Delhi,Full-Time,2021-08-01,True
E00400,Female,27,Under 30,Married,High School,Customer Support,Support Lead,1,Bengaluru,Full-Time,2025-06-04,True
E00401,Male,31,30-39,Divorced,PhD,IT,IT Support,3,Delhi,Full-Time,2020-02-06,True
E00402,Male,32,30-39,Married,PhD,Operations,Quality Analyst,3,Bengaluru,Full-Time,2025-09-26,True
E00403,Male,27,Under 30,Single,Bachelor,Customer Support,Escalation Specialist,2,Chennai,Full-Time,2020-01-02,False
E00404,Female,30,30-39,Married,Bachelor,Customer Support,Support Lead,3,Bengaluru,Full-Time,2023-11-14,True
E00405,Male,34,30-39,Married,PhD,Sales,Account Executive,4,Bengaluru,Full-Time,2025-04-26,True
E00406,Male,33,30-39,Married,Diploma,Sales,Business Development,3,Chennai,Full-Time,2021-03-18,True
E00407,Male,40,40-49,Single,Bachelor,Human Resources,HR Generalist,4,Chennai,Full-Time,2023-11-13,True
E00408,Male,29,Under 30,Married,PhD,Operations,Operations Analyst,2,Delhi,Full-Time,2021-03-11,True
E00409,Male,28,Under 30,Single,High School,IT,DevOps Engineer,2,Delhi,Full-Time,2021-05-26,True
E00410,Male,29,Under 30,Single,Diploma,Marketing,Content Writer,4,Hyderabad,Full-Time,2021-12-08,True
E00411,Male,31,30-39,Married,PhD,Marketing,SEO Specialist,3,Delhi,Full-Time,2022-06-14,True
E00412,Female,25,Under 30,Married,Diploma,Marketing,Content Writer,1,Bengaluru,Contract,2023-01-21,False
E00413,Male,30,30-39,Married,Master,Operations,Operations Analyst,3,Delhi,Full-Time,2021-12-13,True
E00414,Male,36,30-39,Single,Diploma,Research & Development,Product Engineer,2,Hyderabad,Full-Time,2021-04-28,False
E00415,Male,28,Under 30,Married,Master,Sales,Business Development,3,Chennai,Full-Time,2021-10-08,False
E00416,Female,25,Under 30,Divorced,High School,Operations,Logistics Coordinator,1,Remote,Full-Time,2020-09-12,True
E00417,Male,31,30-39,Single,Bachelor,Customer Support,Support Agent,3,Hyderabad,Full-Time,2020-09-02,True
E00418,Female,28,Under 30,Married,High School,IT,IT Support,2,Delhi,Full-Time,2024-10-29,False
E00419,Female,26,Under 30,Married,PhD,Sales,Account Executive,2,Delhi,Full-Time,2020-02-12,True
E00420,Male,25,Under 30,Married,Bachelor,Customer Support,Escalation Specialist,2,Chennai,Full-Time,2020-01-26,True
E00421,Female,28,Under 30,Married,Bachelor,Operations,Logistics Coordinator,1,Hyderabad,Full-Time,2024-04-30,True
E00422,Female,34,30-39,Married,Diploma,Human Resources,HR Generalist,4,Remote,Full-Time,2020-10-03,True
E00423,Female,38,30-39,Married,Diploma,Finance,Accountant,4,Mumbai,Full-Time,2023-12-19,True
E00424,Male,34,30-39,Married,Diploma,Sales,Account Executive,5,Chennai,Full-Time,2021-06-08,True
E00425,Female,33,30-39,Married,High School,Operations,Operations Analyst,3,Bengaluru,Full-Time,2023-08-09,True
E00426,Female,27,Under 30,Married,Master,Finance,Financial Analyst,3,Hyderabad,Full-Time,2020-05-30,True
E00427,Female,36,30-39,Single,Diploma,Sales,Account Executive,2,Bengaluru,Full-Time,2023-11-14,False
E00428,Female,27,Under 30,Married,PhD,IT,Software Engineer,2,Hyderabad,Full-Time,2022-10-25,False
E00429,Female,29,Under 30,Married,Bachelor,Finance,Financial Analyst,2,Chennai,Full-Time,2024-10-25,True
E00430,Male,34,30-39,Married,Master,Customer Support,Support Lead,4,Bengaluru,Full-Time,2022-11-18,False
E00431,Female,24,Under 30,Single,High School,Sales,Business Development,1,Bengaluru,Full-Time,2021-08-25,True
E00432,Male,46,40-49,Married,Master,Marketing,Marketing Analyst,7,Bengaluru,Full-Time,2024-10-02,True
E00433,Male,33,30-39,Married,Diploma,IT,IT Support,5,Delhi,Full-Time,2023-07-06,True
E00434,Female,35,30-39,Married,PhD,Customer Support,Support Lead,4,Bengaluru,Full-Time,2024-05-18,True
E00435,Female,31,30-39,Married,PhD,Operations,Operations Analyst,4,Hyderabad,Full-Time,2023-10-28,True
E00436,Male,29,Under 30,Married,PhD,Operations,Logistics Coordinator,4,Chennai,Full-Time,2021-07-22,True
E00437,Male,31,30-39,Married,PhD,IT,Data Analyst,4,Hyderabad,Full-Time,2023-05-24,True
E00438,Male,40,40-49,Married,PhD,Operations,Quality Analyst,4,Hyderabad,Full-Time,2025-06-09,True
E00439,Male,27,Under 30,Single,High School,Customer Support,Escalation Specialist,3,Hyderabad,Full-Time,2024-01-18,True
E00440,Male,44,40-49,Single,Master,Customer Support,Support Agent,6,Bengaluru,Contract,2022-11-01,True
E00441,Male,29,Under 30,Married,High School,Sales,Business Development,3,Mumbai,Contract,2021-09-17,True
E00442,Female,44,40-49,Single,Bachelor,Customer Support,Support Agent,7,Hyderabad,Full-Time,2022-05-05,True
E00443,Male,25,Under 30,Married,High School,Human Resources,HR Generalist,2,Bengaluru,Full-Time,2025-10-16,True
E00444,Female,29,Under 30,Married,PhD,Sales,Account Executive,2,Mumbai,Full-Time,2023-04-06,True
E00445,Female,29,Under 30,Married,Master,Customer Support,Support Lead,3,Hyderabad,Full-Time,2023-02-20,True
E00446,Male,32,30-39,Married,PhD,Operations,Quality Analyst,4,Hyderabad,Full-Time,2021-07-09,True
E00447,Female,38,30-39,Married,Bachelor,Human Resources,Recruiter,3,Chennai,Full-Time,2020-02-28,True
E00448,Female,29,Under 30,Married,PhD,Operations,Operations Analyst,3,Bengaluru,Full-Time,2024-12-07,True
E00449,Female,27,Under 30,Married,Diploma,Operations,Operations Analyst,2,Remote,Full-Time,2023-05-05,True
E00450,Female,36,30-39,Single,Diploma,Human Resources,HR Generalist,4,Bengaluru,Part-Time,2020-02-23,True
E00451,Male,36,30-39,Single,Bachelor,IT,Software Engineer,3,Delhi,Full-Time,2020-01-15,True
E00452,Female,39,30-39,Married,PhD,IT,IT Support,5,Chennai,Full-Time,2021-08-18,True
E00453,Female,32,30-39,Single,Diploma,Finance,Credit Analyst,1,Mumbai,Full-Time,2025-01-07,True
E00454,Female,38,30-39,Married,High School,Finance,Financial Analyst,3,Mumbai,Full-Time,2021-09-09,True
E00455,Female,35,30-39,Single,Master,Research & Development,Product Engineer,3,Chennai,Full-Time,2023-05-05,True
E00456,Male,33,30-39,Single,PhD,Customer Support,Support Agent,6,Mumbai,Full-Time,2020-02-02,True
E00457,Male,33,30-39,Married,Bachelor,Sales,Account Executive,3,Bengaluru,Full-Time,2020-04-13,True
E00458,Male,32,30-39,Married,High School,Operations,Quality Analyst,4,Mumbai,Full-Time,2025-02-14,True
E00459,Male,25,Under 30,Married,High School,IT,DevOps Engineer,2,Mumbai,Full-Time,2021-08-20,True
E00460,Male,33,30-39,Married,Master,Sales,Account Executive,5,Mumbai,Full-Time,2022-08-20,False
E00461,Female,23,Under 30,Single,Master,Operations,Operations Analyst,1,Chennai,Full-Time,2020-04-05,False
E00462,Female,31,30-39,Married,PhD,IT,Data Analyst,3,Chennai,Full-Time,2022-08-07,True
E00463,Female,27,Under 30,Single,Bachelor,IT,Data Analyst,3,Bengaluru,Full-Time,2023-06-02,True
E00464,Female,35,30-39,Married,Bachelor,Finance,Financial Analyst,2,Hyderabad,Full-Time,2025-03-07,False
E00465,Male,36,30-39,Single,PhD,Sales,Account Executive,3,Bengaluru,Full-Time,2023-03-27,True
E00466,Male,45,40-49,Married,Master,Customer Support,Support Agent,7,Delhi,Part-Time,2024-04-11,True
E00467,Male,30,30-39,Married,Bachelor,IT,IT Support,4,Bengaluru,Full-Time,2022-03-27,True
E00468,Male,37,30-39,Single,Master,Marketing,Content Writer,5,Chennai,Full-Time,2023-07-22,True
E00469,Female,34,30-39,Married,Diploma,Finance,Accountant,5,Hyderabad,Full-Time,2025-12-10,True
E00470,Female,32,30-39,Married,PhD,IT,Data Analyst,2,Delhi,Full-Time,2025-05-11,True
E00471,Male,27,Under 30,Divorced,PhD,Finance,Credit Analyst,3,Chennai,Full-Time,2020-08-16,True
E00472,Male,30,30-39,Married,Master,Research & Development,Data Scientist,4,Delhi,Full-Time,2020-06-23,True
E00473,Female,40,40-49,Single,Bachelor,Customer Support,Escalation Specialist,4,Hyderabad,Full-Time,2024-02-12,False
E00474,Female,31,30-39,Single,Master,Customer Support,Support Agent,4,Hyderabad,Full-Time,2025-06-08,True
E00475,Male,33,30-39,Married,High School,Finance,Accountant,3,Remote,Full-Time,2024-11-05,True
E00476,Female,39,30-39,Married,High School,IT,Data Analyst,4,Remote,Full-Time,2022-05-17,True
E00477,Male,23,Under 30,Married,Bachelor,Marketing,Content Writer,1,Bengaluru,Full-Time,2022-03-09,True
E00478,Male,32,30-39,Married,High School,Customer Support,Support Agent,3,Bengaluru,Full-Time,2022-06-13,True
E00479,Female,32,30-39,Married,Master,Operations,Quality Analyst,1,Mumbai,Full-Time,2020-10-14,False
E00480,Female,28,Under 30,Single,Master,Operations,Quality Analyst,1,Delhi,Full-Time,2022-07-14,False
E00481,Male,27,Under 30,Single,Master,Research & Development,Data Scientist,3,Hyderabad,Full-Time,2023-01-06,True
E00482,Male,28,Under 30,Married,Bachelor,Research & Development,Data Scientist,3,Hyderabad,Full-Time,2024-03-28,True
E00483,Male,35,30-39,Married,Bachelor,Customer Support,Escalation Specialist,3,Delhi,Full-Time,2020-01-23,True
E00484,Male,27,Under 30,Married,Bachelor,Customer Support,Escalation Specialist,1,Mumbai,Full-Time,2022-12-17,False
E00485,Female,37,30-39,Married,PhD,IT,Data Analyst,4,Chennai,Full-Time,2021-05-26,True
E00486,Female,28,Under 30,Married,PhD,Operations,Logistics Coordinator,3,Mumbai,Full-Time,2021-08-31,True
E00487,Female,28,Under 30,Married,Bachelor,Finance,Financial Analyst,2,Hyderabad,Full-Time,2024-05-01,True
E00488,Male,37,30-39,Married,Bachelor,Research & Development,Data Scientist,6,Remote,Contract,2021-03-15,True
E00489,Female,34,30-39,Married,High School,Customer Support,Escalation Specialist,4,Delhi,Full-Time,2023-07-21,False
E00490,Female,33,30-39,Single,High School,Finance,Credit Analyst,5,Hyderabad,Part-Time,2021-01-21,False
E00491,Male,30,30-39,Married,Bachelor,Sales,Account Executive,2,Chennai,Full-Time,2023-05-02,True
E00492,Male,29,Under 30,Married,High School,Customer Support,Support Lead,1,Delhi,Full-Time,2021-06-30,True
E00493,Female,38,30-39,Married,Diploma,Customer Support,Escalation Specialist,3,Chennai,Full-Time,2020-08-19,False
E00494,Male,30,30-39,Married,PhD,Human Resources,HR Generalist,3,Hyderabad,Full-Time,2022-04-23,True
E00495,Female,39,30-39,Divorced,Bachelor,Human Resources,HR Analyst,4,Mumbai,Full-Time,2020-08-31,False
E00496,Male,26,Under 30,Single,Bachelor,Human Resources,Recruiter,2,Mumbai,Full-Time,2020-06-10,True
E00497,Female,39,30-39,Divorced,Master,Marketing,SEO Specialist,5,Chennai,Full-Time,2020-04-05,True
E00498,Male,41,40-49,Single,Diploma,Operations,Operations Analyst,7,Delhi,Full-Time,2024-11-11,True
E00499,Female,23,Under 30,Married,High School,Sales,Account Executive,1,Mumbai,Full-Time,2020-09-17,False
E00500,Female,33,30-39,Single,PhD,Operations,Operations Analyst,4,Delhi,Full-Time,2023-12-26,True
E00501,Female,42,40-49,Married,Master,Sales,Account Executive,6,Chennai,Full-Time,2024-09-14,True
E00502,Male,32,30-39,Married,Master,Sales,Account Executive,2,Delhi,Full-Time,2024-06-25,True
E00503,Male,30,30-39,Single,PhD,Marketing,SEO Specialist,1,Hyderabad,Full-Time,2021-04-23,True
E00504,Female,28,Under 30,Married,Master,Research & Development,Research Scientist,2,Chennai,Full-Time,2020-02-28,True
E00505,Female,30,30-39,Married,Master,Executive,CFO,1,Hyderabad,Full-Time,2021-08-11,False
E00506,Female,36,30-39,Single,Diploma,Operations,Logistics Coordinator,4,Delhi,Full-Time,2020-06-04,True
E00507,Female,31,30-39,Married,Master,Customer Support,Escalation Specialist,2,Chennai,Full-Time,2024-01-18,False
E00508,Male,32,30-39,Married,Bachelor,Customer Support,Support Agent,4,Delhi,Full-Time,2023-02-03,True
E00509,Female,36,30-39,Single,Bachelor,Research & Development,Research Scientist,6,Mumbai,Full-Time,2025-11-09,False
E00510,Male,31,30-39,Married,Diploma,Operations,Operations Analyst,4,Chennai,Full-Time,2024-03-21,False
E00511,Male,39,30-39,Single,Diploma,Sales,Account Executive,7,Mumbai,Full-Time,2024-01-14,True
E00512,Male,44,40-49,Married,PhD,Customer Support,Support Agent,6,Hyderabad,Full-Time,2021-12-04,True
E00513,Male,33,30-39,Married,Diploma,Finance,Financial Analyst,3,Remote,Full-Time,2025-07-24,True
E00514,Male,24,Under 30,Married,Diploma,Research & Development,Data Scientist,1,Mumbai,Full-Time,2020-08-26,True
E00515,Female,33,30-39,Married,Bachelor,Operations,Quality Analyst,1,Chennai,Full-Time,2022-03-16,False
E00516,Male,28,Under 30,Single,PhD,Operations,Operations Analyst,2,Remote,Full-Time,2022-12-16,True
E00517,Male,29,Under 30,Married,PhD,Customer Support,Support Lead,1,Hyderabad,Full-Time,2023-12-29,True
E00518,Female,28,Under 30,Married,Bachelor,IT,DevOps Engineer,2,Bengaluru,Full-Time,2024-05-03,False
E00519,Female,36,30-39,Married,Bachelor,Sales,Business Development,5,Hyderabad,Full-Time,2022-10-19,True
E00520,Male,30,30-39,Married,Master,Customer Support,Support Agent,2,Remote,Full-Time,2022-07-07,True
E00521,Male,38,30-39,Single,Master,Operations,Operations Analyst,3,Bengaluru,Full-Time,2021-03-08,True
E00522,Male,34,30-39,Married,PhD,Operations,Logistics Coordinator,4,Bengaluru,Full-Time,2022-08-21,True
E00523,Male,34,30-39,Married,High School,Marketing,SEO Specialist,4,Bengaluru,Full-Time,2020-04-02,True
E00524,Female,32,30-39,Married,Master,Human Resources,Recruiter,4,Bengaluru,Full-Time,2022-12-28,True
E00525,Female,34,30-39,Married,Bachelor,IT,IT Support,2,Chennai,Full-Time,2024-01-19,True
E00526,Male,34,30-39,Divorced,Diploma,Operations,Operations Analyst,2,Mumbai,Full-Time,2021-09-21,True
E00527,Male,33,30-39,Married,Bachelor,Operations,Logistics Coordinator,1,Delhi,Full-Time,2022-11-23,True
E00528,Male,27,Under 30,Single,Master,Finance,Financial Analyst,3,Hyderabad,Full-Time,2022-07-23,True
E00529,Female,27,Under 30,Married,Bachelor,Customer Support,Support Agent,2,Remote,Part-Time,2020-05-24,False
E00530,Female,28,Under 30,Married,Master,Operations,Operations Analyst,3,Delhi,Full-Time,2024-05-12,True
E00531,Female,32,30-39,Married,High School,IT,DevOps Engineer,4,Remote,Part-Time,2021-10-04,True
E00532,Male,34,30-39,Married,PhD,Finance,Credit Analyst,3,Chennai,Full-Time,2023-03-04,True
E00533,Female,28,Under 30,Married,Bachelor,Customer Support,Escalation Specialist,3,Mumbai,Full-Time,2020-05-07,True
E00534,Male,29,Under 30,Married,Bachelor,Human Resources,HR Generalist,2,Mumbai,Part-Time,2025-07-30,True
E00535,Male,28,Under 30,Single,Master,Customer Support,Escalation Specialist,3,Hyderabad,Full-Time,2024-12-26,True
E00536,Female,29,Under 30,Married,PhD,IT,IT Support,1,Bengaluru,Contract,2023-02-20,True
E00537,Male,36,30-39,Married,Bachelor,Research & Development,Product Engineer,2,Hyderabad,Full-Time,2022-12-08,True
E00538,Female,38,30-39,Married,Bachelor,Research & Development,Product Engineer,3,Remote,Full-Time,2025-11-13,True
E00539,Female,32,30-39,Single,PhD,Sales,Business Development,5,Hyderabad,Full-Time,2020-03-13,True
E00540,Female,35,30-39,Married,Diploma,Finance,Accountant,3,Mumbai,Full-Time,2024-06-29,True
E00541,Male,37,30-39,Married,Diploma,Sales,Business Development,3,Remote,Full-Time,2023-12-12,True
E00542,Female,29,Under 30,Married,Diploma,Sales,Account Executive,3,Hyderabad,Full-Time,2024-02-04,True
E00543,Female,31,30-39,Married,Diploma,Finance,Accountant,1,Chennai,Full-Time,2025-12-09,True
E00544,Male,30,30-39,Married,PhD,Research & Development,Research Scientist,1,Mumbai,Full-Time,2025-01-04,True
E00545,Male,33,30-39,Divorced,Bachelor,Customer Support,Escalation Specialist,4,Chennai,Full-Time,2020-06-25,False
E00546,Female,26,Under 30,Married,Bachelor,Sales,Sales Executive,1,Delhi,Full-Time,2022-04-25,False
E00547,Female,23,Under 30,Married,High School,Sales,Sales Executive,1,Hyderabad,Full-Time,2024-12-30,True
E00548,Male,36,30-39,Married,Bachelor,Human Resources,HR Generalist,7,Remote,Part-Time,2025-03-01,True
E00549,Female,40,40-49,Married,Bachelor,Sales,Business Development,4,Bengaluru,Full-Time,2021-12-21,True
E00550,Male,27,Under 30,Divorced,High School,Operations,Logistics Coordinator,3,Remote,Full-Time,2021-10-06,False
E00551,Male,32,30-39,Married,Bachelor,Customer Support,Support Lead,3,Mumbai,Part-Time,2025-12-26,False
E00552,Female,44,40-49,Married,High School,Customer Support,Escalation Specialist,6,Bengaluru,Full-Time,2025-08-10,False
E00553,Female,35,30-39,Married,Master,Operations,Logistics Coordinator,2,Chennai,Full-Time,2025-11-04,True
E00554,Male,29,Under 30,Married,Bachelor,Research & Development,Data Scientist,4,Remote,Full-Time,2021-06-21,True
E00555,Female,32,30-39,Single,Master,Customer Support,Support Lead,2,Hyderabad,Full-Time,2023-05-10,True
E00556,Male,39,30-39,Married,PhD,Human Resources,HR Generalist,4,Mumbai,Full-Time,2020-12-21,False
E00557,Male,36,30-39,Married,PhD,Finance,Credit Analyst,3,Bengaluru,Contract,2025-07-14,True
E00558,Female,29,Under 30,Married,High School,Finance,Financial Analyst,2,Chennai,Full-Time,2022-08-08,True
E00559,Male,36,30-39,Single,Master,Finance,Financial Analyst,2,Remote,Full-Time,2022-08-02,False
E00560,Male,32,30-39,Single,High School,Finance,Credit Analyst,4,Delhi,Full-Time,2020-03-11,True
E00561,Male,26,Under 30,Married,Bachelor,Human Resources,HR Analyst,1,Delhi,Contract,2025-09-26,True
E00562,Female,44,40-49,Married,Master,Operations,Operations Analyst,7,Chennai,Full-Time,2021-01-20,True
E00563,Female,40,40-49,Married,Master,IT,Data Analyst,6,Hyderabad,Part-Time,2024-03-20,True
E00564,Female,26,Under 30,Married,Diploma,Finance,Credit Analyst,1,Delhi,Full-Time,2020-09-29,False
E00565,Female,35,30-39,Single,High School,IT,DevOps Engineer,5,Delhi,Full-Time,2020-08-06,True
E00566,Male,36,30-39,Divorced,Diploma,Operations,Logistics Coordinator,3,Remote,Full-Time,2023-11-06,True
E00567,Female,29,Under 30,Married,Master,Finance,Accountant,2,Chennai,Full-Time,2023-03-13,True
E00568,Male,36,30-39,Married,High School,Operations,Logistics Coordinator,2,Mumbai,Contract,2022-10-29,True
E00569,Female,34,30-39,Divorced,PhD,IT,Software Engineer,2,Chennai,Full-Time,2025-03-04,True
E00570,Male,29,Under 30,Married,High School,Research & Development,Product Engineer,1,Hyderabad,Full-Time,2021-02-14,True
E00571,Female,25,Under 30,Married,Master,Sales,Account Executive,1,Chennai,Full-Time,2023-05-27,False
E00572,Male,32,30-39,Married,PhD,Operations,Logistics Coordinator,3,Bengaluru,Full-Time,2022-10-31,True
E00573,Female,32,30-39,Single,High School,Human Resources,HR Generalist,1,Hyderabad,Full-Time,2021-07-05,True
E00574,Female,34,30-39,Married,High School,Customer Support,Support Agent,1,Bengaluru,Full-Time,2025-09-07,True
E00575,Male,28,Under 30,Divorced,Bachelor,Customer Support,Support Lead,2,Mumbai,Full-Time,2022-09-20,True
E00576,Male,36,30-39,Married,PhD,Customer Support,Support Lead,4,Hyderabad,Full-Time,2020-06-29,True
E00577,Male,30,30-39,Married,Diploma,Marketing,Marketing Analyst,3,Remote,Full-Time,2022-03-07,True
E00578,Female,26,Under 30,Married,PhD,Operations,Logistics Coordinator,2,Bengaluru,Full-Time,2025-04-07,True
E00579,Male,31,30-39,Married,Diploma,Human Resources,HR Generalist,1,Mumbai,Full-Time,2020-01-30,True
E00580,Male,39,30-39,Single,PhD,IT,Software Engineer,5,Hyderabad,Full-Time,2025-05-06,False
E00581,Male,25,Under 30,Single,High School,Research & Development,Product Engineer,1,Mumbai,Full-Time,2020-06-09,True
E00582,Male,38,30-39,Divorced,Master,Research & Development,Research Scientist,5,Delhi,Full-Time,2024-05-13,True
E00583,Male,34,30-39,Divorced,Bachelor,Operations,Operations Analyst,4,Mumbai,Full-Time,2024-05-28,True
E00584,Male,39,30-39,Single,Diploma,Customer Support,Escalation Specialist,4,Hyderabad,Full-Time,2022-04-06,False
E00585,Male,40,40-49,Single,Diploma,Operations,Quality Analyst,4,Chennai,Part-Time,2023-11-15,True
E00586,Male,32,30-39,Married,High School,IT,Software Engineer,2,Delhi,Full-Time,2021-09-07,True
E00587,Female,44,40-49,Single,High School,Research & Development,Product Engineer,6,Remote,Full-Time,2024-01-21,True
E00588,Female,29,Under 30,Single,Diploma,Customer Support,Escalation Specialist,1,Delhi,Full-Time,2024-05-05,True
E00589,Female,27,Under 30,Married,Diploma,Sales,Account Executive,1,Remote,Full-Time,2022-03-25,True
E00590,Male,38,30-39,Married,Bachelor,Finance,Financial Analyst,5,Bengaluru,Full-Time,2024-04-06,True
E00591,Female,37,30-39,Married,Bachelor,Sales,Sales Executive,3,Bengaluru,Full-Time,2021-09-09,True
E00592,Male,26,Under 30,Married,High School,Operations,Logistics Coordinator,2,Mumbai,Part-Time,2022-07-02,True
E00593,Female,32,30-39,Married,PhD,Finance,Accountant,1,Bengaluru,Full-Time,2024-06-09,True
E00594,Male,35,30-39,Married,High School,IT,Data Analyst,4,Chennai,Full-Time,2022-02-11,False
E00595,Male,24,Under 30,Single,High School,Marketing,SEO Specialist,1,Delhi,Full-Time,2023-05-30,True
E00596,Male,32,30-39,Married,Bachelor,Customer Support,Support Lead,4,Chennai,Full-Time,2024-02-07,False
E00597,Male,34,30-39,Married,Diploma,Research & Development,Data Scientist,2,Remote,Full-Time,2025-04-02,True
E00598,Female,34,30-39,Married,Bachelor,Operations,Logistics Coordinator,4,Mumbai,Full-Time,2025-04-26,True
E00599,Male,28,Under 30,Married,Master,Research & Development,Data Scientist,1,Bengaluru,Part-Time,2020-02-15,False
E00600,Female,26,Under 30,Married,Master,Marketing,Marketing Analyst,1,Remote,Full-Time,2023-01-06,True
E00601,Male,27,Under 30,Married,Diploma,Research & Development,Data Scientist,2,Hyderabad,Full-Time,2023-04-14,True
E00602,Male,30,30-39,Single,Bachelor,Human Resources,Recruiter,3,Remote,Full-Time,2024-10-10,True
E00603,Male,27,Under 30,Married,Master,Research & Development,Research Scientist,3,Chennai,Full-Time,2024-11-19,True
E00604,Female,26,Under 30,Married,Master,Operations,Operations Analyst,2,Bengaluru,Full-Time,2025-11-07,True
E00605,Female,27,Under 30,Single,Bachelor,Operations,Operations Analyst,1,Remote,Full-Time,2025-08-28,False
E00606,Male,36,30-39,Married,Diploma,IT,Data Analyst,5,Delhi,Full-Time,2020-04-03,True
E00607,Female,30,30-39,Single,Master,Operations,Logistics Coordinator,3,Remote,Full-Time,2022-05-02,True
E00608,Male,41,40-49,Married,PhD,IT,Software Engineer,6,Mumbai,Full-Time,2024-09-01,False
E00609,Female,36,30-39,Married,PhD,Operations,Logistics Coordinator,4,Mumbai,Full-Time,2024-06-08,True
E00610,Male,25,Under 30,Divorced,High School,Customer Support,Support Agent,1,Chennai,Full-Time,2025-10-06,False
E00611,Female,30,30-39,Married,High School,Research & Development,Product Engineer,2,Bengaluru,Full-Time,2021-12-17,True
E00612,Female,39,30-39,Married,High School,Finance,Credit Analyst,4,Bengaluru,Full-Time,2023-12-20,True
E00613,Female,42,40-49,Single,Bachelor,Research & Development,Research Scientist,7,Chennai,Full-Time,2020-05-01,True
E00614,Female,26,Under 30,Married,PhD,Sales,Account Executive,1,Delhi,Full-Time,2020-07-08,True
E00615,Female,38,30-39,Divorced,Diploma,Marketing,Content Writer,3,Chennai,Full-Time,2025-02-07,True
E00616,Female,37,30-39,Single,Master,IT,Software Engineer,4,Bengaluru,Full-Time,2022-05-03,True
E00617,Female,32,30-39,Single,PhD,IT,Data Analyst,1,Bengaluru,Full-Time,2021-09-18,False
E00618,Male,32,30-39,Divorced,PhD,IT,Software Engineer,4,Delhi,Full-Time,2022-11-14,True
E00619,Male,35,30-39,Married,Master,Executive,CEO,6,Chennai,Full-Time,2025-03-04,True
E00620,Female,29,Under 30,Married,High School,Operations,Operations Analyst,2,Remote,Full-Time,2023-04-26,False
E00621,Female,35,30-39,Married,Master,Human Resources,HR Generalist,3,Hyderabad,Full-Time,2021-03-14,True
E00622,Male,29,Under 30,Married,Bachelor,Customer Support,Support Lead,3,Bengaluru,Full-Time,2023-06-04,True
E00623,Male,41,40-49,Married,Diploma,Finance,Accountant,7,Mumbai,Full-Time,2022-08-02,True
E00624,Male,30,30-39,Married,Bachelor,Human Resources,Recruiter,1,Hyderabad,Full-Time,2020-09-02,False
E00625,Female,40,40-49,Married,PhD,Finance,Credit Analyst,5,Mumbai,Full-Time,2023-12-17,True
E00626,Male,33,30-39,Single,Diploma,Finance,Financial Analyst,3,Delhi,Contract,2022-03-24,True
E00627,Male,37,30-39,Married,PhD,Customer Support,Escalation Specialist,5,Bengaluru,Full-Time,2024-08-24,True
E00628,Male,39,30-39,Married,Bachelor,Customer Support,Support Agent,7,Delhi,Full-Time,2024-03-12,True
E00629,Female,25,Under 30,Married,PhD,IT,DevOps Engineer,2,Delhi,Full-Time,2022-12-21,True
E00630,Male,25,Under 30,Married,Diploma,IT,IT Support,1,Mumbai,Full-Time,2020-08-14,False
E00631,Female,27,Under 30,Married,Diploma,Finance,Credit Analyst,1,Delhi,Full-Time,2023-01-25,True
E00632,Female,27,Under 30,Divorced,PhD,Customer Support,Escalation Specialist,3,Chennai,Full-Time,2024-01-25,True
E00633,Female,34,30-39,Divorced,High School,Operations,Logistics Coordinator,4,Bengaluru,Full-Time,2022-01-20,False
E00634,Male,28,Under 30,Married,Diploma,Sales,Account Executive,2,Delhi,Full-Time,2020-04-14,True
E00635,Female,32,30-39,Married,PhD,Operations,Quality Analyst,2,Mumbai,Full-Time,2020-01-10,True
E00636,Male,29,Under 30,Married,Diploma,Operations,Logistics Coordinator,4,Remote,Full-Time,2020-10-21,True
E00637,Male,33,30-39,Married,Diploma,Operations,Operations Analyst,4,Remote,Full-Time,2023-08-12,True
E00638,Female,30,30-39,Married,Bachelor,Operations,Operations Analyst,3,Hyderabad,Contract,2021-04-03,True
E00639,Male,28,Under 30,Single,Diploma,Operations,Logistics Coordinator,3,Delhi,Full-Time,2024-10-16,True
E00640,Female,25,Under 30,Married,High School,Finance,Financial Analyst,2,Mumbai,Full-Time,2025-01-06,True
E00641,Male,40,40-49,Married,PhD,Operations,Operations Analyst,4,Mumbai,Full-Time,2025-11-03,True
E00642,Male,32,30-39,Married,Diploma,Sales,Sales Executive,3,Delhi,Full-Time,2023-01-18,True
E00643,Male,38,30-39,Married,Diploma,Operations,Operations Analyst,6,Delhi,Contract,2025-09-26,True
E00644,Male,27,Under 30,Married,Diploma,IT,Data Analyst,3,Bengaluru,Part-Time,2025-04-13,True
E00645,Female,24,Under 30,Divorced,Diploma,IT,Data Analyst,1,Mumbai,Full-Time,2024-03-18,True
E00646,Male,34,30-39,Single,High School,Operations,Quality Analyst,2,Mumbai,Full-Time,2020-01-05,True
E00647,Female,32,30-39,Married,Master,Customer Support,Support Agent,2,Delhi,Part-Time,2025-04-28,True
E00648,Female,30,30-39,Married,Bachelor,Human Resources,HR Generalist,1,Delhi,Full-Time,2025-02-15,False
E00649,Male,26,Under 30,Married,Master,Operations,Operations Analyst,2,Delhi,Full-Time,2021-09-13,False
E00650,Male,30,30-39,Divorced,Diploma,Human Resources,Recruiter,2,Remote,Full-Time,2020-03-17,True
E00651,Male,30,30-39,Married,Master,Customer Support,Support Agent,2,Mumbai,Full-Time,2025-02-24,False
E00652,Male,39,30-39,Married,Diploma,Research & Development,Research Scientist,4,Remote,Full-Time,2021-09-19,True
E00653,Female,36,30-39,Single,Master,Sales,Sales Executive,5,Hyderabad,Full-Time,2025-07-13,True
E00654,Male,31,30-39,Married,Master,Customer Support,Support Lead,1,Mumbai,Full-Time,2024-01-04,False
E00655,Male,33,30-39,Married,Master,Marketing,SEO Specialist,3,Chennai,Full-Time,2024-05-12,True
E00656,Male,26,Under 30,Married,Bachelor,Sales,Business Development,2,Chennai,Full-Time,2025-09-15,True
E00657,Male,38,30-39,Married,High School,Customer Support,Support Lead,5,Chennai,Full-Time,2020-09-05,True
E00658,Female,34,30-39,Married,Diploma,Marketing,SEO Specialist,2,Mumbai,Full-Time,2022-03-02,True
E00659,Male,39,30-39,Married,PhD,Operations,Quality Analyst,7,Bengaluru,Full-Time,2025-08-03,True
E00660,Female,45,40-49,Married,PhD,Research & Development,Product Engineer,7,Chennai,Full-Time,2023-05-25,True
E00661,Female,44,40-49,Married,Master,Human Resources,Recruiter,7,Mumbai,Part-Time,2021-08-15,True
E00662,Female,34,30-39,Married,High School,IT,Data Analyst,2,Remote,Full-Time,2024-03-28,True
E00663,Male,36,30-39,Single,High School,Sales,Account Executive,4,Delhi,Full-Time,2020-11-14,True
E00664,Female,32,30-39,Divorced,PhD,IT,Data Analyst,1,Hyderabad,Full-Time,2020-08-15,True
E00665,Female,36,30-39,Married,Bachelor,Operations,Quality Analyst,2,Remote,Full-Time,2021-02-28,False
E00666,Male,37,30-39,Married,PhD,Customer Support,Support Agent,6,Delhi,Full-Time,2022-08-28,False
E00667,Female,28,Under 30,Married,Bachelor,Customer Support,Support Lead,3,Remote,Full-Time,2022-04-17,True
E00668,Female,23,Under 30,Married,Diploma,Sales,Business Development,1,Hyderabad,Full-Time,2025-11-22,True
E00669,Female,24,Under 30,Divorced,Master,Marketing,Content Writer,1,Chennai,Contract,2022-01-29,True
E00670,Female,35,30-39,Married,Master,Operations,Logistics Coordinator,4,Hyderabad,Full-Time,2023-12-08,True
E00671,Female,35,30-39,Married,High School,Customer Support,Escalation Specialist,3,Bengaluru,Contract,2023-05-26,True
E00672,Female,36,30-39,Married,Bachelor,Sales,Sales Executive,4,Remote,Full-Time,2023-02-19,True
E00673,Male,35,30-39,Married,Master,Operations,Quality Analyst,4,Remote,Full-Time,2020-12-11,True
E00674,Male,31,30-39,Married,Diploma,Customer Support,Support Agent,1,Mumbai,Full-Time,2025-07-01,False
E00675,Female,32,30-39,Married,Bachelor,Operations,Logistics Coordinator,4,Chennai,Full-Time,2020-02-13,True
E00676,Female,32,30-39,Married,Master,Marketing,SEO Specialist,2,Bengaluru,Full-Time,2022-12-12,False
E00677,Female,33,30-39,Married,Bachelor,IT,DevOps Engineer,3,Bengaluru,Full-Time,2020-12-14,True
E00678,Male,26,Under 30,Married,PhD,Sales,Account Executive,1,Hyderabad,Contract,2020-08-29,False
E00679,Female,29,Under 30,Single,PhD,Sales,Sales Executive,2,Mumbai,Full-Time,2020-01-07,False
E00680,Female,33,30-39,Married,PhD,Sales,Account Executive,1,Hyderabad,Full-Time,2023-11-22,True
E00681,Male,30,30-39,Married,PhD,IT,IT Support,3,Bengaluru,Full-Time,2022-07-05,True
E00682,Female,30,30-39,Married,Diploma,Executive,CFO,1,Hyderabad,Full-Time,2022-10-23,True
E00683,Female,35,30-39,Married,PhD,Operations,Logistics Coordinator,2,Chennai,Contract,2023-01-23,False
E00684,Female,33,30-39,Married,PhD,Human Resources,Recruiter,3,Remote,Full-Time,2023-08-16,True
E00685,Male,32,30-39,Married,Bachelor,Finance,Accountant,1,Chennai,Full-Time,2020-03-17,True
E00686,Male,39,30-39,Married,Diploma,Human Resources,Recruiter,4,Delhi,Full-Time,2023-01-24,True
E00687,Male,32,30-39,Married,Diploma,IT,IT Support,2,Chennai,Full-Time,2025-08-09,True
E00688,Male,29,Under 30,Married,PhD,Marketing,Marketing Analyst,1,Delhi,Full-Time,2025-09-28,True
E00689,Female,30,30-39,Married,PhD,IT,DevOps Engineer,2,Bengaluru,Full-Time,2025-09-03,True
E00690,Female,29,Under 30,Married,Diploma,Operations,Quality Analyst,2,Remote,Full-Time,2020-01-16,True
E00691,Female,46,40-49,Married,Bachelor,Sales,Account Executive,7,Mumbai,Full-Time,2023-05-26,True
E00692,Female,39,30-39,Married,PhD,Human Resources,HR Generalist,5,Bengaluru,Full-Time,2022-12-23,True
E00693,Male,27,Under 30,Married,PhD,Operations,Quality Analyst,2,Bengaluru,Full-Time,2025-11-16,False
E00694,Male,38,30-39,Married,Diploma,Finance,Financial Analyst,3,Bengaluru,Full-Time,2022-03-23,True
E00695,Female,31,30-39,Single,High School,Customer Support,Support Lead,3,Hyderabad,Full-Time,2023-07-17,True
E00696,Male,31,30-39,Married,Diploma,Finance,Accountant,1,Chennai,Full-Time,2021-02-18,True
E00697,Male,31,30-39,Single,High School,Human Resources,HR Analyst,3,Bengaluru,Full-Time,2024-04-20,True
E00698,Male,31,30-39,Single,Bachelor,Sales,Business Development,1,Chennai,Full-Time,2023-12-01,False
E00699,Female,34,30-39,Married,Diploma,Marketing,Content Writer,4,Delhi,Contract,2022-02-27,False
E00700,Male,28,Under 30,Married,PhD,Sales,Business Development,2,Chennai,Full-Time,2024-07-29,True
E00701,Female,38,30-39,Single,Diploma,Finance,Financial Analyst,4,Bengaluru,Full-Time,2022-01-03,True
E00702,Male,36,30-39,Married,Diploma,Research & Development,Product Engineer,3,Remote,Full-Time,2020-09-26,False
E00703,Female,32,30-39,Single,Diploma,Finance,Accountant,2,Hyderabad,Full-Time,2023-12-21,True
E00704,Female,42,40-49,Single,Master,IT,DevOps Engineer,5,Delhi,Full-Time,2022-05-24,True
E00705,Male,34,30-39,Married,Bachelor,Sales,Account Executive,2,Hyderabad,Full-Time,2023-12-21,True
E00706,Female,35,30-39,Married,PhD,Customer Support,Escalation Specialist,2,Hyderabad,Full-Time,2020-06-28,False
E00707,Female,33,30-39,Married,Bachelor,IT,IT Support,3,Remote,Full-Time,2025-04-11,True
E00708,Female,28,Under 30,Married,Master,IT,Data Analyst,2,Mumbai,Full-Time,2020-10-04,True
E00709,Female,34,30-39,Single,Diploma,Operations,Logistics Coordinator,3,Hyderabad,Full-Time,2023-12-14,True
E00710,Female,36,30-39,Single,Bachelor,Human Resources,HR Analyst,2,Remote,Full-Time,2024-08-28,True
E00711,Male,34,30-39,Single,PhD,Operations,Quality Analyst,2,Hyderabad,Full-Time,2024-02-05,True
E00712,Female,30,30-39,Married,Diploma,Finance,Credit Analyst,2,Delhi,Full-Time,2020-10-07,False
E00713,Male,39,30-39,Married,Diploma,IT,IT Support,4,Hyderabad,Full-Time,2020-11-10,True
E00714,Female,36,30-39,Married,Diploma,Marketing,Content Writer,4,Hyderabad,Full-Time,2023-12-04,True
E00715,Male,32,30-39,Single,High School,Operations,Logistics Coordinator,3,Bengaluru,Contract,2020-08-29,False
E00716,Male,26,Under 30,Single,High School,Marketing,Content Writer,1,Bengaluru,Full-Time,2020-08-25,True
E00717,Female,30,30-39,Married,Master,IT,Data Analyst,4,Delhi,Full-Time,2020-01-20,False
E00718,Female,28,Under 30,Single,Diploma,Marketing,Marketing Analyst,2,Hyderabad,Full-Time,2022-07-30,True
E00719,Male,34,30-39,Single,PhD,Research & Development,Product Engineer,4,Hyderabad,Contract,2022-05-11,False
E00720,Male,34,30-39,Single,PhD,Research & Development,Research Scientist,5,Delhi,Full-Time,2025-10-28,True
E00721,Female,28,Under 30,Married,PhD,Customer Support,Support Agent,2,Bengaluru,Full-Time,2022-12-25,True
E00722,Female,33,30-39,Married,Master,IT,Software Engineer,3,Remote,Full-Time,2022-12-02,True
E00723,Female,41,40-49,Single,Bachelor,IT,Software Engineer,6,Mumbai,Full-Time,2020-12-04,True
E00724,Female,26,Under 30,Married,Bachelor,Operations,Operations Analyst,1,Bengaluru,Full-Time,2024-07-11,False
E00725,Male,34,30-39,Married,Diploma,Customer Support,Support Lead,4,Mumbai,Full-Time,2021-07-21,True
E00726,Female,35,30-39,Married,PhD,Customer Support,Escalation Specialist,3,Chennai,Part-Time,2022-06-22,True
E00727,Female,35,30-39,Married,High School,Operations,Quality Analyst,5,Remote,Full-Time,2021-01-02,True
E00728,Male,28,Under 30,Married,Master,Human Resources,HR Analyst,2,Mumbai,Part-Time,2022-07-05,False
E00729,Male,28,Under 30,Married,Master,IT,Data Analyst,1,Hyderabad,Full-Time,2023-05-21,True
E00730,Male,33,30-39,Married,Diploma,Sales,Sales Executive,2,Delhi,Full-Time,2022-06-17,True
E00731,Male,23,Under 30,Married,Diploma,Operations,Logistics Coordinator,1,Remote,Full-Time,2023-06-29,False
E00732,Female,25,Under 30,Married,PhD,Operations,Quality Analyst,2,Bengaluru,Full-Time,2022-01-14,True
E00733,Male,38,30-39,Married,High School,IT,Data Analyst,3,Hyderabad,Full-Time,2023-07-13,True
E00734,Female,34,30-39,Married,High School,Research & Development,Data Scientist,3,Remote,Full-Time,2024-06-25,True
E00735,Male,26,Under 30,Divorced,Diploma,Sales,Sales Executive,2,Hyderabad,Full-Time,2021-06-24,True
E00736,Female,30,30-39,Single,PhD,Customer Support,Support Lead,2,Bengaluru,Full-Time,2020-08-05,True
E00737,Male,24,Under 30,Married,High School,Sales,Business Development,1,Remote,Full-Time,2025-05-27,True
E00738,Male,33,30-39,Married,High School,Customer Support,Support Agent,2,Hyderabad,Full-Time,2020-06-03,True
E00739,Male,28,Under 30,Married,Master,Sales,Sales Executive,2,Remote,Full-Time,2024-10-28,False
E00740,Male,31,30-39,Single,Master,Human Resources,Recruiter,3,Remote,Full-Time,2022-11-08,True
E00741,Female,27,Under 30,Married,High School,Research & Development,Data Scientist,1,Hyderabad,Full-Time,2021-08-16,True
E00742,Female,30,30-39,Single,Bachelor,Sales,Account Executive,3,Mumbai,Full-Time,2020-06-12,True
E00743,Female,31,30-39,Married,High School,IT,IT Support,3,Mumbai,Full-Time,2023-01-15,True
E00744,Female,28,Under 30,Married,PhD,Marketing,Content Writer,3,Bengaluru,Full-Time,2023-10-06,True
E00745,Female,46,40-49,Single,Diploma,Operations,Operations Analyst,7,Chennai,Full-Time,2022-03-17,True
E00746,Male,32,30-39,Single,High School,Operations,Quality Analyst,3,Hyderabad,Full-Time,2023-06-10,True
E00747,Male,36,30-39,Single,PhD,Customer Support,Support Agent,2,Mumbai,Full-Time,2024-05-31,True
E00748,Male,37,30-39,Single,Diploma,Operations,Operations Analyst,3,Hyderabad,Full-Time,2020-09-06,True
E00749,Female,32,30-39,Married,Bachelor,Customer Support,Support Agent,2,Delhi,Full-Time,2023-03-21,True
E00750,Female,28,Under 30,Married,Master,Finance,Credit Analyst,1,Remote,Full-Time,2021-04-29,True
E00751,Female,38,30-39,Single,High School,Finance,Credit Analyst,7,Bengaluru,Full-Time,2025-12-18,False
E00752,Female,29,Under 30,Single,Diploma,Sales,Sales Executive,4,Bengaluru,Full-Time,2022-03-26,True
E00753,Female,36,30-39,Married,PhD,Research & Development,Data Scientist,2,Remote,Full-Time,2022-07-22,True
E00754,Female,25,Under 30,Married,High School,Human Resources,Recruiter,2,Hyderabad,Full-Time,2023-12-22,True
E00755,Male,36,30-39,Divorced,Master,IT,Data Analyst,2,Remote,Full-Time,2025-03-04,True
E00756,Female,33,30-39,Single,High School,Human Resources,HR Generalist,2,Bengaluru,Full-Time,2021-05-22,True
E00757,Female,33,30-39,Married,Master,Finance,Financial Analyst,5,Bengaluru,Full-Time,2024-10-22,True
E00758,Male,33,30-39,Single,PhD,Sales,Sales Executive,3,Mumbai,Full-Time,2023-10-05,True
E00759,Female,31,30-39,Married,PhD,IT,Software Engineer,1,Hyderabad,Full-Time,2025-08-02,True
E00760,Male,41,40-49,Single,Master,Sales,Sales Executive,5,Delhi,Full-Time,2023-10-29,True
E00761,Male,28,Under 30,Married,PhD,Operations,Logistics Coordinator,1,Mumbai,Full-Time,2024-06-10,True
E00762,Male,30,30-39,Divorced,High School,Finance,Credit Analyst,3,Bengaluru,Full-Time,2022-05-23,True
E00763,Female,34,30-39,Single,Diploma,Operations,Logistics Coordinator,2,Chennai,Full-Time,2022-03-07,True
E00764,Male,24,Under 30,Married,High School,Marketing,Content Writer,1,Mumbai,Part-Time,2024-12-19,True
E00765,Male,26,Under 30,Married,Master,Customer Support,Support Agent,2,Hyderabad,Full-Time,2025-09-05,True
E00766,Male,30,30-39,Married,PhD,IT,IT Support,3,Delhi,Full-Time,2022-04-02,True
E00767,Male,36,30-39,Married,PhD,Sales,Business Development,2,Hyderabad,Full-Time,2022-09-17,True
E00768,Female,23,Under 30,Married,PhD,Human Resources,HR Analyst,1,Hyderabad,Full-Time,2024-12-06,False
E00769,Male,30,30-39,Single,High School,Finance,Accountant,3,Bengaluru,Full-Time,2021-08-24,True
E00770,Female,31,30-39,Married,High School,Operations,Operations Analyst,2,Remote,Full-Time,2023-12-07,False
E00771,Female,39,30-39,Married,High School,IT,DevOps Engineer,7,Hyderabad,Full-Time,2024-06-19,True
E00772,Female,32,30-39,Married,Bachelor,Customer Support,Support Lead,2,Bengaluru,Full-Time,2025-09-15,True
E00773,Female,28,Under 30,Married,High School,Research & Development,Product Engineer,1,Bengaluru,Full-Time,2022-05-05,True
E00774,Male,31,30-39,Married,Master,Customer Support,Support Agent,1,Remote,Full-Time,2024-06-01,True
E00775,Male,42,40-49,Divorced,Master,IT,DevOps Engineer,5,Bengaluru,Full-Time,2020-09-10,True
E00776,Male,29,Under 30,Married,High School,Research & Development,Data Scientist,1,Remote,Full-Time,2020-05-04,False
E00777,Male,28,Under 30,Married,Master,IT,DevOps Engineer,1,Mumbai,Full-Time,2024-11-24,True
E00778,Male,30,30-39,Married,High School,Human Resources,HR Analyst,4,Remote,Full-Time,2024-07-28,True
E00779,Male,32,30-39,Married,Master,Operations,Operations Analyst,2,Remote,Full-Time,2022-04-02,True
E00780,Male,31,30-39,Married,Master,Finance,Financial Analyst,4,Remote,Contract,2024-09-23,False
E00781,Male,27,Under 30,Married,Master,Finance,Financial Analyst,3,Bengaluru,Full-Time,2025-10-16,False
E00782,Male,34,30-39,Married,Master,Human Resources,Recruiter,1,Delhi,Full-Time,2023-11-26,True
E00783,Female,28,Under 30,Married,PhD,Marketing,Marketing Analyst,1,Remote,Full-Time,2025-09-04,True
E00784,Male,28,Under 30,Married,Bachelor,Human Resources,Recruiter,3,Chennai,Full-Time,2022-06-19,True
E00785,Male,34,30-39,Married,High School,Finance,Financial Analyst,1,Remote,Full-Time,2025-03-27,True
E00786,Male,39,30-39,Married,PhD,Human Resources,Recruiter,4,Chennai,Full-Time,2021-01-25,True
E00787,Female,33,30-39,Married,High School,Operations,Logistics Coordinator,6,Remote,Full-Time,2022-08-08,True
E00788,Male,26,Under 30,Married,Master,Customer Support,Escalation Specialist,1,Chennai,Part-Time,2022-08-31,False
E00789,Male,28,Under 30,Married,Bachelor,Customer Support,Support Agent,1,Bengaluru,Part-Time,2020-11-22,True
E00790,Female,29,Under 30,Single,Diploma,Marketing,SEO Specialist,2,Chennai,Full-Time,2021-02-18,True
E00791,Female,31,30-39,Married,High School,Sales,Business Development,1,Delhi,Full-Time,2025-07-22,True
E00792,Male,40,40-49,Single,Diploma,Customer Support,Support Agent,6,Hyderabad,Full-Time,2020-10-02,False
E00793,Male,24,Under 30,Married,Master,Marketing,Content Writer,1,Hyderabad,Full-Time,2022-05-22,False
E00794,Male,34,30-39,Divorced,Diploma,Operations,Quality Analyst,2,Chennai,Full-Time,2022-08-14,True
E00795,Male,36,30-39,Married,High School,IT,Software Engineer,4,Delhi,Full-Time,2021-11-18,True
E00796,Female,32,30-39,Married,PhD,Marketing,SEO Specialist,5,Chennai,Full-Time,2024-03-08,True
E00797,Female,35,30-39,Single,Master,IT,IT Support,2,Chennai,Full-Time,2025-12-13,True
E00798,Female,29,Under 30,Single,Bachelor,IT,Software Engineer,3,Bengaluru,Full-Time,2023-11-02,True
E00799,Female,38,30-39,Married,Master,Operations,Operations Analyst,3,Chennai,Full-Time,2025-05-31,True
E00800,Male,28,Under 30,Married,Diploma,Operations,Operations Analyst,1,Delhi,Full-Time,2025-02-07,True
E00801,Female,33,30-39,Single,Diploma,Customer Support,Support Agent,3,Remote,Part-Time,2020-08-01,True
E00802,Male,36,30-39,Married,Bachelor,Customer Support,Support Agent,7,Bengaluru,Full-Time,2025-06-06,True
E00803,Female,37,30-39,Married,High School,Operations,Logistics Coordinator,4,Remote,Full-Time,2021-05-10,True
E00804,Male,30,30-39,Single,Master,Operations,Operations Analyst,2,Delhi,Full-Time,2020-07-02,True
E00805,Female,30,30-39,Divorced,Diploma,IT,Data Analyst,3,Bengaluru,Contract,2024-03-12,True
E00806,Male,30,30-39,Married,Bachelor,Marketing,Marketing Analyst,4,Delhi,Full-Time,2023-03-12,True
E00807,Male,31,30-39,Married,Master,Finance,Accountant,1,Hyderabad,Full-Time,2023-10-30,False
E00808,Male,25,Under 30,Married,High School,Marketing,Content Writer,2,Remote,Full-Time,2025-07-08,True
E00809,Male,26,Under 30,Single,High School,Sales,Business Development,1,Delhi,Full-Time,2025-10-08,True
E00810,Male,30,30-39,Single,Diploma,Marketing,Marketing Analyst,2,Chennai,Full-Time,2022-09-03,True
E00811,Male,34,30-39,Married,Diploma,Customer Support,Support Agent,2,Mumbai,Part-Time,2023-04-28,True
E00812,Female,38,30-39,Married,Diploma,Research & Development,Data Scientist,4,Delhi,Full-Time,2021-10-17,True
E00813,Male,32,30-39,Married,Master,Executive,CFO,2,Delhi,Full-Time,2024-12-23,True
E00814,Male,32,30-39,Married,Bachelor,Research & Development,Research Scientist,1,Hyderabad,Full-Time,2020-02-14,True
E00815,Male,41,40-49,Married,PhD,Sales,Business Development,5,Remote,Full-Time,2025-10-13,True
E00816,Female,25,Under 30,Married,High School,Sales,Sales Executive,1,Mumbai,Contract,2021-09-05,True
E00817,Male,37,30-39,Married,Master,IT,DevOps Engineer,3,Mumbai,Part-Time,2023-01-28,True
E00818,Male,25,Under 30,Divorced,High School,Sales,Business Development,2,Delhi,Full-Time,2021-01-24,True
E00819,Male,24,Under 30,Married,High School,Sales,Sales Executive,1,Hyderabad,Full-Time,2020-05-28,True
E00820,Female,35,30-39,Married,PhD,Sales,Business Development,3,Delhi,Full-Time,2020-11-25,True
E00821,Male,33,30-39,Single,Master,Operations,Quality Analyst,3,Bengaluru,Full-Time,2023-11-29,True
E00822,Male,33,30-39,Married,Bachelor,IT,Data Analyst,1,Chennai,Full-Time,2025-08-18,True
E00823,Female,35,30-39,Married,PhD,Human Resources,HR Analyst,2,Remote,Full-Time,2021-04-27,True
E00824,Male,35,30-39,Single,High School,IT,Data Analyst,3,Chennai,Full-Time,2021-06-13,True
E00825,Female,36,30-39,Married,Bachelor,Customer Support,Support Agent,2,Delhi,Full-Time,2023-11-06,True
E00826,Female,45,40-49,Single,High School,IT,Software Engineer,7,Remote,Full-Time,2020-09-02,False
E00827,Male,32,30-39,Divorced,Master,Finance,Credit Analyst,3,Mumbai,Full-Time,2020-02-27,True
E00828,Male,37,30-39,Single,Diploma,Marketing,Marketing Analyst,5,Remote,Full-Time,2025-06-30,False
E00829,Male,31,30-39,Single,Diploma,Research & Development,Research Scientist,4,Chennai,Full-Time,2022-02-10,True
E00830,Male,36,30-39,Married,Bachelor,Customer Support,Escalation Specialist,2,Delhi,Full-Time,2025-06-23,False
E00831,Male,34,30-39,Married,Master,Operations,Logistics Coordinator,3,Mumbai,Full-Time,2023-03-10,True
E00832,Male,35,30-39,Single,Master,Sales,Account Executive,4,Mumbai,Full-Time,2025-07-22,True
E00833,Female,23,Under 30,Married,PhD,Sales,Account Executive,1,Mumbai,Full-Time,2023-02-25,True
E00834,Female,35,30-39,Single,Bachelor,IT,DevOps Engineer,4,Hyderabad,Full-Time,2022-05-16,True
E00835,Male,29,Under 30,Married,High School,Human Resources,HR Generalist,3,Hyderabad,Contract,2021-09-27,True
E00836,Male,29,Under 30,Married,High School,Marketing,Marketing Analyst,2,Remote,Full-Time,2020-11-16,True
E00837,Male,39,30-39,Married,Diploma,Research & Development,Product Engineer,6,Delhi,Contract,2025-07-25,True
E00838,Female,28,Under 30,Married,Bachelor,Finance,Credit Analyst,2,Delhi,Full-Time,2024-11-11,True
E00839,Male,31,30-39,Married,High School,Research & Development,Data Scientist,2,Bengaluru,Full-Time,2022-12-07,True
E00840,Male,23,Under 30,Married,PhD,Finance,Financial Analyst,1,Mumbai,Full-Time,2023-07-16,False
E00841,Female,41,40-49,Married,Master,Customer Support,Escalation Specialist,7,Mumbai,Full-Time,2020-01-13,True
E00842,Male,42,40-49,Married,High School,IT,Software Engineer,6,Remote,Part-Time,2024-01-15,True
E00843,Female,33,30-39,Divorced,PhD,Finance,Credit Analyst,4,Remote,Full-Time,2024-11-28,True
E00844,Female,29,Under 30,Married,Bachelor,Human Resources,Recruiter,2,Hyderabad,Full-Time,2025-09-22,True
E00845,Male,37,30-39,Married,Master,Marketing,Marketing Analyst,3,Hyderabad,Full-Time,2024-10-05,True
E00846,Female,34,30-39,Married,Bachelor,Operations,Operations Analyst,5,Delhi,Full-Time,2023-10-15,True
E00847,Male,33,30-39,Single,PhD,Marketing,Marketing Analyst,1,Hyderabad,Full-Time,2022-07-20,True
E00848,Female,34,30-39,Married,Bachelor,Finance,Accountant,1,Mumbai,Full-Time,2021-05-20,True
E00849,Male,33,30-39,Single,High School,Finance,Accountant,5,Remote,Full-Time,2021-07-24,True
E00850,Male,31,30-39,Married,Diploma,Operations,Quality Analyst,4,Bengaluru,Full-Time,2022-08-09,True
E00851,Female,36,30-39,Married,PhD,Sales,Account Executive,2,Chennai,Full-Time,2022-03-22,True
E00852,Female,44,40-49,Single,Bachelor,Sales,Sales Executive,6,Mumbai,Full-Time,2022-04-27,True
E00853,Female,34,30-39,Married,Diploma,Operations,Operations Analyst,3,Delhi,Contract,2023-03-18,True
E00854,Female,32,30-39,Divorced,High School,Human Resources,HR Generalist,2,Hyderabad,Full-Time,2023-09-05,True
E00855,Female,37,30-39,Married,Bachelor,Marketing,SEO Specialist,4,Bengaluru,Full-Time,2021-01-28,True
E00856,Female,36,30-39,Single,Diploma,Sales,Sales Executive,2,Hyderabad,Full-Time,2022-08-21,False
E00857,Female,38,30-39,Single,PhD,Human Resources,Recruiter,3,Remote,Full-Time,2020-06-21,True
E00858,Male,26,Under 30,Married,Bachelor,Human Resources,HR Generalist,2,Bengaluru,Full-Time,2020-01-09,True
E00859,Female,33,30-39,Married,Diploma,Human Resources,HR Generalist,6,Mumbai,Full-Time,2022-03-18,True
E00860,Female,28,Under 30,Married,Bachelor,Customer Support,Support Agent,1,Hyderabad,Full-Time,2024-03-10,True
E00861,Female,40,40-49,Single,Bachelor,Human Resources,HR Analyst,4,Bengaluru,Full-Time,2022-05-17,False
E00862,Female,32,30-39,Single,High School,IT,IT Support,5,Remote,Full-Time,2021-02-15,True
E00863,Female,32,30-39,Single,High School,Sales,Sales Executive,1,Hyderabad,Full-Time,2020-10-08,False
E00864,Male,31,30-39,Single,PhD,Research & Development,Product Engineer,3,Bengaluru,Full-Time,2022-05-04,True
E00865,Female,30,30-39,Married,Master,Human Resources,Recruiter,4,Hyderabad,Full-Time,2024-05-11,True
E00866,Male,32,30-39,Married,High School,Research & Development,Research Scientist,1,Chennai,Full-Time,2025-12-21,True
E00867,Female,35,30-39,Divorced,PhD,Sales,Business Development,4,Mumbai,Full-Time,2020-04-20,True
E00868,Male,35,30-39,Divorced,PhD,IT,Software Engineer,3,Hyderabad,Full-Time,2024-06-03,True
E00869,Male,25,Under 30,Single,High School,IT,IT Support,1,Mumbai,Full-Time,2025-05-31,False
E00870,Male,32,30-39,Married,High School,Finance,Financial Analyst,2,Remote,Contract,2022-03-04,False
E00871,Male,35,30-39,Single,Master,Operations,Logistics Coordinator,6,Bengaluru,Full-Time,2021-04-04,True
E00872,Male,35,30-39,Married,Master,Finance,Financial Analyst,5,Remote,Full-Time,2023-09-08,True
E00873,Female,29,Under 30,Married,High School,Finance,Financial Analyst,2,Delhi,Contract,2021-10-29,True
E00874,Male,34,30-39,Single,Diploma,Human Resources,HR Generalist,3,Delhi,Full-Time,2020-09-28,True
E00875,Female,33,30-39,Married,High School,IT,IT Support,2,Chennai,Full-Time,2022-07-09,True
E00876,Male,42,40-49,Married,Master,Operations,Operations Analyst,6,Remote,Part-Time,2022-06-20,True
E00877,Female,25,Under 30,Divorced,PhD,Research & Development,Data Scientist,1,Hyderabad,Full-Time,2020-10-23,True
E00878,Female,34,30-39,Married,Master,Human Resources,HR Analyst,3,Hyderabad,Full-Time,2024-03-05,True
E00879,Male,29,Under 30,Married,Bachelor,IT,Data Analyst,2,Remote,Full-Time,2024-07-28,True
E00880,Male,39,30-39,Married,High School,Human Resources,HR Analyst,5,Mumbai,Full-Time,2024-07-28,True
E00881,Male,43,40-49,Single,High School,IT,IT Support,6,Delhi,Full-Time,2025-03-31,True
E00882,Male,32,30-39,Single,Master,Operations,Logistics Coordinator,1,Hyderabad,Full-Time,2021-02-12,True
E00883,Female,33,30-39,Married,High School,Finance,Accountant,1,Mumbai,Full-Time,2021-04-18,True
E00884,Female,33,30-39,Single,Diploma,Operations,Logistics Coordinator,2,Bengaluru,Full-Time,2024-01-16,True
E00885,Female,25,Under 30,Married,High School,Sales,Business Development,2,Bengaluru,Full-Time,2023-05-17,True
E00886,Male,32,30-39,Single,Diploma,Sales,Business Development,3,Delhi,Full-Time,2023-04-29,True
E00887,Female,34,30-39,Married,PhD,Finance,Credit Analyst,3,Mumbai,Full-Time,2025-06-05,True
E00888,Female,26,Under 30,Married,PhD,Customer Support,Escalation Specialist,2,Bengaluru,Part-Time,2024-10-24,False
E00889,Female,34,30-39,Married,High School,Operations,Operations Analyst,3,Chennai,Full-Time,2023-05-25,True
E00890,Female,30,30-39,Married,Diploma,Sales,Account Executive,2,Hyderabad,Full-Time,2024-05-31,False
E00891,Female,32,30-39,Married,Diploma,Research & Development,Data Scientist,2,Delhi,Full-Time,2020-07-19,True
E00892,Female,32,30-39,Married,Diploma,Human Resources,HR Analyst,2,Mumbai,Full-Time,2025-03-09,False
E00893,Male,29,Under 30,Married,High School,IT,DevOps Engineer,2,Hyderabad,Full-Time,2022-09-20,True
E00894,Male,29,Under 30,Married,PhD,Human Resources,Recruiter,4,Remote,Full-Time,2021-06-10,True
E00895,Male,25,Under 30,Single,PhD,Marketing,SEO Specialist,2,Bengaluru,Contract,2020-11-19,True
E00896,Female,36,30-39,Married,Diploma,Operations,Operations Analyst,2,Remote,Full-Time,2022-09-18,True
E00897,Female,25,Under 30,Married,Master,Customer Support,Support Lead,1,Hyderabad,Full-Time,2022-03-14,True
E00898,Male,36,30-39,Single,High School,IT,Software Engineer,7,Mumbai,Full-Time,2023-11-21,True
E00899,Female,35,30-39,Married,Master,Customer Support,Support Agent,2,Chennai,Full-Time,2023-03-15,True
E00900,Male,34,30-39,Divorced,Bachelor,Sales,Business Development,3,Mumbai,Full-Time,2022-05-31,True
E00901,Female,31,30-39,Married,High School,Operations,Quality Analyst,2,Bengaluru,Full-Time,2022-04-25,True
E00902,Female,32,30-39,Married,Master,Sales,Sales Executive,1,Mumbai,Full-Time,2024-03-31,True
E00903,Male,32,30-39,Married,Bachelor,Operations,Operations Analyst,5,Mumbai,Full-Time,2020-12-23,True
E00904,Female,26,Under 30,Single,Diploma,Research & Development,Product Engineer,1,Delhi,Contract,2021-07-28,True
E00905,Female,30,30-39,Divorced,Bachelor,Marketing,Marketing Analyst,1,Delhi,Full-Time,2021-11-21,True
E00906,Female,30,30-39,Married,PhD,Customer Support,Support Lead,3,Delhi,Full-Time,2025-02-22,False
E00907,Female,45,40-49,Single,PhD,Operations,Operations Analyst,7,Bengaluru,Part-Time,2021-06-13,True
E00908,Male,36,30-39,Married,High School,Finance,Accountant,7,Chennai,Full-Time,2023-01-08,True
E00909,Female,36,30-39,Single,High School,Customer Support,Support Agent,3,Delhi,Part-Time,2023-11-07,True
E00910,Male,43,40-49,Single,Master,Sales,Business Development,6,Delhi,Full-Time,2023-09-26,True
E00911,Male,30,30-39,Married,Bachelor,Research & Development,Data Scientist,3,Hyderabad,Full-Time,2023-07-03,False
E00912,Female,27,Under 30,Married,Bachelor,Customer Support,Escalation Specialist,3,Hyderabad,Full-Time,2023-01-11,False
E00913,Female,30,30-39,Married,High School,IT,Data Analyst,2,Hyderabad,Full-Time,2023-06-01,True
E00914,Male,32,30-39,Divorced,Diploma,Research & Development,Data Scientist,2,Hyderabad,Contract,2024-08-16,False
E00915,Female,32,30-39,Married,PhD,Operations,Operations Analyst,1,Hyderabad,Full-Time,2021-08-23,False
E00916,Female,41,40-49,Married,Master,Research & Development,Product Engineer,5,Delhi,Full-Time,2022-10-16,True
E00917,Female,33,30-39,Married,High School,Research & Development,Research Scientist,3,Delhi,Full-Time,2025-07-05,True
E00918,Male,35,30-39,Married,High School,Human Resources,Recruiter,4,Delhi,Full-Time,2024-10-29,True
E00919,Male,29,Under 30,Single,High School,Research & Development,Research Scientist,2,Mumbai,Contract,2020-01-06,True
E00920,Female,27,Under 30,Married,Master,IT,Software Engineer,3,Hyderabad,Full-Time,2025-08-09,False
E00921,Male,35,30-39,Married,Master,Finance,Accountant,5,Bengaluru,Full-Time,2023-05-28,False
E00922,Female,30,30-39,Single,Diploma,Marketing,SEO Specialist,1,Hyderabad,Full-Time,2025-03-11,False
E00923,Male,34,30-39,Married,High School,Finance,Accountant,4,Chennai,Full-Time,2025-05-02,True
E00924,Male,32,30-39,Married,Bachelor,Finance,Credit Analyst,4,Mumbai,Full-Time,2022-02-16,True
E00925,Female,29,Under 30,Married,Diploma,IT,Software Engineer,2,Chennai,Contract,2024-03-09,True
E00926,Male,28,Under 30,Married,Bachelor,Sales,Sales Executive,1,Bengaluru,Full-Time,2022-03-07,True
E00927,Female,33,30-39,Married,Master,IT,Data Analyst,1,Remote,Full-Time,2023-09-16,True
E00928,Male,28,Under 30,Single,High School,Marketing,Content Writer,2,Chennai,Part-Time,2024-02-28,False
E00929,Male,29,Under 30,Divorced,Bachelor,Sales,Sales Executive,2,Chennai,Full-Time,2023-07-04,False
E00930,Female,31,30-39,Single,Master,Sales,Sales Executive,1,Hyderabad,Full-Time,2024-07-25,True
E00931,Male,40,40-49,Married,Master,Customer Support,Support Lead,6,Delhi,Full-Time,2021-07-23,True
E00932,Female,29,Under 30,Single,High School,IT,Data Analyst,1,Delhi,Full-Time,2022-09-16,False
E00933,Male,25,Under 30,Married,Bachelor,Operations,Quality Analyst,2,Bengaluru,Part-Time,2024-10-05,False
E00934,Male,27,Under 30,Married,High School,Research & Development,Data Scientist,2,Remote,Full-Time,2021-07-20,True
E00935,Male,26,Under 30,Married,Bachelor,Operations,Logistics Coordinator,2,Remote,Full-Time,2021-11-08,False
E00936,Female,32,30-39,Married,High School,Operations,Operations Analyst,1,Hyderabad,Full-Time,2020-02-22,True
E00937,Male,33,30-39,Single,High School,Sales,Sales Executive,6,Mumbai,Contract,2021-01-26,True
E00938,Male,29,Under 30,Married,Master,Finance,Credit Analyst,1,Chennai,Full-Time,2025-03-16,True
E00939,Female,34,30-39,Married,PhD,IT,IT Support,1,Mumbai,Full-Time,2024-02-01,False
E00940,Male,37,30-39,Married,Master,Customer Support,Support Lead,4,Delhi,Part-Time,2020-06-18,True
E00941,Male,29,Under 30,Married,Master,Research & Development,Product Engineer,3,Remote,Full-Time,2021-05-18,True
E00942,Male,41,40-49,Single,High School,Human Resources,Recruiter,7,Bengaluru,Full-Time,2020-07-19,True
E00943,Female,34,30-39,Married,High School,Operations,Logistics Coordinator,4,Delhi,Full-Time,2024-06-29,True
E00944,Male,34,30-39,Married,Bachelor,IT,DevOps Engineer,6,Chennai,Full-Time,2021-06-13,True
E00945,Male,34,30-39,Divorced,PhD,IT,DevOps Engineer,2,Remote,Full-Time,2021-10-25,True
E00946,Female,28,Under 30,Married,Master,Customer Support,Escalation Specialist,2,Chennai,Full-Time,2024-05-22,True
E00947,Female,40,40-49,Single,Diploma,Research & Development,Research Scientist,5,Mumbai,Full-Time,2024-09-15,True
E00948,Male,30,30-39,Married,Diploma,Marketing,Marketing Analyst,4,Bengaluru,Full-Time,2023-03-14,True
E00949,Female,31,30-39,Married,High School,Marketing,Marketing Analyst,1,Chennai,Full-Time,2020-10-17,True
E00950,Male,42,40-49,Married,PhD,IT,IT Support,5,Remote,Full-Time,2020-08-19,True
E00951,Male,27,Under 30,Married,Bachelor,Finance,Financial Analyst,1,Chennai,Full-Time,2020-06-20,True
E00952,Female,27,Under 30,Married,Master,Customer Support,Support Agent,2,Chennai,Full-Time,2021-06-16,False
E00953,Male,40,40-49,Married,High School,IT,Software Engineer,4,Chennai,Full-Time,2020-04-08,True
E00954,Female,36,30-39,Single,Diploma,Marketing,Marketing Analyst,3,Bengaluru,Part-Time,2024-07-01,True
E00955,Male,27,Under 30,Married,PhD,Customer Support,Support Lead,1,Remote,Full-Time,2025-05-02,False
E00956,Male,41,40-49,Married,Diploma,Sales,Business Development,5,Delhi,Full-Time,2023-04-14,True
E00957,Female,41,40-49,Single,Diploma,Human Resources,HR Generalist,5,Delhi,Full-Time,2021-03-23,True
E00958,Male,35,30-39,Married,Bachelor,IT,Data Analyst,3,Remote,Full-Time,2025-04-20,True
E00959,Female,26,Under 30,Single,High School,Customer Support,Escalation Specialist,1,Mumbai,Full-Time,2022-12-15,True
E00960,Male,33,30-39,Single,Diploma,Operations,Logistics Coordinator,3,Mumbai,Full-Time,2020-06-01,True
E00961,Female,23,Under 30,Married,High School,IT,DevOps Engineer,1,Chennai,Full-Time,2020-11-20,True
E00962,Male,23,Under 30,Single,Diploma,Research & Development,Product Engineer,1,Mumbai,Full-Time,2023-11-01,False
E00963,Male,29,Under 30,Single,Diploma,Marketing,Marketing Analyst,1,Chennai,Full-Time,2020-04-17,True
E00964,Female,36,30-39,Married,Master,Marketing,Content Writer,7,Bengaluru,Full-Time,2022-10-12,True
E00965,Male,31,30-39,Married,High School,Operations,Logistics Coordinator,1,Remote,Full-Time,2025-03-23,False
E00966,Male,29,Under 30,Married,Master,Sales,Account Executive,1,Chennai,Contract,2022-01-19,True
E00967,Male,30,30-39,Married,Bachelor,Customer Support,Support Agent,2,Delhi,Full-Time,2025-02-21,True
E00968,Male,30,30-39,Married,High School,Human Resources,HR Analyst,2,Chennai,Full-Time,2023-12-04,False
E00969,Female,30,30-39,Married,Diploma,Research & Development,Research Scientist,2,Bengaluru,Full-Time,2025-03-15,True
E00970,Male,39,30-39,Married,Bachelor,Marketing,Content Writer,5,Delhi,Full-Time,2022-09-26,True
E00971,Female,39,30-39,Single,High School,Sales,Business Development,4,Remote,Full-Time,2021-11-11,True
E00972,Female,35,30-39,Single,High School,Sales,Account Executive,2,Bengaluru,Contract,2023-07-28,False
E00973,Male,38,30-39,Married,High School,Finance,Credit Analyst,4,Chennai,Full-Time,2020-11-01,True
E00974,Male,36,30-39,Married,Diploma,IT,DevOps Engineer,7,Chennai,Full-Time,2022-05-06,True
E00975,Male,41,40-49,Married,PhD,Sales,Business Development,6,Chennai,Full-Time,2024-01-24,True
E00976,Male,30,30-39,Married,Master,Operations,Quality Analyst,2,Mumbai,Full-Time,2024-09-25,False
E00977,Female,34,30-39,Married,Bachelor,Human Resources,HR Analyst,1,Delhi,Full-Time,2021-10-11,True
E00978,Female,28,Under 30,Married,Diploma,Human Resources,HR Analyst,1,Remote,Full-Time,2020-05-25,False
E00979,Male,26,Under 30,Married,PhD,Sales,Business Development,1,Hyderabad,Full-Time,2020-02-19,True
E00980,Male,24,Under 30,Married,PhD,IT,DevOps Engineer,1,Chennai,Full-Time,2024-10-20,True
E00981,Male,32,30-39,Divorced,Diploma,Operations,Logistics Coordinator,5,Mumbai,Full-Time,2024-07-20,False
E00982,Female,28,Under 30,Married,Bachelor,IT,Software Engineer,3,Bengaluru,Full-Time,2023-07-17,True
E00983,Male,27,Under 30,Single,Bachelor,Sales,Account Executive,3,Remote,Full-Time,2020-08-29,True
E00984,Female,46,40-49,Married,Diploma,Customer Support,Support Agent,7,Delhi,Full-Time,2022-05-04,True
E00985,Female,36,30-39,Married,Bachelor,IT,Software Engineer,5,Mumbai,Part-Time,2022-07-07,True
E00986,Male,25,Under 30,Married,Bachelor,Customer Support,Escalation Specialist,2,Mumbai,Full-Time,2023-08-12,True
E00987,Female,27,Under 30,Married,PhD,IT,Data Analyst,2,Remote,Full-Time,2023-09-16,True
E00988,Female,30,30-39,Married,Bachelor,Finance,Credit Analyst,2,Delhi,Full-Time,2021-03-26,True
E00989,Male,37,30-39,Single,High School,Marketing,Content Writer,5,Mumbai,Contract,2025-11-23,True
E00990,Female,34,30-39,Married,High School,Customer Support,Support Lead,4,Remote,Full-Time,2020-05-25,False
E00991,Female,36,30-39,Married,PhD,IT,Software Engineer,3,Hyderabad,Full-Time,2022-03-10,True
E00992,Female,29,Under 30,Married,PhD,Customer Support,Support Agent,3,Bengaluru,Full-Time,2025-10-18,False
E00993,Male,25,Under 30,Married,PhD,Finance,Accountant,2,Delhi,Full-Time,2024-02-25,True
E00994,Male,33,30-39,Single,Bachelor,Marketing,SEO Specialist,1,Hyderabad,Part-Time,2023-12-25,True
E00995,Male,43,40-49,Married,PhD,Sales,Sales Executive,7,Chennai,Full-Time,2025-10-14,True
E00996,Female,35,30-39,Married,Diploma,Operations,Operations Analyst,3,Remote,Full-Time,2025-06-20,True
E00997,Female,28,Under 30,Married,PhD,Finance,Credit Analyst,1,Bengaluru,Full-Time,2021-12-27,False
E00998,Male,31,30-39,Married,PhD,Finance,Financial Analyst,4,Mumbai,Full-Time,2024-11-07,True
E00999,Female,38,30-39,Single,PhD,Research & Development,Product Engineer,3,Delhi,Full-Time,2021-12-08,True
E01000,Male,32,30-39,Single,Diploma,Research & Development,Product Engineer,3,Chennai,Part-Time,2022-03-12,True
E01001,Male,37,30-39,Single,Diploma,Customer Support,Support Agent,4,Delhi,Full-Time,2022-07-06,True
E01002,Female,30,30-39,Married,Master,Operations,Operations Analyst,4,Remote,Full-Time,2025-08-04,True
E01003,Male,39,30-39,Married,Bachelor,Finance,Credit Analyst,5,Bengaluru,Full-Time,2024-04-11,True
E01004,Male,29,Under 30,Married,PhD,Finance,Financial Analyst,2,Delhi,Full-Time,2020-05-21,True
E01005,Male,30,30-39,Married,Master,Sales,Business Development,4,Hyderabad,Full-Time,2024-07-05,True
E01006,Female,24,Under 30,Married,Bachelor,IT,DevOps Engineer,1,Chennai,Part-Time,2022-12-14,True
E01007,Female,35,30-39,Single,PhD,Operations,Logistics Coordinator,2,Bengaluru,Full-Time,2020-05-04,True
E01008,Female,38,30-39,Married,Diploma,Operations,Operations Analyst,3,Bengaluru,Full-Time,2025-11-10,True
E01009,Male,31,30-39,Married,Master,IT,DevOps Engineer,2,Bengaluru,Full-Time,2021-02-24,True
E01010,Female,32,30-39,Single,Master,Sales,Account Executive,2,Mumbai,Full-Time,2025-11-26,False
E01011,Female,27,Under 30,Single,High School,Operations,Quality Analyst,1,Remote,Full-Time,2025-11-20,True
E01012,Female,25,Under 30,Single,High School,Marketing,Content Writer,2,Delhi,Full-Time,2020-05-11,True
E01013,Female,38,30-39,Married,High School,Research & Development,Data Scientist,4,Mumbai,Full-Time,2020-06-05,True
E01014,Male,35,30-39,Single,Diploma,Customer Support,Support Agent,3,Remote,Full-Time,2023-09-13,True
E01015,Female,35,30-39,Married,High School,Marketing,Content Writer,2,Bengaluru,Full-Time,2024-05-08,True
E01016,Female,38,30-39,Married,Master,IT,IT Support,5,Delhi,Full-Time,2024-08-02,True
E01017,Male,36,30-39,Single,High School,Human Resources,HR Generalist,5,Bengaluru,Full-Time,2023-09-13,True
E01018,Male,30,30-39,Married,PhD,IT,IT Support,3,Bengaluru,Full-Time,2023-05-17,True
E01019,Male,37,30-39,Married,PhD,Finance,Financial Analyst,3,Delhi,Full-Time,2024-10-07,True
E01020,Female,32,30-39,Married,Master,Marketing,Content Writer,4,Delhi,Full-Time,2022-02-10,True
E01021,Female,32,30-39,Married,Diploma,IT,Data Analyst,2,Bengaluru,Part-Time,2025-06-28,False
E01022,Male,34,30-39,Divorced,Bachelor,Research & Development,Research Scientist,3,Delhi,Full-Time,2021-11-05,True
E01023,Male,33,30-39,Married,Bachelor,Research & Development,Research Scientist,2,Remote,Full-Time,2024-06-29,True
E01024,Male,31,30-39,Married,High School,Customer Support,Support Lead,3,Hyderabad,Full-Time,2020-04-09,True
E01025,Female,36,30-39,Married,Diploma,Finance,Accountant,4,Bengaluru,Full-Time,2025-09-03,True
E01026,Male,34,30-39,Divorced,High School,Human Resources,HR Analyst,1,Remote,Full-Time,2022-08-17,True
E01027,Male,34,30-39,Single,PhD,Research & Development,Data Scientist,5,Hyderabad,Full-Time,2025-09-14,True
E01028,Female,27,Under 30,Single,Bachelor,Research & Development,Data Scientist,2,Hyderabad,Full-Time,2020-03-04,True
E01029,Male,30,30-39,Married,PhD,Human Resources,HR Analyst,1,Hyderabad,Full-Time,2020-08-26,True
E01030,Female,39,30-39,Married,Bachelor,Research & Development,Data Scientist,4,Mumbai,Full-Time,2025-02-04,True
E01031,Female,32,30-39,Single,Diploma,Operations,Quality Analyst,1,Remote,Full-Time,2023-11-11,False
E01032,Female,23,Under 30,Single,Diploma,IT,Data Analyst,1,Delhi,Full-Time,2025-07-24,True
E01033,Female,28,Under 30,Single,PhD,Operations,Quality Analyst,1,Bengaluru,Full-Time,2025-05-07,True
E01034,Female,35,30-39,Married,PhD,Research & Development,Research Scientist,3,Mumbai,Full-Time,2023-11-21,True
E01035,Female,33,30-39,Married,High School,Operations,Operations Analyst,3,Remote,Full-Time,2023-11-14,True
E01036,Male,35,30-39,Married,PhD,Customer Support,Support Agent,3,Remote,Full-Time,2021-09-06,True
E01037,Female,37,30-39,Married,Master,Operations,Operations Analyst,5,Hyderabad,Contract,2025-06-07,False
E01038,Male,24,Under 30,Married,Master,Human Resources,HR Generalist,1,Mumbai,Full-Time,2025-11-28,True
E01039,Male,27,Under 30,Married,Bachelor,Customer Support,Support Lead,3,Remote,Part-Time,2023-07-06,True
E01040,Female,28,Under 30,Married,Bachelor,Operations,Operations Analyst,2,Delhi,Full-Time,2021-11-13,True
E01041,Female,34,30-39,Married,High School,Human Resources,Recruiter,3,Delhi,Full-Time,2020-02-07,True
E01042,Female,26,Under 30,Married,High School,IT,Data Analyst,1,Delhi,Full-Time,2023-04-15,True
E01043,Male,28,Under 30,Single,Master,Marketing,SEO Specialist,1,Bengaluru,Full-Time,2020-09-02,True
E01044,Male,31,30-39,Married,Bachelor,Customer Support,Support Lead,3,Mumbai,Full-Time,2021-03-30,True
E01045,Female,32,30-39,Single,Master,Sales,Business Development,4,Remote,Full-Time,2023-12-15,False
E01046,Male,23,Under 30,Married,Master,Sales,Account Executive,1,Hyderabad,Full-Time,2023-01-18,True
E01047,Male,33,30-39,Married,Master,Customer Support,Escalation Specialist,2,Mumbai,Full-Time,2025-02-14,False
E01048,Female,31,30-39,Single,Bachelor,Customer Support,Support Agent,1,Bengaluru,Full-Time,2020-11-02,True
E01049,Male,36,30-39,Single,High School,Marketing,Content Writer,3,Chennai,Full-Time,2020-07-16,True
E01050,Male,32,30-39,Married,Diploma,Sales,Sales Executive,1,Delhi,Full-Time,2025-09-30,True
E01051,Female,36,30-39,Married,Master,Research & Development,Product Engineer,7,Bengaluru,Full-Time,2023-03-26,True
E01052,Female,27,Under 30,Married,High School,Research & Development,Research Scientist,1,Delhi,Full-Time,2023-02-25,True
E01053,Male,44,40-49,Married,Bachelor,Operations,Quality Analyst,6,Bengaluru,Full-Time,2025-09-16,True
E01054,Female,28,Under 30,Married,Master,Finance,Credit Analyst,1,Bengaluru,Full-Time,2023-11-20,True
E01055,Male,43,40-49,Single,Bachelor,Sales,Account Executive,6,Delhi,Full-Time,2023-12-04,True
E01056,Female,30,30-39,Married,Master,Sales,Business Development,2,Remote,Full-Time,2020-07-07,True
E01057,Female,37,30-39,Married,Diploma,Customer Support,Support Lead,5,Remote,Part-Time,2022-08-08,True
E01058,Male,33,30-39,Married,PhD,Sales,Business Development,4,Hyderabad,Part-Time,2024-11-03,True
E01059,Female,35,30-39,Single,Diploma,Human Resources,HR Generalist,4,Mumbai,Full-Time,2024-02-19,True
E01060,Female,30,30-39,Married,Diploma,Marketing,SEO Specialist,4,Remote,Full-Time,2025-09-10,True
E01061,Male,41,40-49,Married,Bachelor,Operations,Quality Analyst,5,Hyderabad,Full-Time,2020-11-30,True
E01062,Male,31,30-39,Single,High School,Sales,Sales Executive,1,Bengaluru,Full-Time,2025-10-23,True
E01063,Female,28,Under 30,Married,High School,IT,DevOps Engineer,1,Chennai,Full-Time,2024-02-18,True
E01064,Male,23,Under 30,Married,Diploma,Customer Support,Support Agent,1,Hyderabad,Full-Time,2022-09-13,True
E01065,Female,23,Under 30,Single,Bachelor,Operations,Logistics Coordinator,1,Mumbai,Full-Time,2021-01-30,True
E01066,Female,30,30-39,Single,PhD,Sales,Business Development,3,Hyderabad,Part-Time,2020-03-22,True
E01067,Male,27,Under 30,Married,PhD,Sales,Business Development,2,Bengaluru,Full-Time,2024-04-12,True
E01068,Female,32,30-39,Married,Bachelor,Sales,Account Executive,1,Chennai,Contract,2022-03-22,False
E01069,Male,32,30-39,Married,Diploma,Research & Development,Research Scientist,5,Remote,Full-Time,2024-03-24,True
E01070,Male,29,Under 30,Married,PhD,Sales,Business Development,1,Bengaluru,Full-Time,2022-07-13,True
E01071,Female,26,Under 30,Single,Master,Customer Support,Support Agent,2,Hyderabad,Full-Time,2021-11-27,True
E01072,Male,31,30-39,Married,High School,IT,DevOps Engineer,2,Bengaluru,Full-Time,2024-04-15,True
E01073,Female,36,30-39,Married,Master,Operations,Operations Analyst,6,Hyderabad,Full-Time,2023-04-22,True
E01074,Male,34,30-39,Divorced,Master,Customer Support,Support Lead,3,Delhi,Full-Time,2021-09-20,True
E01075,Female,33,30-39,Married,High School,IT,Software Engineer,3,Delhi,Full-Time,2021-08-10,True
E01076,Male,28,Under 30,Married,Bachelor,Marketing,Content Writer,1,Delhi,Full-Time,2023-12-25,False
E01077,Female,31,30-39,Married,Master,Research & Development,Data Scientist,1,Remote,Full-Time,2023-04-20,False
E01078,Female,23,Under 30,Married,High School,Finance,Accountant,1,Hyderabad,Full-Time,2020-07-22,False
E01079,Female,30,30-39,Divorced,Bachelor,Research & Development,Research Scientist,1,Bengaluru,Full-Time,2021-02-04,False
E01080,Female,38,30-39,Married,High School,Sales,Business Development,3,Hyderabad,Full-Time,2022-11-06,True
E01081,Male,31,30-39,Married,Bachelor,Operations,Quality Analyst,3,Bengaluru,Full-Time,2021-06-26,True
E01082,Male,28,Under 30,Married,High School,Research & Development,Research Scientist,2,Mumbai,Full-Time,2025-07-10,True
E01083,Female,33,30-39,Married,High School,IT,DevOps Engineer,3,Hyderabad,Full-Time,2025-11-16,True
E01084,Female,36,30-39,Single,Diploma,Operations,Logistics Coordinator,5,Bengaluru,Full-Time,2021-12-14,True
E01085,Female,33,30-39,Single,Diploma,Finance,Credit Analyst,2,Delhi,Full-Time,2025-04-25,False
E01086,Male,34,30-39,Married,Diploma,Sales,Business Development,3,Mumbai,Contract,2021-12-02,False
E01087,Male,31,30-39,Married,PhD,Customer Support,Escalation Specialist,2,Delhi,Full-Time,2021-01-01,True
E01088,Male,36,30-39,Single,PhD,Finance,Financial Analyst,2,Remote,Part-Time,2022-12-31,True
E01089,Female,28,Under 30,Divorced,Master,IT,DevOps Engineer,2,Hyderabad,Full-Time,2020-08-22,True
E01090,Male,29,Under 30,Married,Diploma,Executive,CFO,3,Chennai,Part-Time,2023-10-03,True
E01091,Male,27,Under 30,Married,PhD,Research & Development,Data Scientist,3,Chennai,Full-Time,2025-07-20,False
E01092,Male,33,30-39,Married,Diploma,Sales,Business Development,2,Delhi,Part-Time,2021-05-30,True
E01093,Female,39,30-39,Married,Bachelor,Research & Development,Product Engineer,4,Bengaluru,Full-Time,2023-05-19,True
E01094,Male,36,30-39,Married,PhD,Customer Support,Support Agent,7,Chennai,Full-Time,2024-11-26,True
E01095,Female,35,30-39,Married,Bachelor,Research & Development,Research Scientist,5,Bengaluru,Full-Time,2021-11-04,True
E01096,Female,34,30-39,Divorced,High School,Sales,Sales Executive,5,Mumbai,Full-Time,2020-12-21,True
E01097,Male,30,30-39,Married,Master,IT,DevOps Engineer,1,Bengaluru,Full-Time,2021-06-13,True
E01098,Female,36,30-39,Married,PhD,Marketing,Content Writer,6,Mumbai,Full-Time,2023-11-01,True
E01099,Female,30,30-39,Single,PhD,Customer Support,Escalation Specialist,2,Chennai,Full-Time,2023-02-09,False
E01100,Female,25,Under 30,Divorced,PhD,Finance,Financial Analyst,2,Delhi,Full-Time,2021-04-01,True
E01101,Female,34,30-39,Married,High School,Sales,Account Executive,2,Chennai,Full-Time,2024-06-09,True
E01102,Male,29,Under 30,Married,PhD,Sales,Account Executive,4,Chennai,Full-Time,2023-04-01,True
E01103,Female,28,Under 30,Single,Diploma,Marketing,SEO Specialist,1,Chennai,Full-Time,2023-01-05,True
E01104,Male,41,40-49,Married,Bachelor,Customer Support,Support Agent,5,Chennai,Full-Time,2022-03-09,False
E01105,Female,32,30-39,Married,Bachelor,Customer Support,Support Lead,1,Chennai,Full-Time,2022-09-15,True
E01106,Male,25,Under 30,Married,High School,Sales,Account Executive,2,Remote,Full-Time,2024-01-04,True
E01107,Male,30,30-39,Married,Diploma,IT,IT Support,1,Bengaluru,Full-Time,2025-05-20,True
E01108,Male,34,30-39,Single,Diploma,Operations,Quality Analyst,4,Bengaluru,Full-Time,2020-12-09,False
E01109,Female,31,30-39,Married,Bachelor,Research & Development,Research Scientist,1,Chennai,Full-Time,2023-05-22,True
E01110,Male,42,40-49,Married,Master,Human Resources,HR Generalist,5,Hyderabad,Full-Time,2020-10-13,True
E01111,Female,33,30-39,Divorced,Master,Human Resources,HR Generalist,1,Bengaluru,Full-Time,2021-04-11,True
E01112,Male,34,30-39,Married,Bachelor,IT,Data Analyst,3,Hyderabad,Full-Time,2022-02-01,True
E01113,Female,38,30-39,Married,Master,Research & Development,Research Scientist,5,Mumbai,Full-Time,2020-05-23,True
E01114,Female,38,30-39,Married,Master,Operations,Operations Analyst,3,Bengaluru,Full-Time,2020-06-30,True
E01115,Male,41,40-49,Married,Diploma,Customer Support,Escalation Specialist,7,Bengaluru,Full-Time,2024-11-06,False
E01116,Female,30,30-39,Married,Diploma,Operations,Quality Analyst,2,Remote,Full-Time,2022-12-31,True
E01117,Female,40,40-49,Married,High School,Human Resources,HR Analyst,5,Hyderabad,Full-Time,2023-09-19,True
E01118,Female,31,30-39,Married,PhD,IT,DevOps Engineer,3,Remote,Full-Time,2023-03-06,True
E01119,Female,34,30-39,Single,Bachelor,Research & Development,Product Engineer,6,Mumbai,Full-Time,2025-01-01,False
E01120,Male,29,Under 30,Married,PhD,Customer Support,Escalation Specialist,2,Chennai,Full-Time,2025-05-02,True
E01121,Male,33,30-39,Single,High School,Research & Development,Product Engineer,4,Mumbai,Full-Time,2022-05-10,False
E01122,Male,43,40-49,Married,Diploma,IT,Software Engineer,6,Mumbai,Full-Time,2023-09-05,True
E01123,Female,38,30-39,Married,Bachelor,Finance,Financial Analyst,7,Hyderabad,Part-Time,2022-11-29,True
E01124,Male,40,40-49,Married,Diploma,Operations,Quality Analyst,4,Chennai,Full-Time,2024-07-23,True
E01125,Male,30,30-39,Single,High School,Sales,Sales Executive,1,Mumbai,Part-Time,2023-11-05,True
E01126,Female,26,Under 30,Single,Diploma,IT,IT Support,1,Chennai,Full-Time,2023-03-14,True
E01127,Male,32,30-39,Divorced,Master,Finance,Accountant,3,Hyderabad,Full-Time,2025-01-18,False
E01128,Female,36,30-39,Divorced,Master,Finance,Financial Analyst,4,Chennai,Part-Time,2022-09-22,True
E01129,Male,24,Under 30,Married,Diploma,Marketing,Marketing Analyst,1,Remote,Full-Time,2022-12-21,False
E01130,Male,36,30-39,Married,High School,Human Resources,Recruiter,2,Chennai,Full-Time,2025-04-01,True
E01131,Male,25,Under 30,Married,Diploma,Customer Support,Support Agent,1,Hyderabad,Full-Time,2025-02-12,True
E01132,Male,36,30-39,Married,PhD,Sales,Business Development,4,Delhi,Full-Time,2025-04-10,False
E01133,Male,35,30-39,Married,PhD,IT,Data Analyst,3,Delhi,Contract,2022-09-13,True
E01134,Male,35,30-39,Single,High School,Customer Support,Support Lead,5,Bengaluru,Full-Time,2025-09-06,True
E01135,Male,29,Under 30,Single,High School,Operations,Operations Analyst,2,Remote,Contract,2021-09-30,True
E01136,Male,35,30-39,Married,PhD,Customer Support,Escalation Specialist,2,Mumbai,Full-Time,2024-03-08,True
E01137,Male,33,30-39,Single,Master,Customer Support,Support Lead,3,Bengaluru,Full-Time,2022-08-30,True
E01138,Female,28,Under 30,Married,Diploma,IT,Data Analyst,1,Mumbai,Full-Time,2025-08-22,True
E01139,Male,29,Under 30,Married,High School,Research & Development,Research Scientist,3,Remote,Full-Time,2020-03-17,True
E01140,Female,32,30-39,Single,Master,Sales,Account Executive,3,Hyderabad,Full-Time,2023-07-01,False
E01141,Male,36,30-39,Married,PhD,Finance,Accountant,3,Chennai,Full-Time,2023-10-31,True
E01142,Female,38,30-39,Single,Bachelor,Customer Support,Support Agent,3,Bengaluru,Full-Time,2020-02-17,True
E01143,Female,38,30-39,Single,High School,Operations,Operations Analyst,5,Chennai,Full-Time,2024-06-28,True
E01144,Female,36,30-39,Single,Diploma,Finance,Financial Analyst,2,Remote,Full-Time,2022-06-03,True
E01145,Female,25,Under 30,Married,Diploma,Operations,Quality Analyst,1,Mumbai,Full-Time,2021-01-07,True
E01146,Female,38,30-39,Married,Diploma,Marketing,Marketing Analyst,7,Remote,Full-Time,2025-05-20,True
E01147,Male,26,Under 30,Married,Bachelor,Finance,Accountant,2,Hyderabad,Contract,2021-11-02,False
E01148,Male,25,Under 30,Married,Master,Sales,Sales Executive,2,Bengaluru,Full-Time,2023-04-09,True
E01149,Female,33,30-39,Married,Bachelor,IT,Data Analyst,1,Delhi,Full-Time,2020-12-21,False
E01150,Male,38,30-39,Married,High School,Research & Development,Product Engineer,4,Bengaluru,Full-Time,2021-10-14,True
E01151,Male,37,30-39,Married,Diploma,Research & Development,Research Scientist,4,Hyderabad,Full-Time,2024-05-22,True
E01152,Female,26,Under 30,Single,Bachelor,Marketing,Marketing Analyst,2,Hyderabad,Full-Time,2021-06-22,True
E01153,Female,24,Under 30,Single,Bachelor,IT,Software Engineer,1,Chennai,Full-Time,2023-06-03,False
E01154,Female,23,Under 30,Single,PhD,Customer Support,Support Lead,1,Mumbai,Full-Time,2022-03-17,False
E01155,Female,34,30-39,Married,PhD,Executive,COO,4,Remote,Full-Time,2023-09-05,True
E01156,Female,31,30-39,Single,High School,Research & Development,Research Scientist,1,Chennai,Full-Time,2020-12-12,True
E01157,Male,30,30-39,Married,Master,Sales,Business Development,4,Chennai,Full-Time,2020-04-14,False
E01158,Female,33,30-39,Divorced,Bachelor,Sales,Business Development,4,Remote,Full-Time,2025-05-18,True
E01159,Female,39,30-39,Single,Bachelor,IT,DevOps Engineer,5,Hyderabad,Full-Time,2025-03-03,True
E01160,Male,35,30-39,Married,Bachelor,Marketing,Content Writer,5,Remote,Full-Time,2024-07-29,True
E01161,Male,32,30-39,Divorced,PhD,IT,IT Support,3,Chennai,Full-Time,2023-02-02,False
E01162,Female,37,30-39,Married,High School,Customer Support,Support Agent,5,Hyderabad,Full-Time,2021-09-09,False
E01163,Female,36,30-39,Married,Bachelor,IT,Data Analyst,4,Bengaluru,Full-Time,2022-05-11,True
E01164,Female,30,30-39,Married,Master,IT,Data Analyst,3,Delhi,Full-Time,2022-02-27,True
E01165,Female,35,30-39,Divorced,Diploma,Sales,Sales Executive,3,Remote,Full-Time,2021-10-15,True
E01166,Male,25,Under 30,Married,Master,IT,Software Engineer,1,Chennai,Full-Time,2022-05-05,True
E01167,Female,30,30-39,Married,High School,Operations,Quality Analyst,1,Bengaluru,Full-Time,2022-09-20,False
E01168,Female,28,Under 30,Married,Diploma,Executive,COO,3,Delhi,Full-Time,2024-03-16,True
E01169,Male,27,Under 30,Married,Bachelor,Finance,Credit Analyst,2,Chennai,Full-Time,2023-08-30,False
E01170,Female,27,Under 30,Married,PhD,IT,Software Engineer,3,Chennai,Full-Time,2024-09-04,True
E01171,Male,37,30-39,Single,High School,Customer Support,Support Agent,4,Delhi,Full-Time,2025-09-22,False
E01172,Female,27,Under 30,Married,Bachelor,Finance,Credit Analyst,3,Delhi,Full-Time,2022-12-16,True
E01173,Female,40,40-49,Married,Master,Operations,Logistics Coordinator,6,Chennai,Full-Time,2024-04-10,True
E01174,Male,29,Under 30,Married,Master,Finance,Accountant,1,Remote,Full-Time,2022-10-31,True
E01175,Female,28,Under 30,Married,Master,Sales,Sales Executive,3,Mumbai,Full-Time,2020-12-20,False
E01176,Male,32,30-39,Single,PhD,Marketing,Marketing Analyst,5,Mumbai,Full-Time,2022-11-25,True
E01177,Male,33,30-39,Single,Diploma,Marketing,SEO Specialist,2,Bengaluru,Full-Time,2025-04-28,True
E01178,Male,37,30-39,Single,Diploma,Customer Support,Escalation Specialist,4,Bengaluru,Full-Time,2022-06-19,True
E01179,Male,34,30-39,Divorced,Bachelor,Research & Development,Research Scientist,1,Delhi,Part-Time,2020-04-04,True
E01180,Female,30,30-39,Married,PhD,IT,IT Support,2,Mumbai,Full-Time,2022-07-22,True
E01181,Female,30,30-39,Single,High School,Research & Development,Data Scientist,3,Chennai,Full-Time,2021-09-04,True
E01182,Male,35,30-39,Single,Bachelor,Finance,Financial Analyst,6,Remote,Full-Time,2022-02-07,True
E01183,Male,38,30-39,Married,High School,Finance,Accountant,4,Hyderabad,Full-Time,2023-10-26,True
E01184,Male,33,30-39,Single,Master,Operations,Quality Analyst,3,Bengaluru,Part-Time,2022-04-08,True
E01185,Male,38,30-39,Single,Master,Customer Support,Support Agent,6,Chennai,Part-Time,2020-01-06,True
E01186,Female,35,30-39,Single,Diploma,Marketing,SEO Specialist,2,Mumbai,Full-Time,2023-11-19,False
E01187,Male,34,30-39,Married,Bachelor,Sales,Sales Executive,4,Mumbai,Full-Time,2025-01-04,False
E01188,Female,44,40-49,Married,Master,Sales,Sales Executive,7,Chennai,Full-Time,2023-11-14,False
E01189,Male,38,30-39,Single,PhD,Finance,Financial Analyst,4,Bengaluru,Full-Time,2021-06-05,True
E01190,Female,26,Under 30,Married,Diploma,Research & Development,Research Scientist,1,Bengaluru,Full-Time,2023-12-20,True
E01191,Female,35,30-39,Married,High School,Research & Development,Data Scientist,3,Remote,Full-Time,2021-10-07,True
E01192,Female,25,Under 30,Married,High School,Customer Support,Support Lead,1,Mumbai,Part-Time,2024-08-22,False
E01193,Female,31,30-39,Married,PhD,Marketing,Content Writer,1,Mumbai,Contract,2022-04-22,True
E01194,Female,27,Under 30,Married,Bachelor,Finance,Accountant,3,Mumbai,Full-Time,2022-11-28,True
E01195,Male,37,30-39,Married,Bachelor,Customer Support,Escalation Specialist,3,Delhi,Part-Time,2021-05-20,True
E01196,Male,43,40-49,Married,Diploma,Operations,Operations Analyst,6,Remote,Full-Time,2024-08-30,False
E01197,Female,43,40-49,Married,Bachelor,Human Resources,HR Generalist,6,Chennai,Full-Time,2025-09-21,False
E01198,Female,30,30-39,Married,Master,Human Resources,Recruiter,2,Mumbai,Full-Time,2025-05-11,True
E01199,Male,33,30-39,Married,High School,Human Resources,Recruiter,3,Delhi,Full-Time,2024-04-14,True
E01200,Female,29,Under 30,Married,Bachelor,Marketing,SEO Specialist,3,Mumbai,Full-Time,2023-07-16,True
E01201,Male,28,Under 30,Married,High School,Finance,Financial Analyst,2,Chennai,Full-Time,2021-06-05,False
E01202,Female,31,30-39,Single,Bachelor,Sales,Account Executive,3,Chennai,Full-Time,2024-11-23,True
E01203,Female,30,30-39,Married,Master,Customer Support,Support Lead,2,Bengaluru,Full-Time,2025-04-16,True
E01204,Female,31,30-39,Single,PhD,Marketing,SEO Specialist,1,Remote,Full-Time,2020-06-08,True
E01205,Female,32,30-39,Married,PhD,Sales,Sales Executive,2,Remote,Full-Time,2022-05-18,False
E01206,Female,33,30-39,Married,PhD,Human Resources,HR Analyst,1,Hyderabad,Part-Time,2024-08-11,True
E01207,Female,29,Under 30,Married,Master,Research & Development,Research Scientist,4,Remote,Full-Time,2024-07-18,True
E01208,Female,31,30-39,Single,High School,Operations,Quality Analyst,4,Chennai,Full-Time,2021-03-17,False
E01209,Male,35,30-39,Married,Bachelor,Finance,Accountant,6,Delhi,Full-Time,2022-02-07,True
E01210,Male,31,30-39,Married,Bachelor,IT,DevOps Engineer,1,Mumbai,Full-Time,2024-08-04,False
E01211,Male,25,Under 30,Single,Bachelor,Operations,Quality Analyst,1,Bengaluru,Full-Time,2020-02-04,True
E01212,Female,32,30-39,Married,PhD,Customer Support,Escalation Specialist,1,Hyderabad,Full-Time,2024-06-04,True
E01213,Female,39,30-39,Married,High School,Sales,Account Executive,7,Bengaluru,Full-Time,2023-06-15,True
E01214,Female,33,30-39,Married,Diploma,Sales,Business Development,2,Remote,Full-Time,2023-12-16,True
E01215,Male,37,30-39,Married,Bachelor,Operations,Quality Analyst,4,Remote,Full-Time,2023-02-14,True
E01216,Female,31,30-39,Married,Master,IT,Data Analyst,1,Mumbai,Full-Time,2025-12-15,True
E01217,Female,31,30-39,Married,Bachelor,Finance,Financial Analyst,1,Chennai,Full-Time,2024-11-06,True
E01218,Male,41,40-49,Married,Diploma,Operations,Quality Analyst,5,Mumbai,Full-Time,2025-05-17,False
E01219,Male,33,30-39,Married,Diploma,Sales,Sales Executive,3,Hyderabad,Part-Time,2020-06-17,True
E01220,Female,33,30-39,Married,PhD,Operations,Quality Analyst,4,Hyderabad,Full-Time,2023-03-10,True
E01221,Female,27,Under 30,Married,Bachelor,Finance,Financial Analyst,3,Remote,Full-Time,2020-12-16,True
E01222,Female,30,30-39,Single,Bachelor,Sales,Sales Executive,3,Delhi,Full-Time,2023-10-06,True
E01223,Female,26,Under 30,Single,Bachelor,Research & Development,Data Scientist,2,Mumbai,Full-Time,2023-10-10,True
E01224,Male,36,30-39,Married,Diploma,IT,IT Support,4,Chennai,Full-Time,2022-02-24,True
E01225,Female,40,40-49,Married,PhD,Customer Support,Support Agent,6,Mumbai,Full-Time,2021-03-12,True
E01226,Female,31,30-39,Married,Master,Operations,Logistics Coordinator,5,Chennai,Full-Time,2023-11-23,True
E01227,Female,30,30-39,Married,Bachelor,Finance,Credit Analyst,1,Bengaluru,Full-Time,2020-06-21,True
E01228,Female,36,30-39,Married,Diploma,Research & Development,Product Engineer,4,Bengaluru,Full-Time,2022-10-15,True
E01229,Male,39,30-39,Married,Diploma,Operations,Operations Analyst,5,Bengaluru,Full-Time,2022-11-23,True
E01230,Female,44,40-49,Single,PhD,Research & Development,Data Scientist,7,Remote,Full-Time,2025-08-05,True
E01231,Female,29,Under 30,Married,PhD,Finance,Accountant,4,Mumbai,Part-Time,2024-11-19,True
E01232,Female,31,30-39,Married,PhD,Operations,Logistics Coordinator,1,Mumbai,Full-Time,2021-01-28,False
E01233,Male,37,30-39,Married,Bachelor,Human Resources,HR Analyst,3,Delhi,Full-Time,2023-10-10,True
E01234,Male,30,30-39,Married,Master,Finance,Accountant,1,Bengaluru,Full-Time,2021-12-23,True
E01235,Male,40,40-49,Single,Master,Finance,Credit Analyst,4,Bengaluru,Full-Time,2024-07-25,True
E01236,Male,38,30-39,Married,PhD,Finance,Credit Analyst,3,Chennai,Full-Time,2025-11-14,True
E01237,Female,28,Under 30,Single,Diploma,Marketing,Content Writer,1,Delhi,Full-Time,2023-02-01,True
E01238,Male,26,Under 30,Single,Diploma,Research & Development,Research Scientist,1,Delhi,Full-Time,2025-02-13,True
E01239,Male,37,30-39,Single,Master,Finance,Credit Analyst,4,Mumbai,Full-Time,2023-10-06,True
E01240,Female,34,30-39,Married,Bachelor,Finance,Financial Analyst,4,Mumbai,Full-Time,2020-08-22,True
E01241,Male,27,Under 30,Married,High School,Sales,Account Executive,3,Mumbai,Full-Time,2023-08-17,True
E01242,Female,31,30-39,Married,Diploma,Research & Development,Research Scientist,4,Delhi,Full-Time,2022-11-11,False
E01243,Female,33,30-39,Married,Master,Operations,Operations Analyst,1,Hyderabad,Full-Time,2025-06-12,True
E01244,Female,32,30-39,Single,High School,Operations,Logistics Coordinator,1,Delhi,Full-Time,2023-06-13,True
E01245,Female,33,30-39,Married,Master,Marketing,Marketing Analyst,1,Chennai,Full-Time,2025-05-20,False
E01246,Female,30,30-39,Married,Master,Operations,Logistics Coordinator,2,Delhi,Full-Time,2024-10-11,False
E01247,Female,34,30-39,Married,Diploma,Human Resources,HR Generalist,2,Remote,Full-Time,2023-02-17,False
E01248,Female,26,Under 30,Married,Master,Operations,Logistics Coordinator,1,Delhi,Full-Time,2025-06-16,False
E01249,Female,25,Under 30,Married,Bachelor,Operations,Quality Analyst,2,Delhi,Full-Time,2021-01-21,True
E01250,Male,36,30-39,Married,Diploma,Research & Development,Product Engineer,6,Hyderabad,Full-Time,2022-09-07,True
E01251,Male,27,Under 30,Married,High School,Sales,Account Executive,3,Bengaluru,Full-Time,2024-06-22,True
E01252,Female,29,Under 30,Married,Diploma,Customer Support,Support Lead,1,Delhi,Full-Time,2022-11-24,True
E01253,Female,32,30-39,Married,PhD,Operations,Operations Analyst,1,Remote,Full-Time,2025-07-13,True
E01254,Female,32,30-39,Single,Bachelor,Marketing,Marketing Analyst,3,Bengaluru,Full-Time,2020-09-12,True
E01255,Female,40,40-49,Married,PhD,Customer Support,Escalation Specialist,5,Mumbai,Full-Time,2022-12-07,False
E01256,Female,40,40-49,Divorced,Master,Customer Support,Support Agent,4,Bengaluru,Part-Time,2020-06-24,False
E01257,Male,34,30-39,Married,Master,Customer Support,Support Agent,5,Mumbai,Full-Time,2024-02-11,True
E01258,Female,31,30-39,Single,Bachelor,IT,DevOps Engineer,3,Hyderabad,Full-Time,2020-03-07,True
E01259,Female,32,30-39,Married,Diploma,Operations,Operations Analyst,3,Bengaluru,Full-Time,2020-02-28,False
E01260,Female,23,Under 30,Married,High School,Sales,Business Development,1,Delhi,Full-Time,2022-02-28,True
E01261,Male,38,30-39,Married,PhD,Operations,Operations Analyst,5,Remote,Full-Time,2020-02-06,True
E01262,Female,31,30-39,Married,High School,Operations,Operations Analyst,2,Bengaluru,Full-Time,2021-11-26,False
E01263,Female,34,30-39,Married,Diploma,Operations,Logistics Coordinator,2,Delhi,Full-Time,2024-12-04,True
E01264,Female,32,30-39,Single,Diploma,Human Resources,HR Analyst,2,Remote,Full-Time,2024-06-20,True
E01265,Female,33,30-39,Single,High School,IT,IT Support,2,Hyderabad,Full-Time,2021-01-03,False
E01266,Male,31,30-39,Single,PhD,IT,Data Analyst,3,Delhi,Full-Time,2023-07-14,True
E01267,Female,33,30-39,Married,PhD,Human Resources,HR Analyst,2,Mumbai,Full-Time,2020-05-07,True
E01268,Male,33,30-39,Married,Bachelor,Sales,Account Executive,3,Mumbai,Full-Time,2025-11-24,False
E01269,Male,34,30-39,Married,Bachelor,Customer Support,Support Agent,1,Remote,Full-Time,2021-10-25,True
E01270,Male,24,Under 30,Married,Bachelor,Marketing,Marketing Analyst,1,Delhi,Full-Time,2024-11-06,True
E01271,Male,38,30-39,Married,PhD,Sales,Sales Executive,4,Bengaluru,Contract,2023-02-06,True
E01272,Female,41,40-49,Married,Diploma,Sales,Account Executive,7,Delhi,Full-Time,2020-10-13,True
E01273,Male,35,30-39,Married,Diploma,Customer Support,Escalation Specialist,3,Delhi,Full-Time,2025-09-12,False
E01274,Male,36,30-39,Married,Master,Operations,Logistics Coordinator,4,Remote,Full-Time,2021-01-04,True
E01275,Male,23,Under 30,Married,High School,Sales,Business Development,1,Mumbai,Full-Time,2023-09-06,True
E01276,Female,27,Under 30,Single,Bachelor,Sales,Business Development,2,Delhi,Full-Time,2022-09-30,True
E01277,Female,35,30-39,Divorced,Diploma,Research & Development,Product Engineer,3,Hyderabad,Full-Time,2021-01-04,True
E01278,Male,24,Under 30,Married,Diploma,Sales,Account Executive,1,Remote,Full-Time,2024-06-27,True
E01279,Male,41,40-49,Married,Bachelor,IT,Software Engineer,5,Delhi,Part-Time,2025-04-06,True
E01280,Female,35,30-39,Married,Diploma,Operations,Operations Analyst,3,Hyderabad,Part-Time,2025-12-07,True
E01281,Male,27,Under 30,Married,Bachelor,Customer Support,Support Agent,3,Delhi,Full-Time,2022-02-02,True
E01282,Male,28,Under 30,Single,PhD,Marketing,SEO Specialist,2,Remote,Full-Time,2020-05-19,True
E01283,Female,28,Under 30,Married,PhD,Finance,Financial Analyst,2,Chennai,Full-Time,2025-01-22,True
E01284,Female,24,Under 30,Single,Master,Customer Support,Support Lead,1,Bengaluru,Full-Time,2024-02-14,False
E01285,Male,26,Under 30,Married,Bachelor,IT,IT Support,2,Bengaluru,Full-Time,2023-08-16,False
E01286,Male,28,Under 30,Married,PhD,Research & Development,Research Scientist,1,Remote,Full-Time,2023-11-01,True
E01287,Male,31,30-39,Married,Diploma,Customer Support,Support Agent,5,Hyderabad,Part-Time,2020-12-21,True
E01288,Female,35,30-39,Married,Master,Customer Support,Escalation Specialist,3,Mumbai,Full-Time,2023-03-14,True
E01289,Male,28,Under 30,Married,Master,IT,IT Support,3,Chennai,Full-Time,2024-03-12,True
E01290,Female,33,30-39,Married,Diploma,Customer Support,Support Lead,2,Hyderabad,Full-Time,2024-06-28,False
E01291,Male,32,30-39,Married,Diploma,Research & Development,Data Scientist,4,Remote,Full-Time,2020-01-01,True
E01292,Male,31,30-39,Married,Bachelor,Customer Support,Escalation Specialist,3,Chennai,Full-Time,2025-12-21,True
E01293,Female,34,30-39,Married,Master,Finance,Financial Analyst,2,Bengaluru,Full-Time,2024-06-15,True
E01294,Female,39,30-39,Married,High School,Research & Development,Product Engineer,7,Chennai,Full-Time,2025-04-08,True
E01295,Male,37,30-39,Married,Bachelor,Human Resources,HR Analyst,4,Bengaluru,Full-Time,2022-01-23,True
E01296,Male,28,Under 30,Single,Master,Research & Development,Data Scientist,3,Delhi,Full-Time,2022-08-26,True
E01297,Female,32,30-39,Single,Diploma,Human Resources,HR Generalist,3,Delhi,Full-Time,2022-07-17,True
E01298,Male,31,30-39,Married,Master,Finance,Accountant,2,Remote,Full-Time,2021-07-29,True
E01299,Female,34,30-39,Married,High School,Operations,Quality Analyst,4,Remote,Full-Time,2021-07-18,True
E01300,Male,33,30-39,Married,Diploma,Customer Support,Escalation Specialist,2,Delhi,Full-Time,2025-11-12,True
E01301,Female,27,Under 30,Single,High School,IT,Data Analyst,1,Remote,Full-Time,2021-09-05,False
E01302,Female,29,Under 30,Divorced,Diploma,Customer Support,Support Lead,4,Bengaluru,Full-Time,2022-12-15,True
E01303,Female,29,Under 30,Married,Bachelor,Customer Support,Support Lead,2,Delhi,Full-Time,2021-05-16,False
E01304,Male,28,Under 30,Married,Diploma,IT,Data Analyst,2,Delhi,Full-Time,2023-01-17,True
E01305,Male,33,30-39,Married,PhD,Customer Support,Support Agent,1,Hyderabad,Full-Time,2020-03-07,True
E01306,Female,28,Under 30,Married,Diploma,Customer Support,Support Agent,3,Chennai,Full-Time,2025-12-29,True
E01307,Male,29,Under 30,Married,PhD,Research & Development,Data Scientist,2,Hyderabad,Full-Time,2023-08-14,True
E01308,Male,29,Under 30,Single,Diploma,Research & Development,Research Scientist,1,Mumbai,Full-Time,2022-11-17,True
E01309,Female,30,30-39,Married,Bachelor,Finance,Credit Analyst,2,Mumbai,Full-Time,2021-03-04,True
E01310,Male,36,30-39,Divorced,High School,Sales,Sales Executive,2,Chennai,Contract,2024-02-07,False
E01311,Male,27,Under 30,Single,PhD,Research & Development,Data Scientist,1,Bengaluru,Full-Time,2023-09-17,True
E01312,Female,36,30-39,Married,Bachelor,Research & Development,Research Scientist,2,Bengaluru,Part-Time,2023-10-22,True
E01313,Female,28,Under 30,Married,High School,Finance,Credit Analyst,1,Bengaluru,Full-Time,2020-07-28,True
E01314,Male,38,30-39,Married,Diploma,Sales,Business Development,6,Chennai,Full-Time,2023-06-09,True
E01315,Female,25,Under 30,Married,High School,Finance,Financial Analyst,1,Hyderabad,Full-Time,2022-04-17,False
E01316,Female,30,30-39,Married,PhD,Research & Development,Research Scientist,3,Remote,Full-Time,2022-07-18,True
E01317,Female,30,30-39,Married,Master,Sales,Sales Executive,1,Delhi,Full-Time,2024-08-13,True
E01318,Female,29,Under 30,Single,Master,Operations,Logistics Coordinator,4,Delhi,Full-Time,2020-01-03,True
E01319,Male,25,Under 30,Married,PhD,Sales,Sales Executive,2,Bengaluru,Full-Time,2025-08-20,True
E01320,Male,30,30-39,Divorced,Master,Customer Support,Escalation Specialist,3,Delhi,Full-Time,2024-07-18,False
E01321,Female,29,Under 30,Married,Bachelor,Sales,Business Development,2,Hyderabad,Full-Time,2024-10-09,True
E01322,Male,41,40-49,Single,Bachelor,Finance,Credit Analyst,5,Chennai,Contract,2020-07-01,True
E01323,Male,28,Under 30,Married,High School,Customer Support,Support Agent,2,Remote,Full-Time,2022-08-08,False
E01324,Female,27,Under 30,Married,Bachelor,Operations,Logistics Coordinator,2,Mumbai,Full-Time,2020-11-13,True
E01325,Male,35,30-39,Divorced,Master,IT,IT Support,2,Hyderabad,Full-Time,2024-02-01,True
E01326,Female,31,30-39,Single,PhD,Operations,Operations Analyst,4,Remote,Full-Time,2021-01-08,True
E01327,Female,31,30-39,Single,High School,Finance,Accountant,5,Delhi,Full-Time,2021-03-02,True
E01328,Female,29,Under 30,Married,Master,Marketing,Marketing Analyst,2,Hyderabad,Full-Time,2025-03-12,True
E01329,Male,33,30-39,Single,Bachelor,Research & Development,Product Engineer,3,Mumbai,Full-Time,2025-12-05,True
E01330,Male,33,30-39,Married,High School,Marketing,SEO Specialist,4,Mumbai,Full-Time,2021-12-19,True
E01331,Female,40,40-49,Married,High School,Sales,Business Development,5,Bengaluru,Full-Time,2020-08-13,True
E01332,Female,24,Under 30,Married,High School,Customer Support,Support Lead,1,Bengaluru,Full-Time,2024-11-09,True
E01333,Female,27,Under 30,Single,Master,Customer Support,Support Agent,3,Hyderabad,Full-Time,2024-10-16,True
E01334,Male,25,Under 30,Married,PhD,Human Resources,HR Generalist,2,Delhi,Full-Time,2023-11-05,True
E01335,Male,37,30-39,Married,Master,Marketing,Content Writer,4,Bengaluru,Part-Time,2024-10-10,True
E01336,Male,33,30-39,Single,Bachelor,Sales,Sales Executive,1,Mumbai,Full-Time,2022-10-08,True
E01337,Male,36,30-39,Married,Master,Finance,Credit Analyst,5,Delhi,Full-Time,2020-11-02,True
E01338,Female,41,40-49,Single,High School,Sales,Business Development,6,Delhi,Part-Time,2022-03-16,True
E01339,Female,32,30-39,Single,Diploma,Customer Support,Support Lead,5,Bengaluru,Full-Time,2025-05-29,True
E01340,Female,39,30-39,Married,High School,Human Resources,Recruiter,7,Bengaluru,Part-Time,2025-01-21,False
E01341,Male,26,Under 30,Married,Bachelor,Marketing,Marketing Analyst,2,Remote,Full-Time,2025-06-24,True
E01342,Male,32,30-39,Married,High School,Operations,Quality Analyst,5,Delhi,Part-Time,2021-05-19,True
E01343,Female,36,30-39,Married,PhD,Human Resources,HR Analyst,2,Chennai,Contract,2022-08-24,True
E01344,Male,35,30-39,Married,Diploma,Research & Development,Product Engineer,2,Mumbai,Full-Time,2023-06-11,False
E01345,Female,30,30-39,Married,High School,Finance,Accountant,1,Hyderabad,Full-Time,2025-01-10,True
E01346,Male,43,40-49,Single,PhD,Customer Support,Support Lead,6,Mumbai,Full-Time,2021-09-26,True
E01347,Female,31,30-39,Married,Diploma,Sales,Business Development,5,Remote,Contract,2022-05-08,True
E01348,Male,33,30-39,Divorced,Master,Customer Support,Escalation Specialist,1,Hyderabad,Full-Time,2025-08-14,False
E01349,Male,36,30-39,Married,Bachelor,IT,DevOps Engineer,3,Hyderabad,Full-Time,2025-09-24,True
E01350,Female,29,Under 30,Married,High School,Executive,COO,2,Bengaluru,Full-Time,2021-03-03,False
E01351,Female,32,30-39,Married,Master,IT,IT Support,1,Chennai,Full-Time,2021-11-02,False
E01352,Male,25,Under 30,Married,High School,Sales,Sales Executive,2,Hyderabad,Full-Time,2025-11-15,True
E01353,Male,33,30-39,Single,Diploma,Operations,Logistics Coordinator,2,Chennai,Full-Time,2023-02-22,True
E01354,Male,32,30-39,Married,PhD,Customer Support,Support Agent,3,Mumbai,Full-Time,2021-02-13,True
E01355,Male,30,30-39,Single,Bachelor,Customer Support,Support Agent,2,Delhi,Full-Time,2020-12-21,True
E01356,Male,34,30-39,Married,Bachelor,Sales,Business Development,2,Chennai,Full-Time,2025-08-27,False
E01357,Female,25,Under 30,Married,PhD,Operations,Logistics Coordinator,1,Delhi,Full-Time,2024-12-16,True
E01358,Male,43,40-49,Married,High School,IT,Software Engineer,6,Chennai,Full-Time,2025-02-19,True
E01359,Male,34,30-39,Single,High School,Operations,Logistics Coordinator,1,Chennai,Full-Time,2022-05-08,True
E01360,Female,33,30-39,Married,High School,Marketing,SEO Specialist,2,Mumbai,Full-Time,2021-01-23,True
E01361,Male,30,30-39,Married,Bachelor,IT,DevOps Engineer,1,Remote,Full-Time,2023-02-03,True
E01362,Female,29,Under 30,Divorced,Diploma,Marketing,Content Writer,1,Delhi,Full-Time,2020-03-02,False
E01363,Male,37,30-39,Divorced,High School,Human Resources,Recruiter,5,Bengaluru,Full-Time,2020-08-03,True
E01364,Female,42,40-49,Married,High School,IT,Data Analyst,6,Hyderabad,Full-Time,2021-03-09,True
E01365,Female,28,Under 30,Married,High School,Customer Support,Support Agent,1,Chennai,Full-Time,2021-10-25,True
E01366,Male,32,30-39,Married,Diploma,Operations,Quality Analyst,2,Chennai,Full-Time,2025-05-03,True
E01367,Female,36,30-39,Married,PhD,Executive,CEO,3,Mumbai,Full-Time,2025-06-16,True
E01368,Female,27,Under 30,Single,Master,Customer Support,Support Agent,1,Mumbai,Full-Time,2023-06-24,True
E01369,Male,30,30-39,Married,Bachelor,Human Resources,Recruiter,1,Bengaluru,Full-Time,2025-10-27,False
E01370,Male,33,30-39,Married,High School,Sales,Business Development,3,Delhi,Full-Time,2023-04-14,True
E01371,Male,24,Under 30,Single,Master,IT,Software Engineer,1,Chennai,Full-Time,2025-07-29,True
E01372,Female,32,30-39,Married,High School,Research & Development,Research Scientist,4,Bengaluru,Full-Time,2021-01-13,True
E01373,Female,35,30-39,Married,Bachelor,IT,IT Support,6,Hyderabad,Full-Time,2024-11-24,True
E01374,Female,31,30-39,Married,High School,Sales,Sales Executive,5,Bengaluru,Full-Time,2022-06-19,True
E01375,Male,30,30-39,Married,PhD,Sales,Account Executive,4,Mumbai,Full-Time,2025-12-01,False
E01376,Male,28,Under 30,Married,Bachelor,Sales,Account Executive,2,Mumbai,Full-Time,2025-11-11,True
E01377,Male,31,30-39,Married,High School,Customer Support,Support Agent,2,Chennai,Full-Time,2020-09-02,True
E01378,Male,25,Under 30,Single,High School,Operations,Quality Analyst,1,Chennai,Full-Time,2020-10-06,True
E01379,Female,29,Under 30,Married,Bachelor,Operations,Quality Analyst,2,Bengaluru,Full-Time,2020-12-24,True
E01380,Female,38,30-39,Married,PhD,Research & Development,Data Scientist,3,Bengaluru,Full-Time,2021-01-20,True
E01381,Male,31,30-39,Married,PhD,Operations,Operations Analyst,1,Hyderabad,Full-Time,2025-02-11,False
E01382,Male,29,Under 30,Married,Diploma,Research & Development,Product Engineer,2,Delhi,Full-Time,2021-02-02,True
E01383,Male,33,30-39,Single,Diploma,Finance,Accountant,5,Chennai,Full-Time,2023-12-21,True
E01384,Male,23,Under 30,Married,High School,IT,Data Analyst,1,Delhi,Full-Time,2023-03-12,True
E01385,Male,23,Under 30,Married,Master,Operations,Operations Analyst,1,Remote,Full-Time,2023-04-18,True
E01386,Male,35,30-39,Married,Diploma,Customer Support,Support Agent,3,Delhi,Full-Time,2022-04-16,True
E01387,Male,25,Under 30,Married,Diploma,IT,Software Engineer,2,Remote,Full-Time,2020-09-29,True
E01388,Male,33,30-39,Divorced,Bachelor,Operations,Quality Analyst,1,Bengaluru,Full-Time,2024-07-18,True
E01389,Female,42,40-49,Married,Master,Customer Support,Escalation Specialist,7,Remote,Full-Time,2024-12-25,True
E01390,Female,31,30-39,Married,PhD,Customer Support,Support Lead,2,Chennai,Full-Time,2023-05-26,True
E01391,Male,27,Under 30,Married,PhD,Operations,Quality Analyst,1,Remote,Full-Time,2021-02-13,False
E01392,Male,29,Under 30,Married,Bachelor,Finance,Credit Analyst,1,Chennai,Full-Time,2022-06-05,True
E01393,Female,38,30-39,Married,High School,Finance,Accountant,3,Mumbai,Full-Time,2020-06-03,True
E01394,Male,30,30-39,Single,PhD,Marketing,Marketing Analyst,3,Remote,Contract,2022-07-05,True
E01395,Female,28,Under 30,Married,Diploma,Customer Support,Support Lead,3,Delhi,Full-Time,2022-03-29,True
E01396,Male,28,Under 30,Married,Master,Finance,Credit Analyst,3,Hyderabad,Full-Time,2022-07-19,True
E01397,Male,29,Under 30,Married,PhD,Research & Development,Research Scientist,1,Remote,Full-Time,2025-01-08,True
E01398,Male,27,Under 30,Married,PhD,Marketing,Marketing Analyst,3,Hyderabad,Full-Time,2024-05-22,True
E01399,Male,33,30-39,Married,Diploma,Sales,Account Executive,4,Delhi,Full-Time,2020-03-12,True
E01400,Male,25,Under 30,Married,PhD,Customer Support,Support Agent,1,Bengaluru,Part-Time,2023-02-16,False
E01401,Male,34,30-39,Single,Diploma,Marketing,Content Writer,1,Mumbai,Full-Time,2020-05-25,True
E01402,Male,36,30-39,Married,PhD,Sales,Account Executive,2,Chennai,Full-Time,2025-06-22,True
E01403,Male,38,30-39,Single,PhD,Operations,Logistics Coordinator,3,Remote,Full-Time,2022-08-24,True
E01404,Male,26,Under 30,Single,PhD,Sales,Business Development,1,Delhi,Full-Time,2023-06-24,True
E01405,Male,32,30-39,Married,High School,Finance,Financial Analyst,3,Delhi,Part-Time,2021-06-28,True
E01406,Male,34,30-39,Married,Diploma,Research & Development,Research Scientist,2,Delhi,Full-Time,2023-08-19,True
E01407,Male,34,30-39,Single,Diploma,Sales,Account Executive,5,Remote,Full-Time,2022-09-17,True
E01408,Female,28,Under 30,Married,Master,IT,DevOps Engineer,1,Bengaluru,Full-Time,2021-08-20,True
E01409,Female,34,30-39,Married,Bachelor,Finance,Accountant,2,Hyderabad,Full-Time,2024-09-22,True
E01410,Female,25,Under 30,Married,Diploma,Research & Development,Data Scientist,2,Remote,Full-Time,2024-05-25,True
E01411,Female,25,Under 30,Married,Bachelor,Finance,Credit Analyst,1,Hyderabad,Full-Time,2023-12-17,True
E01412,Male,29,Under 30,Single,Bachelor,Customer Support,Support Lead,4,Bengaluru,Full-Time,2022-06-12,False
E01413,Female,32,30-39,Married,Bachelor,Marketing,Content Writer,2,Bengaluru,Full-Time,2022-06-07,True
E01414,Female,39,30-39,Married,Master,IT,Data Analyst,4,Remote,Full-Time,2023-09-16,False
E01415,Male,33,30-39,Single,Diploma,Research & Development,Product Engineer,5,Bengaluru,Contract,2025-07-04,False
E01416,Male,38,30-39,Married,Bachelor,Operations,Logistics Coordinator,4,Remote,Full-Time,2021-01-11,True
E01417,Female,28,Under 30,Married,Bachelor,Sales,Account Executive,1,Bengaluru,Full-Time,2025-09-03,False
E01418,Female,31,30-39,Married,High School,IT,Data Analyst,3,Remote,Full-Time,2020-06-23,True
E01419,Female,37,30-39,Married,High School,IT,Data Analyst,7,Chennai,Full-Time,2023-06-13,True
E01420,Female,34,30-39,Married,Master,Operations,Quality Analyst,1,Bengaluru,Full-Time,2022-08-06,True
E01421,Female,34,30-39,Married,PhD,Human Resources,Recruiter,4,Chennai,Full-Time,2021-12-25,True
E01422,Female,37,30-39,Divorced,Master,Customer Support,Escalation Specialist,5,Remote,Full-Time,2022-04-17,True
E01423,Male,28,Under 30,Married,PhD,Sales,Account Executive,3,Bengaluru,Full-Time,2020-09-14,True
E01424,Female,31,30-39,Married,High School,Customer Support,Support Agent,3,Remote,Part-Time,2025-06-06,True
E01425,Male,34,30-39,Married,High School,IT,Data Analyst,1,Hyderabad,Full-Time,2024-01-11,True
E01426,Female,31,30-39,Married,Master,Research & Development,Product Engineer,4,Delhi,Part-Time,2024-10-14,False
E01427,Male,32,30-39,Single,Master,Operations,Quality Analyst,1,Chennai,Full-Time,2025-06-03,True
E01428,Female,29,Under 30,Married,High School,Marketing,Marketing Analyst,1,Bengaluru,Part-Time,2022-12-03,True
E01429,Female,25,Under 30,Married,Diploma,Finance,Financial Analyst,2,Hyderabad,Full-Time,2022-12-28,False
E01430,Female,32,30-39,Married,Diploma,Customer Support,Support Lead,1,Delhi,Contract,2024-02-26,True
E01431,Male,39,30-39,Single,Bachelor,Human Resources,Recruiter,4,Mumbai,Full-Time,2020-06-22,True
E01432,Female,24,Under 30,Married,Master,Research & Development,Product Engineer,1,Hyderabad,Full-Time,2024-12-19,True
E01433,Male,27,Under 30,Married,PhD,Finance,Credit Analyst,2,Delhi,Full-Time,2023-06-09,True
E01434,Female,26,Under 30,Married,PhD,Human Resources,Recruiter,1,Bengaluru,Full-Time,2023-08-05,True
E01435,Female,38,30-39,Single,Master,Sales,Sales Executive,6,Bengaluru,Full-Time,2023-10-07,True
E01436,Male,34,30-39,Married,Diploma,Operations,Quality Analyst,5,Bengaluru,Full-Time,2023-11-23,True
E01437,Female,33,30-39,Married,High School,Finance,Financial Analyst,3,Hyderabad,Full-Time,2021-08-27,True
E01438,Male,33,30-39,Single,Bachelor,Human Resources,HR Generalist,1,Mumbai,Contract,2022-06-07,False
E01439,Male,31,30-39,Married,Master,IT,Software Engineer,2,Bengaluru,Contract,2024-02-01,True
E01440,Female,35,30-39,Married,Bachelor,Operations,Operations Analyst,3,Delhi,Full-Time,2022-11-03,True
E01441,Male,34,30-39,Single,High School,Marketing,Content Writer,4,Remote,Full-Time,2025-01-13,False
E01442,Male,41,40-49,Married,High School,Operations,Operations Analyst,5,Bengaluru,Full-Time,2021-04-21,True
E01443,Female,39,30-39,Married,High School,Human Resources,Recruiter,5,Remote,Full-Time,2020-02-27,True
E01444,Female,32,30-39,Married,PhD,Sales,Business Development,3,Mumbai,Full-Time,2024-11-14,True
E01445,Female,31,30-39,Single,Master,Sales,Business Development,2,Hyderabad,Contract,2022-09-01,False
E01446,Female,28,Under 30,Married,Master,Operations,Operations Analyst,3,Mumbai,Full-Time,2022-09-30,True
E01447,Female,35,30-39,Married,PhD,Finance,Financial Analyst,2,Remote,Full-Time,2024-03-13,True
E01448,Male,25,Under 30,Married,Bachelor,Human Resources,HR Analyst,1,Mumbai,Full-Time,2022-08-23,True
E01449,Female,30,30-39,Married,Bachelor,IT,Data Analyst,2,Delhi,Full-Time,2021-07-26,True
E01450,Male,34,30-39,Married,Bachelor,Finance,Credit Analyst,4,Bengaluru,Full-Time,2022-06-22,True
E01451,Male,29,Under 30,Married,High School,Finance,Financial Analyst,2,Remote,Full-Time,2021-05-14,True
E01452,Female,35,30-39,Married,High School,IT,Data Analyst,6,Mumbai,Full-Time,2023-08-18,True
E01453,Female,39,30-39,Married,High School,Finance,Accountant,7,Chennai,Full-Time,2024-08-24,False
E01454,Male,33,30-39,Married,Diploma,IT,Software Engineer,6,Hyderabad,Full-Time,2020-01-12,True
E01455,Female,33,30-39,Single,Master,IT,Software Engineer,3,Hyderabad,Contract,2024-11-22,True
E01456,Female,36,30-39,Single,High School,Marketing,Marketing Analyst,2,Delhi,Full-Time,2022-06-12,True
E01457,Female,36,30-39,Married,Bachelor,Sales,Business Development,4,Delhi,Full-Time,2022-09-26,True
E01458,Female,37,30-39,Married,Bachelor,Marketing,SEO Specialist,6,Mumbai,Full-Time,2020-03-30,True
E01459,Male,33,30-39,Single,High School,Operations,Logistics Coordinator,5,Hyderabad,Full-Time,2022-09-04,True
E01460,Male,41,40-49,Married,Master,Research & Development,Product Engineer,5,Delhi,Part-Time,2021-10-26,True
E01461,Male,25,Under 30,Married,Master,Customer Support,Support Agent,2,Hyderabad,Full-Time,2022-03-28,False
E01462,Female,33,30-39,Married,High School,Operations,Quality Analyst,3,Remote,Full-Time,2024-05-01,True
E01463,Male,35,30-39,Single,Diploma,Operations,Logistics Coordinator,5,Delhi,Full-Time,2020-04-16,True
E01464,Female,32,30-39,Single,Master,Marketing,Content Writer,1,Bengaluru,Full-Time,2022-08-05,False
E01465,Female,35,30-39,Married,Master,Sales,Sales Executive,2,Remote,Full-Time,2025-02-23,True
E01466,Female,28,Under 30,Married,High School,Marketing,Marketing Analyst,1,Remote,Full-Time,2025-03-25,True
E01467,Female,32,30-39,Single,Bachelor,Operations,Quality Analyst,4,Remote,Full-Time,2025-01-13,True
E01468,Female,28,Under 30,Married,Bachelor,Sales,Business Development,1,Hyderabad,Full-Time,2020-03-26,False
E01469,Male,31,30-39,Married,Diploma,Marketing,Content Writer,3,Delhi,Full-Time,2021-03-09,True
E01470,Male,25,Under 30,Single,PhD,Customer Support,Support Agent,2,Mumbai,Full-Time,2021-04-17,False
E01471,Male,36,30-39,Married,Master,Sales,Account Executive,3,Chennai,Part-Time,2020-08-02,False
E01472,Male,27,Under 30,Divorced,Bachelor,Sales,Business Development,3,Bengaluru,Full-Time,2023-08-03,True
E01473,Male,35,30-39,Married,Bachelor,Marketing,Content Writer,2,Remote,Full-Time,2020-10-23,True
E01474,Male,28,Under 30,Married,High School,Executive,COO,2,Mumbai,Full-Time,2023-05-23,True
E01475,Female,30,30-39,Married,PhD,Operations,Quality Analyst,3,Mumbai,Full-Time,2021-12-15,True
E01476,Female,29,Under 30,Married,High School,Marketing,SEO Specialist,3,Delhi,Full-Time,2024-05-31,True
E01477,Female,39,30-39,Married,PhD,Operations,Operations Analyst,7,Chennai,Full-Time,2022-07-09,True
E01478,Male,36,30-39,Single,High School,Operations,Quality Analyst,4,Delhi,Full-Time,2022-12-14,True
E01479,Female,40,40-49,Single,Bachelor,Research & Development,Data Scientist,6,Chennai,Full-Time,2022-01-24,True
E01480,Male,30,30-39,Married,High School,Operations,Logistics Coordinator,3,Mumbai,Contract,2023-10-29,True
E01481,Male,36,30-39,Married,PhD,IT,Software Engineer,4,Chennai,Full-Time,2025-05-19,True
E01482,Female,25,Under 30,Single,Diploma,Marketing,Content Writer,2,Mumbai,Full-Time,2024-10-17,False
E01483,Male,37,30-39,Married,Master,Sales,Sales Executive,5,Hyderabad,Full-Time,2024-01-04,False
E01484,Male,32,30-39,Married,Master,Sales,Account Executive,4,Chennai,Full-Time,2025-09-17,True
E01485,Male,25,Under 30,Married,PhD,Customer Support,Escalation Specialist,2,Chennai,Full-Time,2025-01-09,True
E01486,Female,38,30-39,Married,Master,Sales,Account Executive,4,Mumbai,Full-Time,2020-06-30,True
E01487,Male,32,30-39,Married,PhD,Operations,Logistics Coordinator,1,Mumbai,Full-Time,2022-10-14,True
E01488,Male,31,30-39,Married,Master,Customer Support,Support Agent,4,Delhi,Full-Time,2022-07-06,True
E01489,Male,33,30-39,Single,Bachelor,IT,Software Engineer,1,Delhi,Full-Time,2024-06-30,True
E01490,Female,32,30-39,Single,Master,Operations,Logistics Coordinator,2,Delhi,Full-Time,2022-09-15,False
E01491,Female,26,Under 30,Married,Master,Operations,Quality Analyst,1,Hyderabad,Contract,2023-04-22,False
E01492,Female,26,Under 30,Married,PhD,Research & Development,Data Scientist,1,Chennai,Full-Time,2020-11-25,False
E01493,Male,31,30-39,Married,Bachelor,IT,IT Support,3,Hyderabad,Full-Time,2022-03-09,True
E01494,Female,32,30-39,Married,PhD,Operations,Operations Analyst,1,Hyderabad,Full-Time,2023-01-17,False
E01495,Male,44,40-49,Married,High School,Sales,Business Development,6,Delhi,Full-Time,2023-03-10,True
E01496,Male,42,40-49,Married,Diploma,IT,IT Support,7,Hyderabad,Full-Time,2021-04-01,True
E01497,Female,32,30-39,Married,PhD,Marketing,Content Writer,2,Remote,Full-Time,2022-08-27,True
E01498,Female,35,30-39,Married,High School,IT,IT Support,5,Remote,Full-Time,2025-04-13,True
E01499,Male,37,30-39,Married,Bachelor,Sales,Account Executive,3,Remote,Full-Time,2022-01-24,True
E01500,Male,30,30-39,Single,Master,IT,DevOps Engineer,1,Mumbai,Full-Time,2023-10-12,True
E01501,Male,37,30-39,Single,High School,Sales,Sales Executive,5,Bengaluru,Full-Time,2025-05-20,True
E01502,Male,38,30-39,Single,Bachelor,Sales,Business Development,4,Chennai,Full-Time,2022-10-24,True
E01503,Male,31,30-39,Married,Diploma,IT,IT Support,3,Delhi,Part-Time,2023-06-26,True
E01504,Female,40,40-49,Married,Master,Operations,Logistics Coordinator,5,Bengaluru,Full-Time,2022-11-17,True
E01505,Male,31,30-39,Divorced,Master,IT,DevOps Engineer,2,Hyderabad,Full-Time,2022-09-26,True
E01506,Female,32,30-39,Single,PhD,Customer Support,Support Agent,1,Bengaluru,Full-Time,2021-04-22,True
E01507,Female,31,30-39,Married,High School,IT,Software Engineer,1,Bengaluru,Full-Time,2021-10-10,True
E01508,Female,31,30-39,Single,Master,Marketing,SEO Specialist,4,Delhi,Full-Time,2023-06-22,True
E01509,Male,34,30-39,Single,High School,Sales,Account Executive,3,Remote,Full-Time,2022-06-09,True
E01510,Male,33,30-39,Married,Diploma,Marketing,SEO Specialist,4,Remote,Full-Time,2023-07-01,True
E01511,Female,37,30-39,Married,Bachelor,IT,Software Engineer,5,Mumbai,Full-Time,2022-08-07,True
E01512,Female,30,30-39,Married,High School,Sales,Account Executive,1,Delhi,Full-Time,2022-05-16,False
E01513,Female,31,30-39,Married,Diploma,IT,IT Support,3,Bengaluru,Full-Time,2020-10-26,True
E01514,Female,30,30-39,Married,Master,Finance,Financial Analyst,2,Chennai,Full-Time,2021-07-08,True
E01515,Female,31,30-39,Single,Bachelor,Marketing,Content Writer,5,Bengaluru,Full-Time,2022-07-21,True
E01516,Female,37,30-39,Married,Diploma,Research & Development,Product Engineer,6,Remote,Part-Time,2025-12-11,True
E01517,Female,33,30-39,Married,PhD,Marketing,Marketing Analyst,3,Delhi,Full-Time,2023-06-20,True
E01518,Female,32,30-39,Married,Bachelor,Research & Development,Data Scientist,1,Bengaluru,Full-Time,2023-08-16,True
E01519,Female,33,30-39,Married,High School,Customer Support,Support Agent,2,Chennai,Full-Time,2020-04-29,False
E01520,Male,35,30-39,Single,PhD,Operations,Operations Analyst,3,Chennai,Full-Time,2024-10-21,True
E01521,Female,30,30-39,Married,Master,IT,Software Engineer,1,Chennai,Full-Time,2021-02-28,True
E01522,Female,42,40-49,Married,Bachelor,Sales,Account Executive,5,Chennai,Full-Time,2024-06-21,True
E01523,Male,28,Under 30,Divorced,PhD,Operations,Logistics Coordinator,1,Chennai,Full-Time,2025-06-03,True
E01524,Male,34,30-39,Married,Bachelor,Finance,Credit Analyst,1,Mumbai,Full-Time,2022-07-09,True
E01525,Female,27,Under 30,Married,Diploma,Customer Support,Escalation Specialist,3,Bengaluru,Full-Time,2025-11-03,True
E01526,Female,33,30-39,Married,High School,Customer Support,Support Lead,3,Hyderabad,Full-Time,2025-01-14,False
E01527,Male,32,30-39,Married,Master,Operations,Quality Analyst,1,Remote,Full-Time,2022-10-02,False
E01528,Male,26,Under 30,Married,Bachelor,Operations,Logistics Coordinator,1,Remote,Contract,2022-01-05,True
E01529,Female,35,30-39,Single,High School,Human Resources,Recruiter,2,Remote,Full-Time,2024-10-31,False
E01530,Male,35,30-39,Married,Bachelor,Sales,Account Executive,7,Hyderabad,Contract,2024-03-26,True
E01531,Male,23,Under 30,Married,High School,Sales,Account Executive,1,Chennai,Full-Time,2022-04-09,False
E01532,Male,28,Under 30,Single,Diploma,Finance,Accountant,1,Bengaluru,Full-Time,2021-08-24,True
E01533,Female,35,30-39,Married,Master,Operations,Quality Analyst,4,Hyderabad,Full-Time,2024-03-18,True
E01534,Female,45,40-49,Married,PhD,Research & Development,Research Scientist,7,Mumbai,Full-Time,2024-09-29,False
E01535,Male,37,30-39,Single,Master,Finance,Accountant,3,Hyderabad,Full-Time,2022-04-28,False
E01536,Female,34,30-39,Married,Bachelor,Operations,Operations Analyst,3,Mumbai,Full-Time,2021-12-18,True
E01537,Female,35,30-39,Single,Diploma,Human Resources,HR Analyst,6,Delhi,Full-Time,2022-12-09,True
E01538,Male,36,30-39,Married,Diploma,Sales,Business Development,7,Delhi,Full-Time,2022-08-23,True
E01539,Female,35,30-39,Married,High School,Sales,Business Development,3,Delhi,Full-Time,2025-02-25,True
E01540,Male,33,30-39,Single,PhD,Human Resources,Recruiter,2,Bengaluru,Full-Time,2020-09-29,True
E01541,Female,32,30-39,Married,PhD,IT,IT Support,3,Hyderabad,Contract,2023-02-14,True
E01542,Male,35,30-39,Married,Bachelor,Sales,Business Development,4,Chennai,Full-Time,2022-07-06,True
E01543,Male,30,30-39,Married,Master,Customer Support,Escalation Specialist,1,Mumbai,Full-Time,2020-09-30,True
E01544,Male,23,Under 30,Married,High School,Operations,Quality Analyst,1,Remote,Full-Time,2022-09-26,True
E01545,Female,44,40-49,Single,Bachelor,Sales,Account Executive,6,Remote,Full-Time,2020-03-10,True
E01546,Male,34,30-39,Single,Diploma,IT,DevOps Engineer,2,Hyderabad,Full-Time,2021-08-24,True
E01547,Female,43,40-49,Married,PhD,Research & Development,Product Engineer,6,Bengaluru,Full-Time,2023-06-28,True
E01548,Female,33,30-39,Single,Master,IT,Data Analyst,3,Hyderabad,Full-Time,2024-03-26,True
E01549,Female,26,Under 30,Single,High School,Human Resources,HR Generalist,1,Chennai,Full-Time,2025-07-28,True
E01550,Female,38,30-39,Married,Bachelor,Operations,Quality Analyst,6,Hyderabad,Full-Time,2025-04-26,True
E01551,Female,30,30-39,Divorced,Diploma,Customer Support,Support Lead,2,Chennai,Full-Time,2024-10-01,False
E01552,Female,24,Under 30,Married,Bachelor,Sales,Business Development,1,Bengaluru,Part-Time,2024-07-17,False
E01553,Male,30,30-39,Single,PhD,Customer Support,Escalation Specialist,1,Hyderabad,Full-Time,2022-12-06,True
E01554,Female,39,30-39,Married,Bachelor,Research & Development,Product Engineer,4,Remote,Full-Time,2021-10-20,True
E01555,Female,33,30-39,Married,Diploma,Human Resources,HR Analyst,3,Hyderabad,Full-Time,2025-12-15,True
E01556,Male,27,Under 30,Divorced,PhD,Marketing,Content Writer,1,Remote,Full-Time,2020-12-09,False
E01557,Female,31,30-39,Married,Bachelor,Sales,Sales Executive,5,Mumbai,Contract,2025-05-02,True
E01558,Male,26,Under 30,Married,Bachelor,Customer Support,Escalation Specialist,1,Remote,Full-Time,2023-05-02,True
E01559,Male,32,30-39,Single,Bachelor,Customer Support,Escalation Specialist,1,Bengaluru,Full-Time,2021-09-21,True
E01560,Male,34,30-39,Married,Bachelor,Human Resources,Recruiter,2,Chennai,Full-Time,2023-05-30,True
E01561,Female,30,30-39,Single,High School,Marketing,SEO Specialist,2,Hyderabad,Full-Time,2020-01-16,True
E01562,Female,31,30-39,Married,Bachelor,Operations,Quality Analyst,2,Chennai,Full-Time,2025-03-29,False
E01563,Female,33,30-39,Married,High School,IT,DevOps Engineer,2,Bengaluru,Full-Time,2020-01-06,False
E01564,Female,41,40-49,Single,High School,Sales,Account Executive,7,Remote,Part-Time,2024-03-22,True
E01565,Male,30,30-39,Married,Master,Human Resources,HR Analyst,3,Mumbai,Full-Time,2023-03-25,True
E01566,Male,38,30-39,Married,Bachelor,Finance,Financial Analyst,4,Bengaluru,Full-Time,2022-01-13,False
E01567,Female,40,40-49,Married,High School,IT,Data Analyst,5,Mumbai,Full-Time,2020-05-10,True
E01568,Male,29,Under 30,Married,Bachelor,Customer Support,Support Lead,2,Bengaluru,Full-Time,2025-06-28,True
E01569,Female,38,30-39,Single,Master,Research & Development,Product Engineer,4,Bengaluru,Full-Time,2023-12-01,True
E01570,Male,23,Under 30,Married,Diploma,Marketing,SEO Specialist,1,Bengaluru,Full-Time,2024-03-23,True
E01571,Female,28,Under 30,Married,Bachelor,Finance,Accountant,3,Chennai,Full-Time,2021-09-22,True
E01572,Male,28,Under 30,Married,High School,Human Resources,HR Generalist,2,Remote,Full-Time,2024-01-20,True
E01573,Male,32,30-39,Married,PhD,IT,IT Support,1,Delhi,Contract,2020-05-25,False
E01574,Female,23,Under 30,Married,Diploma,Human Resources,Recruiter,1,Remote,Full-Time,2023-03-09,True
E01575,Male,42,40-49,Married,Diploma,Sales,Business Development,7,Chennai,Full-Time,2020-01-29,True
E01576,Male,30,30-39,Divorced,Bachelor,Customer Support,Support Lead,1,Remote,Full-Time,2020-10-07,False
E01577,Female,35,30-39,Married,Master,Marketing,Marketing Analyst,7,Mumbai,Full-Time,2021-03-07,True
E01578,Male,43,40-49,Married,High School,Sales,Account Executive,7,Hyderabad,Full-Time,2023-10-06,True
E01579,Female,46,40-49,Single,Diploma,Customer Support,Support Lead,7,Mumbai,Full-Time,2024-04-16,True
E01580,Female,26,Under 30,Single,PhD,Finance,Accountant,1,Remote,Full-Time,2023-01-31,True
E01581,Male,33,30-39,Married,PhD,Sales,Sales Executive,4,Bengaluru,Full-Time,2024-01-17,False
E01582,Male,24,Under 30,Married,High School,Sales,Account Executive,1,Mumbai,Full-Time,2023-11-03,False
E01583,Female,39,30-39,Married,Diploma,Finance,Financial Analyst,7,Bengaluru,Part-Time,2023-12-11,True
E01584,Female,40,40-49,Married,Master,Research & Development,Data Scientist,4,Mumbai,Full-Time,2022-11-29,False
E01585,Male,44,40-49,Married,Diploma,Marketing,SEO Specialist,6,Remote,Full-Time,2021-10-26,True
E01586,Female,37,30-39,Married,High School,Sales,Sales Executive,3,Delhi,Full-Time,2024-02-10,True
E01587,Male,32,30-39,Married,PhD,Operations,Logistics Coordinator,2,Delhi,Full-Time,2024-04-03,True
E01588,Female,37,30-39,Married,Master,Sales,Sales Executive,4,Mumbai,Contract,2022-01-31,False
E01589,Male,29,Under 30,Married,Bachelor,Operations,Quality Analyst,2,Remote,Full-Time,2022-11-24,False
E01590,Male,24,Under 30,Married,Master,Research & Development,Data Scientist,1,Mumbai,Full-Time,2023-01-18,True
E01591,Male,26,Under 30,Single,High School,Sales,Account Executive,2,Mumbai,Part-Time,2023-02-17,True
E01592,Male,32,30-39,Divorced,PhD,Finance,Accountant,3,Hyderabad,Full-Time,2020-07-25,True
E01593,Female,35,30-39,Divorced,PhD,IT,Software Engineer,5,Hyderabad,Full-Time,2021-11-30,True
E01594,Female,27,Under 30,Single,PhD,Sales,Sales Executive,1,Delhi,Full-Time,2024-11-04,True
E01595,Male,29,Under 30,Married,Diploma,Sales,Sales Executive,1,Bengaluru,Full-Time,2021-09-16,False
E01596,Male,34,30-39,Married,High School,Marketing,SEO Specialist,2,Chennai,Full-Time,2023-06-07,True
E01597,Male,38,30-39,Married,Diploma,Customer Support,Support Lead,6,Chennai,Part-Time,2025-08-06,False
E01598,Male,25,Under 30,Married,PhD,Customer Support,Escalation Specialist,2,Remote,Full-Time,2024-08-27,True
E01599,Female,34,30-39,Married,Diploma,IT,Software Engineer,2,Mumbai,Full-Time,2023-06-05,True
E01600,Male,35,30-39,Single,Diploma,Operations,Quality Analyst,4,Mumbai,Part-Time,2025-10-04,False
E01601,Male,25,Under 30,Married,Master,Marketing,Marketing Analyst,2,Mumbai,Full-Time,2023-03-26,True
E01602,Male,26,Under 30,Single,Diploma,Marketing,Content Writer,1,Mumbai,Full-Time,2022-04-18,False
E01603,Female,25,Under 30,Married,Bachelor,Operations,Logistics Coordinator,2,Hyderabad,Part-Time,2021-09-07,True
E01604,Male,38,30-39,Single,Diploma,Marketing,Content Writer,3,Delhi,Full-Time,2020-02-24,True
E01605,Female,39,30-39,Married,Master,Operations,Operations Analyst,4,Hyderabad,Part-Time,2023-07-21,True
E01606,Female,37,30-39,Married,Bachelor,Marketing,Marketing Analyst,5,Mumbai,Full-Time,2021-10-08,True
E01607,Female,25,Under 30,Married,Bachelor,Marketing,SEO Specialist,2,Bengaluru,Full-Time,2020-04-23,True
E01608,Female,27,Under 30,Married,Master,Human Resources,HR Generalist,3,Bengaluru,Full-Time,2020-08-17,True
E01609,Female,32,30-39,Married,Master,Research & Development,Research Scientist,4,Remote,Full-Time,2021-08-26,True
E01610,Male,31,30-39,Married,Master,Finance,Financial Analyst,4,Mumbai,Full-Time,2021-12-08,True
E01611,Female,26,Under 30,Married,Diploma,Research & Development,Product Engineer,2,Remote,Part-Time,2022-01-23,True
E01612,Female,40,40-49,Married,Bachelor,Marketing,Content Writer,6,Bengaluru,Full-Time,2025-09-04,False
E01613,Female,32,30-39,Married,Diploma,Finance,Accountant,3,Chennai,Full-Time,2020-06-02,True
E01614,Male,23,Under 30,Married,High School,Sales,Business Development,1,Remote,Full-Time,2020-02-02,False
E01615,Female,28,Under 30,Married,High School,IT,Data Analyst,2,Delhi,Full-Time,2022-06-29,False
E01616,Female,41,40-49,Married,High School,Marketing,Marketing Analyst,5,Delhi,Part-Time,2022-09-20,True
E01617,Male,41,40-49,Married,High School,Operations,Quality Analyst,7,Bengaluru,Full-Time,2020-12-03,False
E01618,Male,36,30-39,Single,Bachelor,Human Resources,HR Analyst,5,Chennai,Full-Time,2022-12-01,True
E01619,Male,31,30-39,Married,Diploma,Human Resources,HR Generalist,2,Chennai,Full-Time,2023-07-01,True
E01620,Female,37,30-39,Single,Diploma,Customer Support,Support Agent,5,Remote,Full-Time,2021-09-17,True
E01621,Female,34,30-39,Married,PhD,Marketing,Marketing Analyst,5,Delhi,Full-Time,2025-08-28,True
E01622,Male,26,Under 30,Single,Diploma,Marketing,Content Writer,1,Mumbai,Full-Time,2020-11-07,True
E01623,Male,31,30-39,Single,Bachelor,IT,Software Engineer,5,Remote,Full-Time,2024-06-09,True
E01624,Male,32,30-39,Married,Master,Sales,Account Executive,3,Hyderabad,Full-Time,2023-07-31,True
E01625,Female,38,30-39,Married,Master,Operations,Logistics Coordinator,5,Bengaluru,Part-Time,2022-06-12,True
E01626,Female,27,Under 30,Single,Bachelor,Finance,Financial Analyst,1,Remote,Full-Time,2023-03-11,True
E01627,Female,32,30-39,Married,PhD,Marketing,SEO Specialist,1,Chennai,Contract,2024-02-16,True
E01628,Male,32,30-39,Married,PhD,Customer Support,Support Agent,3,Bengaluru,Full-Time,2023-01-23,True
E01629,Male,45,40-49,Married,High School,Finance,Credit Analyst,7,Chennai,Full-Time,2025-04-27,False
E01630,Male,36,30-39,Single,Master,Finance,Financial Analyst,3,Bengaluru,Full-Time,2020-07-11,True
E01631,Female,29,Under 30,Married,Master,Operations,Operations Analyst,2,Remote,Full-Time,2024-05-12,True
E01632,Female,23,Under 30,Married,Master,IT,Software Engineer,1,Bengaluru,Contract,2020-03-02,False
E01633,Male,43,40-49,Divorced,High School,Customer Support,Support Agent,6,Delhi,Full-Time,2024-06-05,True
E01634,Male,29,Under 30,Married,PhD,Human Resources,Recruiter,1,Delhi,Full-Time,2025-04-15,True
E01635,Female,33,30-39,Single,High School,Research & Development,Product Engineer,4,Delhi,Contract,2022-05-08,True
E01636,Female,27,Under 30,Single,High School,Sales,Account Executive,3,Remote,Full-Time,2024-07-27,True
E01637,Female,30,30-39,Single,PhD,Marketing,Marketing Analyst,1,Remote,Full-Time,2021-03-19,True
E01638,Male,33,30-39,Married,Diploma,Customer Support,Escalation Specialist,1,Hyderabad,Full-Time,2025-03-19,True
E01639,Male,37,30-39,Single,Bachelor,Research & Development,Data Scientist,5,Bengaluru,Full-Time,2023-12-08,False
E01640,Male,28,Under 30,Divorced,High School,Customer Support,Escalation Specialist,3,Remote,Contract,2023-03-26,True
E01641,Male,37,30-39,Married,Diploma,Sales,Sales Executive,7,Delhi,Full-Time,2021-08-09,False
E01642,Male,43,40-49,Married,PhD,Research & Development,Research Scientist,6,Chennai,Full-Time,2022-02-01,True
E01643,Male,30,30-39,Married,PhD,Customer Support,Support Lead,4,Delhi,Full-Time,2023-08-02,True
E01644,Male,28,Under 30,Married,Master,Customer Support,Support Lead,1,Remote,Full-Time,2023-07-04,True
E01645,Female,31,30-39,Single,Diploma,Human Resources,HR Analyst,4,Remote,Full-Time,2022-03-31,True
E01646,Male,25,Under 30,Single,Diploma,Operations,Quality Analyst,1,Bengaluru,Full-Time,2023-01-06,True
E01647,Female,34,30-39,Single,High School,Marketing,Marketing Analyst,4,Mumbai,Full-Time,2020-03-29,True
E01648,Male,38,30-39,Single,Diploma,Marketing,SEO Specialist,4,Chennai,Full-Time,2020-10-04,True
E01649,Female,31,30-39,Married,Master,IT,DevOps Engineer,2,Delhi,Full-Time,2021-03-10,True
E01650,Female,33,30-39,Divorced,High School,Finance,Financial Analyst,6,Hyderabad,Full-Time,2024-11-06,True
E01651,Male,34,30-39,Single,Diploma,Customer Support,Escalation Specialist,6,Remote,Full-Time,2025-11-24,True
E01652,Male,30,30-39,Married,High School,Customer Support,Escalation Specialist,2,Bengaluru,Full-Time,2021-02-06,True
E01653,Female,41,40-49,Married,Diploma,Customer Support,Support Lead,5,Mumbai,Full-Time,2024-07-28,True
E01654,Male,36,30-39,Married,Master,Finance,Accountant,4,Delhi,Full-Time,2024-06-17,True
E01655,Female,33,30-39,Married,PhD,IT,Software Engineer,4,Remote,Full-Time,2022-08-13,True
E01656,Female,30,30-39,Married,Diploma,Customer Support,Support Agent,2,Bengaluru,Full-Time,2024-06-27,True
E01657,Male,30,30-39,Married,PhD,Human Resources,HR Generalist,2,Delhi,Full-Time,2025-04-17,True
E01658,Male,36,30-39,Single,Bachelor,Finance,Financial Analyst,5,Remote,Full-Time,2021-10-22,True
E01659,Male,37,30-39,Married,High School,Executive,COO,7,Bengaluru,Full-Time,2025-03-25,True
E01660,Female,33,30-39,Married,Diploma,Operations,Operations Analyst,2,Mumbai,Full-Time,2020-01-28,True
E01661,Male,34,30-39,Married,Diploma,Finance,Financial Analyst,2,Delhi,Full-Time,2021-09-05,True
E01662,Male,34,30-39,Single,Bachelor,Finance,Credit Analyst,6,Delhi,Full-Time,2025-01-23,True
E01663,Female,38,30-39,Married,Master,Research & Development,Research Scientist,3,Delhi,Full-Time,2025-04-20,True
E01664,Male,30,30-39,Married,High School,Finance,Financial Analyst,2,Hyderabad,Part-Time,2023-01-27,True
E01665,Female,40,40-49,Married,PhD,Marketing,Marketing Analyst,7,Bengaluru,Full-Time,2025-02-20,True
E01666,Male,33,30-39,Married,Diploma,Operations,Operations Analyst,2,Remote,Full-Time,2025-06-22,False
E01667,Female,25,Under 30,Married,PhD,IT,Data Analyst,2,Chennai,Full-Time,2023-12-04,True
E01668,Male,40,40-49,Married,Bachelor,Human Resources,Recruiter,6,Mumbai,Full-Time,2021-07-14,True
E01669,Male,31,30-39,Married,High School,Operations,Quality Analyst,2,Remote,Full-Time,2020-06-13,True
E01670,Female,34,30-39,Married,High School,Operations,Quality Analyst,3,Bengaluru,Full-Time,2024-05-15,True
E01671,Male,36,30-39,Married,PhD,Sales,Account Executive,4,Mumbai,Full-Time,2025-05-23,False
E01672,Female,36,30-39,Divorced,High School,Marketing,Marketing Analyst,6,Mumbai,Full-Time,2021-07-08,True
E01673,Female,25,Under 30,Married,Bachelor,Sales,Sales Executive,1,Bengaluru,Part-Time,2023-02-06,True
E01674,Female,39,30-39,Married,High School,Customer Support,Escalation Specialist,5,Delhi,Full-Time,2023-02-21,True
E01675,Male,38,30-39,Divorced,Bachelor,Sales,Business Development,3,Hyderabad,Full-Time,2024-05-07,False
E01676,Female,36,30-39,Single,Master,Operations,Operations Analyst,5,Chennai,Full-Time,2021-07-12,False
E01677,Female,29,Under 30,Single,High School,Finance,Credit Analyst,1,Bengaluru,Full-Time,2025-02-18,False
E01678,Male,34,30-39,Married,Bachelor,Human Resources,HR Analyst,5,Chennai,Full-Time,2024-09-11,True
E01679,Male,27,Under 30,Single,Diploma,Operations,Quality Analyst,3,Hyderabad,Full-Time,2021-03-05,False
E01680,Female,33,30-39,Married,High School,Finance,Credit Analyst,1,Remote,Full-Time,2020-05-09,True
E01681,Male,25,Under 30,Single,Diploma,Finance,Accountant,1,Mumbai,Part-Time,2024-03-02,True
E01682,Female,43,40-49,Married,Diploma,Research & Development,Research Scientist,6,Chennai,Full-Time,2020-05-25,True
E01683,Female,24,Under 30,Married,High School,Operations,Quality Analyst,1,Delhi,Full-Time,2022-11-30,True
E01684,Male,42,40-49,Married,Diploma,Customer Support,Escalation Specialist,5,Mumbai,Full-Time,2023-05-30,True
E01685,Female,35,30-39,Married,Master,Finance,Financial Analyst,3,Chennai,Full-Time,2025-06-06,True
E01686,Male,29,Under 30,Married,Bachelor,Human Resources,HR Analyst,4,Remote,Full-Time,2021-07-19,True
E01687,Female,30,30-39,Single,High School,Operations,Operations Analyst,3,Delhi,Full-Time,2023-05-02,True
E01688,Male,28,Under 30,Married,High School,Marketing,Marketing Analyst,3,Hyderabad,Full-Time,2025-02-14,True
E01689,Female,27,Under 30,Married,PhD,Finance,Financial Analyst,2,Bengaluru,Full-Time,2023-07-12,True
E01690,Male,38,30-39,Single,Diploma,Customer Support,Support Lead,4,Hyderabad,Full-Time,2021-11-20,True
E01691,Female,26,Under 30,Single,Bachelor,Customer Support,Support Lead,1,Remote,Full-Time,2020-12-26,True
E01692,Male,28,Under 30,Married,Bachelor,Sales,Business Development,2,Remote,Full-Time,2020-09-09,True
E01693,Male,30,30-39,Married,High School,Marketing,Marketing Analyst,1,Chennai,Full-Time,2020-10-15,False
E01694,Male,29,Under 30,Single,PhD,Operations,Logistics Coordinator,2,Mumbai,Part-Time,2024-04-24,True
E01695,Male,32,30-39,Married,Master,IT,DevOps Engineer,2,Hyderabad,Full-Time,2022-12-19,True
E01696,Female,32,30-39,Married,Master,Sales,Business Development,1,Remote,Contract,2023-03-20,True
E01697,Male,41,40-49,Married,Bachelor,Research & Development,Research Scientist,5,Hyderabad,Full-Time,2023-06-23,True
E01698,Female,33,30-39,Married,Diploma,Customer Support,Support Lead,1,Mumbai,Full-Time,2021-01-11,False
E01699,Female,44,40-49,Married,Diploma,Sales,Business Development,7,Chennai,Full-Time,2024-11-19,True
E01700,Male,28,Under 30,Single,Diploma,Sales,Business Development,3,Bengaluru,Full-Time,2021-10-20,True
E01701,Female,32,30-39,Single,Master,Finance,Credit Analyst,1,Chennai,Part-Time,2022-10-11,False
E01702,Male,37,30-39,Married,PhD,Marketing,Content Writer,3,Hyderabad,Full-Time,2022-01-13,True
E01703,Male,39,30-39,Married,PhD,IT,DevOps Engineer,7,Bengaluru,Full-Time,2025-02-19,True
E01704,Male,34,30-39,Married,Bachelor,Research & Development,Research Scientist,1,Hyderabad,Full-Time,2022-07-19,False
E01705,Male,34,30-39,Married,High School,Sales,Business Development,4,Delhi,Full-Time,2025-04-20,False
E01706,Male,28,Under 30,Married,Master,Customer Support,Escalation Specialist,3,Chennai,Full-Time,2024-06-01,True
E01707,Male,31,30-39,Single,Diploma,Finance,Accountant,1,Bengaluru,Full-Time,2024-07-13,False
E01708,Female,31,30-39,Married,Diploma,Operations,Operations Analyst,2,Chennai,Full-Time,2022-02-02,True
E01709,Male,28,Under 30,Single,PhD,Human Resources,HR Analyst,3,Chennai,Full-Time,2021-05-06,True
E01710,Male,34,30-39,Married,Master,Finance,Financial Analyst,2,Chennai,Full-Time,2022-12-24,True
E01711,Female,36,30-39,Married,High School,Operations,Quality Analyst,3,Mumbai,Full-Time,2020-08-04,False
E01712,Male,33,30-39,Married,Master,Customer Support,Escalation Specialist,3,Delhi,Full-Time,2020-12-27,True
E01713,Female,29,Under 30,Married,Master,Sales,Sales Executive,4,Chennai,Full-Time,2020-01-09,True
E01714,Female,35,30-39,Married,Bachelor,Marketing,Content Writer,2,Hyderabad,Full-Time,2020-02-24,False
E01715,Female,36,30-39,Married,High School,Operations,Quality Analyst,3,Chennai,Full-Time,2025-11-11,True
E01716,Male,32,30-39,Single,Bachelor,Operations,Logistics Coordinator,3,Hyderabad,Full-Time,2020-05-06,True
E01717,Male,30,30-39,Married,PhD,Human Resources,Recruiter,1,Mumbai,Full-Time,2023-12-26,True
E01718,Male,44,40-49,Single,Diploma,Finance,Accountant,7,Chennai,Full-Time,2025-11-23,True
E01719,Male,32,30-39,Married,Diploma,Sales,Business Development,1,Bengaluru,Full-Time,2025-02-04,True
E01720,Male,34,30-39,Single,Bachelor,Finance,Financial Analyst,4,Remote,Full-Time,2024-06-15,True
E01721,Male,37,30-39,Single,Diploma,Research & Development,Product Engineer,6,Delhi,Full-Time,2025-02-27,True
E01722,Male,33,30-39,Married,High School,Operations,Quality Analyst,3,Delhi,Full-Time,2025-05-25,True
E01723,Female,30,30-39,Married,High School,Customer Support,Support Lead,1,Hyderabad,Full-Time,2025-09-09,False
E01724,Female,35,30-39,Married,High School,Human Resources,Recruiter,2,Remote,Full-Time,2024-12-08,True
E01725,Male,30,30-39,Divorced,Diploma,Sales,Business Development,2,Delhi,Full-Time,2023-02-08,True
E01726,Female,28,Under 30,Single,High School,Finance,Financial Analyst,1,Bengaluru,Full-Time,2022-09-17,True
E01727,Male,34,30-39,Married,Diploma,Human Resources,HR Analyst,3,Bengaluru,Full-Time,2025-08-07,False
E01728,Female,25,Under 30,Single,Diploma,Finance,Credit Analyst,2,Delhi,Full-Time,2022-10-31,True
E01729,Male,31,30-39,Divorced,Diploma,Operations,Operations Analyst,2,Remote,Full-Time,2022-10-04,False
E01730,Female,27,Under 30,Married,Diploma,Customer Support,Support Lead,3,Bengaluru,Full-Time,2025-12-08,False
E01731,Male,39,30-39,Divorced,PhD,Customer Support,Escalation Specialist,6,Hyderabad,Full-Time,2021-04-29,True
E01732,Female,32,30-39,Married,Diploma,Research & Development,Research Scientist,5,Delhi,Full-Time,2025-03-07,True
E01733,Male,25,Under 30,Married,Bachelor,IT,Data Analyst,2,Delhi,Full-Time,2025-11-26,False
E01734,Male,31,30-39,Married,Bachelor,Finance,Accountant,2,Mumbai,Full-Time,2023-07-07,True
E01735,Male,28,Under 30,Married,PhD,IT,IT Support,1,Hyderabad,Full-Time,2020-12-14,True
E01736,Female,36,30-39,Married,PhD,Finance,Financial Analyst,2,Remote,Full-Time,2023-05-20,True
E01737,Male,25,Under 30,Single,High School,IT,Software Engineer,2,Bengaluru,Full-Time,2020-06-30,False
E01738,Female,30,30-39,Married,Master,Customer Support,Escalation Specialist,1,Remote,Full-Time,2022-05-19,False
E01739,Male,32,30-39,Married,High School,Sales,Account Executive,2,Delhi,Full-Time,2024-12-02,False
E01740,Male,32,30-39,Married,Diploma,IT,Software Engineer,1,Remote,Full-Time,2023-07-09,True
E01741,Male,38,30-39,Married,Master,Customer Support,Support Lead,5,Remote,Full-Time,2020-04-09,True
E01742,Female,33,30-39,Married,Diploma,IT,DevOps Engineer,1,Hyderabad,Full-Time,2025-09-18,True
E01743,Male,37,30-39,Divorced,High School,Sales,Business Development,4,Chennai,Full-Time,2023-03-31,True
E01744,Female,32,30-39,Married,PhD,Sales,Account Executive,3,Delhi,Part-Time,2023-09-13,False
E01745,Female,35,30-39,Married,Bachelor,IT,Data Analyst,2,Bengaluru,Full-Time,2024-05-24,True
E01746,Female,30,30-39,Single,PhD,Customer Support,Escalation Specialist,3,Chennai,Full-Time,2022-09-18,False
E01747,Female,38,30-39,Single,Master,Sales,Sales Executive,4,Bengaluru,Full-Time,2023-04-19,True
E01748,Male,35,30-39,Divorced,PhD,Research & Development,Product Engineer,2,Mumbai,Full-Time,2022-06-01,True
E01749,Male,41,40-49,Married,Master,Operations,Logistics Coordinator,5,Remote,Full-Time,2025-08-15,True
E01750,Female,33,30-39,Married,PhD,Operations,Quality Analyst,4,Remote,Full-Time,2023-10-19,False
E01751,Female,38,30-39,Married,Master,Sales,Sales Executive,4,Hyderabad,Full-Time,2022-03-15,True
E01752,Male,43,40-49,Married,Master,Human Resources,HR Generalist,6,Mumbai,Full-Time,2020-03-04,True
E01753,Male,27,Under 30,Married,Master,Sales,Sales Executive,1,Mumbai,Full-Time,2022-12-30,True
E01754,Male,39,30-39,Single,High School,Sales,Account Executive,5,Bengaluru,Full-Time,2024-12-07,True
E01755,Male,27,Under 30,Single,Master,Human Resources,HR Analyst,1,Chennai,Full-Time,2025-03-05,True
E01756,Female,34,30-39,Married,Diploma,Research & Development,Product Engineer,5,Remote,Full-Time,2023-05-14,True
E01757,Female,35,30-39,Married,PhD,IT,DevOps Engineer,7,Remote,Full-Time,2024-07-21,True
E01758,Female,34,30-39,Married,Master,IT,IT Support,3,Bengaluru,Full-Time,2022-05-30,True
E01759,Male,39,30-39,Single,Master,IT,Data Analyst,4,Remote,Full-Time,2022-03-17,True
E01760,Male,36,30-39,Married,High School,Operations,Quality Analyst,2,Mumbai,Full-Time,2021-05-04,False
E01761,Male,36,30-39,Married,PhD,IT,IT Support,3,Mumbai,Full-Time,2021-08-15,True
E01762,Male,35,30-39,Married,Diploma,Finance,Accountant,5,Bengaluru,Full-Time,2020-09-20,True
E01763,Male,35,30-39,Married,Master,Operations,Logistics Coordinator,3,Remote,Full-Time,2022-03-02,True
E01764,Female,34,30-39,Married,PhD,Finance,Financial Analyst,3,Chennai,Full-Time,2020-08-27,True
E01765,Female,38,30-39,Married,PhD,IT,Software Engineer,6,Hyderabad,Full-Time,2020-07-07,False
E01766,Male,31,30-39,Married,High School,Customer Support,Support Agent,5,Bengaluru,Full-Time,2024-12-20,True
E01767,Male,28,Under 30,Married,Master,Finance,Credit Analyst,2,Bengaluru,Full-Time,2020-08-11,True
E01768,Male,31,30-39,Married,PhD,IT,IT Support,2,Mumbai,Contract,2023-10-20,False
E01769,Male,28,Under 30,Married,Diploma,Research & Development,Research Scientist,3,Delhi,Full-Time,2024-05-04,True
E01770,Male,32,30-39,Married,High School,Sales,Business Development,2,Bengaluru,Full-Time,2025-10-24,False
E01771,Male,32,30-39,Single,High School,Sales,Business Development,2,Bengaluru,Full-Time,2020-03-31,False
E01772,Male,32,30-39,Divorced,High School,Operations,Quality Analyst,2,Mumbai,Full-Time,2025-03-12,True
E01773,Female,36,30-39,Married,Bachelor,Research & Development,Data Scientist,2,Bengaluru,Full-Time,2022-08-19,True
E01774,Female,37,30-39,Married,Master,Operations,Operations Analyst,3,Delhi,Full-Time,2021-11-12,True
E01775,Female,27,Under 30,Married,Master,IT,IT Support,3,Remote,Full-Time,2021-12-08,True
E01776,Female,30,30-39,Married,High School,Marketing,SEO Specialist,4,Hyderabad,Full-Time,2020-10-29,True
E01777,Female,38,30-39,Single,Diploma,Sales,Account Executive,3,Mumbai,Full-Time,2023-05-20,True
E01778,Male,32,30-39,Single,PhD,Operations,Logistics Coordinator,3,Remote,Part-Time,2021-01-11,True
E01779,Male,32,30-39,Married,High School,IT,IT Support,2,Chennai,Full-Time,2024-02-01,True
E01780,Male,40,40-49,Married,High School,Finance,Credit Analyst,7,Delhi,Full-Time,2021-07-15,True
E01781,Female,24,Under 30,Married,PhD,Operations,Quality Analyst,1,Remote,Full-Time,2025-01-19,True
E01782,Male,38,30-39,Married,Diploma,IT,Data Analyst,7,Chennai,Full-Time,2022-11-14,True
E01783,Male,33,30-39,Married,Master,IT,IT Support,2,Delhi,Full-Time,2021-03-14,True
E01784,Male,24,Under 30,Married,Bachelor,Customer Support,Escalation Specialist,1,Remote,Full-Time,2020-04-08,True
E01785,Female,38,30-39,Single,PhD,Sales,Business Development,3,Delhi,Full-Time,2025-08-12,True
E01786,Female,35,30-39,Married,Diploma,Sales,Sales Executive,2,Mumbai,Full-Time,2022-10-06,True
E01787,Female,38,30-39,Married,Bachelor,IT,Data Analyst,3,Chennai,Full-Time,2020-03-17,True
E01788,Male,27,Under 30,Divorced,High School,Executive,CEO,2,Mumbai,Full-Time,2020-03-19,True
E01789,Male,34,30-39,Married,Master,Sales,Sales Executive,6,Hyderabad,Full-Time,2025-05-14,True
E01790,Male,33,30-39,Divorced,Master,Human Resources,HR Generalist,3,Remote,Full-Time,2022-03-22,False
E01791,Male,36,30-39,Married,Bachelor,Sales,Sales Executive,2,Chennai,Full-Time,2020-12-02,False
E01792,Female,34,30-39,Married,High School,IT,Data Analyst,6,Bengaluru,Full-Time,2021-01-12,True
E01793,Male,31,30-39,Married,Master,Operations,Quality Analyst,2,Chennai,Full-Time,2024-05-26,True
E01794,Female,38,30-39,Single,Bachelor,Human Resources,Recruiter,3,Hyderabad,Part-Time,2025-10-12,True
E01795,Female,35,30-39,Married,Master,Research & Development,Data Scientist,6,Chennai,Full-Time,2020-06-05,False
E01796,Male,34,30-39,Married,High School,Marketing,Content Writer,1,Chennai,Part-Time,2020-09-13,True
E01797,Female,28,Under 30,Single,High School,Marketing,Marketing Analyst,2,Delhi,Full-Time,2024-08-23,True
E01798,Male,34,30-39,Single,PhD,Customer Support,Escalation Specialist,2,Mumbai,Full-Time,2023-11-23,True
E01799,Male,31,30-39,Divorced,Master,Research & Development,Research Scientist,2,Hyderabad,Part-Time,2021-02-03,True
E01800,Male,26,Under 30,Married,High School,Operations,Logistics Coordinator,2,Chennai,Full-Time,2025-05-12,False
E01801,Male,29,Under 30,Married,Bachelor,Marketing,Marketing Analyst,3,Chennai,Full-Time,2021-12-10,True
E01802,Male,25,Under 30,Married,Master,IT,DevOps Engineer,1,Remote,Full-Time,2021-12-28,False
E01803,Male,27,Under 30,Single,High School,Customer Support,Support Lead,3,Delhi,Full-Time,2020-08-16,True
E01804,Female,33,30-39,Married,Diploma,Sales,Business Development,1,Remote,Full-Time,2021-01-07,True
E01805,Female,25,Under 30,Married,Bachelor,Sales,Sales Executive,2,Mumbai,Full-Time,2024-01-29,True
E01806,Male,36,30-39,Single,Diploma,Sales,Business Development,5,Delhi,Part-Time,2022-10-11,True
E01807,Female,32,30-39,Married,High School,Operations,Operations Analyst,2,Bengaluru,Full-Time,2023-12-11,True
E01808,Female,43,40-49,Married,High School,Sales,Business Development,6,Chennai,Full-Time,2024-04-06,True
E01809,Female,36,30-39,Single,Bachelor,Customer Support,Escalation Specialist,6,Mumbai,Full-Time,2022-04-07,True
E01810,Male,28,Under 30,Married,Diploma,Finance,Financial Analyst,3,Mumbai,Full-Time,2023-02-07,True
E01811,Male,34,30-39,Single,Master,Customer Support,Support Lead,2,Delhi,Full-Time,2021-09-19,True
E01812,Female,37,30-39,Married,Bachelor,Sales,Account Executive,3,Chennai,Full-Time,2025-04-20,False
E01813,Male,32,30-39,Married,PhD,Research & Development,Data Scientist,1,Mumbai,Full-Time,2020-08-15,True
E01814,Male,24,Under 30,Single,Master,IT,Software Engineer,1,Bengaluru,Full-Time,2022-08-29,True
E01815,Female,32,30-39,Married,Master,Finance,Financial Analyst,2,Chennai,Full-Time,2024-06-04,True
E01816,Female,25,Under 30,Married,Bachelor,Sales,Sales Executive,1,Chennai,Full-Time,2024-08-03,True
E01817,Male,28,Under 30,Married,High School,IT,IT Support,3,Remote,Full-Time,2021-03-15,True
E01818,Male,30,30-39,Married,PhD,Operations,Operations Analyst,2,Chennai,Full-Time,2024-06-26,False
E01819,Male,28,Under 30,Married,PhD,Sales,Business Development,3,Hyderabad,Full-Time,2023-05-28,False
E01820,Female,30,30-39,Married,Bachelor,Sales,Account Executive,3,Hyderabad,Full-Time,2020-04-07,True
E01821,Male,44,40-49,Single,Diploma,Human Resources,Recruiter,7,Delhi,Full-Time,2020-05-06,True
E01822,Male,29,Under 30,Married,Bachelor,Sales,Account Executive,4,Delhi,Full-Time,2023-01-04,False
E01823,Male,32,30-39,Married,Bachelor,Sales,Account Executive,2,Hyderabad,Full-Time,2023-06-25,True
E01824,Female,32,30-39,Married,High School,Finance,Financial Analyst,1,Delhi,Full-Time,2023-07-18,True
E01825,Male,36,30-39,Single,High School,Human Resources,HR Analyst,2,Chennai,Full-Time,2020-04-19,True
E01826,Male,35,30-39,Married,PhD,Human Resources,HR Analyst,4,Delhi,Part-Time,2020-11-12,True
E01827,Male,30,30-39,Single,Bachelor,Customer Support,Support Lead,2,Delhi,Full-Time,2023-04-22,True
E01828,Female,30,30-39,Married,Master,Human Resources,Recruiter,4,Remote,Full-Time,2024-09-28,True
E01829,Female,31,30-39,Married,Bachelor,Operations,Operations Analyst,2,Remote,Full-Time,2022-07-08,True
E01830,Male,36,30-39,Married,Bachelor,Operations,Quality Analyst,2,Remote,Part-Time,2025-07-16,False
E01831,Female,41,40-49,Married,Diploma,IT,IT Support,6,Bengaluru,Full-Time,2021-04-24,True
E01832,Female,30,30-39,Married,Diploma,Sales,Business Development,2,Delhi,Full-Time,2022-07-03,True
E01833,Male,31,30-39,Married,Diploma,Customer Support,Support Lead,3,Delhi,Full-Time,2022-10-20,False
E01834,Male,38,30-39,Married,Bachelor,Sales,Account Executive,5,Mumbai,Full-Time,2025-01-05,True
E01835,Male,35,30-39,Single,High School,Marketing,SEO Specialist,4,Bengaluru,Full-Time,2022-10-23,True
E01836,Female,26,Under 30,Married,Master,Operations,Logistics Coordinator,1,Delhi,Full-Time,2024-07-16,True
E01837,Female,34,30-39,Married,High School,IT,DevOps Engineer,6,Hyderabad,Full-Time,2024-02-26,True
E01838,Female,27,Under 30,Married,High School,IT,Data Analyst,2,Hyderabad,Full-Time,2021-03-19,True
E01839,Female,37,30-39,Married,Bachelor,Finance,Financial Analyst,4,Delhi,Full-Time,2020-04-21,True
E01840,Male,35,30-39,Single,Master,Marketing,Marketing Analyst,3,Mumbai,Full-Time,2022-05-02,True
E01841,Female,24,Under 30,Married,Master,Human Resources,Recruiter,1,Hyderabad,Full-Time,2024-06-20,True
E01842,Male,25,Under 30,Single,PhD,Sales,Business Development,2,Delhi,Full-Time,2021-09-11,False
E01843,Female,37,30-39,Married,Diploma,Executive,CFO,3,Mumbai,Full-Time,2023-02-14,True
E01844,Female,36,30-39,Married,Master,Operations,Logistics Coordinator,7,Mumbai,Full-Time,2024-01-27,True
E01845,Female,33,30-39,Married,Diploma,Customer Support,Support Lead,6,Hyderabad,Full-Time,2025-12-15,True
E01846,Male,27,Under 30,Single,High School,Customer Support,Support Lead,1,Chennai,Full-Time,2022-12-03,True
E01847,Female,32,30-39,Single,Master,Operations,Quality Analyst,2,Chennai,Part-Time,2024-02-12,False
E01848,Male,40,40-49,Married,PhD,Customer Support,Escalation Specialist,4,Remote,Full-Time,2023-12-01,True
E01849,Male,38,30-39,Married,Diploma,Sales,Account Executive,7,Chennai,Full-Time,2020-11-21,True
E01850,Female,37,30-39,Single,Diploma,IT,Data Analyst,3,Remote,Full-Time,2023-05-27,True
E01851,Male,34,30-39,Married,Diploma,Operations,Logistics Coordinator,5,Hyderabad,Full-Time,2024-01-18,True
E01852,Male,41,40-49,Married,Diploma,Sales,Sales Executive,5,Mumbai,Full-Time,2023-09-18,True
E01853,Female,32,30-39,Single,PhD,Research & Development,Research Scientist,5,Mumbai,Full-Time,2023-10-24,True
E01854,Female,34,30-39,Married,High School,Human Resources,HR Generalist,1,Bengaluru,Full-Time,2023-11-11,True
E01855,Male,36,30-39,Married,Bachelor,Finance,Financial Analyst,3,Delhi,Contract,2025-10-10,True
E01856,Male,31,30-39,Married,High School,Finance,Financial Analyst,5,Hyderabad,Full-Time,2022-03-01,True
E01857,Male,41,40-49,Married,Bachelor,Customer Support,Support Agent,7,Bengaluru,Full-Time,2023-04-04,True
E01858,Female,32,30-39,Single,PhD,Finance,Accountant,3,Bengaluru,Full-Time,2024-12-17,True
E01859,Female,37,30-39,Married,Bachelor,Marketing,Marketing Analyst,3,Hyderabad,Full-Time,2024-05-29,True
E01860,Male,37,30-39,Married,PhD,Marketing,SEO Specialist,3,Mumbai,Full-Time,2022-08-12,True
E01861,Male,34,30-39,Married,Bachelor,Marketing,SEO Specialist,1,Hyderabad,Full-Time,2021-09-11,True
E01862,Female,43,40-49,Married,Master,Sales,Business Development,7,Mumbai,Contract,2025-09-08,True
E01863,Male,38,30-39,Married,Diploma,Marketing,Marketing Analyst,4,Hyderabad,Full-Time,2023-08-06,True
E01864,Male,32,30-39,Married,PhD,Customer Support,Escalation Specialist,1,Chennai,Contract,2023-05-09,True
E01865,Female,34,30-39,Married,High School,Customer Support,Support Lead,2,Bengaluru,Full-Time,2025-01-27,True
E01866,Female,39,30-39,Married,Diploma,IT,IT Support,4,Remote,Full-Time,2021-04-22,True
E01867,Male,40,40-49,Married,PhD,Human Resources,HR Analyst,4,Chennai,Full-Time,2021-10-01,True
E01868,Male,29,Under 30,Married,High School,IT,Software Engineer,4,Mumbai,Full-Time,2025-09-24,True
E01869,Male,45,40-49,Married,Diploma,Operations,Quality Analyst,7,Bengaluru,Contract,2023-12-13,True
E01870,Female,28,Under 30,Single,PhD,Customer Support,Support Agent,2,Hyderabad,Full-Time,2024-07-09,False
E01871,Female,29,Under 30,Married,Diploma,Finance,Credit Analyst,1,Bengaluru,Full-Time,2020-04-12,True
E01872,Male,27,Under 30,Single,PhD,Operations,Quality Analyst,2,Hyderabad,Full-Time,2024-12-04,True
E01873,Female,29,Under 30,Married,Bachelor,IT,IT Support,2,Mumbai,Full-Time,2025-11-18,False
E01874,Female,30,30-39,Married,Master,Operations,Logistics Coordinator,1,Remote,Full-Time,2022-04-17,True
E01875,Female,46,40-49,Married,Bachelor,Human Resources,HR Analyst,7,Delhi,Part-Time,2024-09-02,True
E01876,Female,32,30-39,Married,Diploma,Finance,Accountant,2,Remote,Full-Time,2025-02-26,True
E01877,Male,26,Under 30,Married,High School,Finance,Credit Analyst,1,Hyderabad,Full-Time,2021-06-10,True
E01878,Male,33,30-39,Married,Bachelor,IT,DevOps Engineer,4,Delhi,Part-Time,2020-06-03,True
E01879,Female,29,Under 30,Single,High School,Sales,Account Executive,1,Remote,Full-Time,2021-04-14,True
E01880,Male,31,30-39,Single,High School,Human Resources,Recruiter,3,Mumbai,Full-Time,2023-11-23,True
E01881,Male,30,30-39,Married,High School,Sales,Business Development,4,Chennai,Full-Time,2020-12-21,True
E01882,Female,34,30-39,Married,Master,Human Resources,HR Generalist,1,Hyderabad,Full-Time,2020-10-13,True
E01883,Female,29,Under 30,Single,PhD,Marketing,SEO Specialist,3,Delhi,Full-Time,2020-08-13,True
E01884,Female,36,30-39,Married,High School,Operations,Quality Analyst,2,Chennai,Full-Time,2024-09-06,True
E01885,Female,33,30-39,Married,High School,Customer Support,Support Agent,4,Mumbai,Full-Time,2023-03-18,True
E01886,Male,33,30-39,Single,Diploma,Sales,Business Development,3,Delhi,Full-Time,2024-06-24,True
E01887,Female,36,30-39,Divorced,High School,Research & Development,Research Scientist,4,Remote,Full-Time,2021-02-10,True
E01888,Male,37,30-39,Married,PhD,Operations,Quality Analyst,6,Bengaluru,Full-Time,2021-03-23,True
E01889,Male,29,Under 30,Married,High School,Finance,Accountant,1,Bengaluru,Full-Time,2022-02-14,True
E01890,Female,35,30-39,Married,Diploma,IT,DevOps Engineer,5,Bengaluru,Full-Time,2022-07-24,True
E01891,Female,35,30-39,Divorced,High School,Research & Development,Research Scientist,3,Remote,Full-Time,2025-05-22,True
E01892,Male,39,30-39,Married,Diploma,Sales,Sales Executive,5,Bengaluru,Full-Time,2020-09-08,True
E01893,Male,34,30-39,Single,Bachelor,Research & Development,Research Scientist,5,Bengaluru,Full-Time,2020-01-27,True
E01894,Male,27,Under 30,Divorced,High School,Sales,Sales Executive,2,Hyderabad,Part-Time,2025-01-07,False
E01895,Male,32,30-39,Divorced,Master,Finance,Financial Analyst,1,Mumbai,Full-Time,2022-01-11,True
E01896,Male,44,40-49,Married,High School,Operations,Logistics Coordinator,6,Chennai,Part-Time,2020-03-27,True
E01897,Female,32,30-39,Married,High School,Marketing,SEO Specialist,2,Hyderabad,Full-Time,2025-08-26,True
E01898,Female,39,30-39,Single,High School,Operations,Logistics Coordinator,4,Bengaluru,Full-Time,2023-11-21,True
E01899,Male,34,30-39,Married,PhD,Marketing,Content Writer,2,Mumbai,Full-Time,2023-07-25,True
E01900,Male,38,30-39,Married,Diploma,Operations,Logistics Coordinator,4,Hyderabad,Full-Time,2021-01-10,True
E01901,Male,30,30-39,Married,Diploma,Research & Development,Product Engineer,2,Remote,Full-Time,2020-10-16,True
E01902,Male,36,30-39,Married,Master,Operations,Operations Analyst,3,Mumbai,Full-Time,2022-02-28,True
E01903,Male,38,30-39,Married,High School,Sales,Business Development,5,Hyderabad,Full-Time,2023-08-24,True
E01904,Female,29,Under 30,Married,PhD,Research & Development,Research Scientist,2,Hyderabad,Part-Time,2024-12-01,False
E01905,Female,44,40-49,Single,High School,Operations,Logistics Coordinator,7,Chennai,Full-Time,2021-10-25,True
E01906,Female,39,30-39,Married,Bachelor,Research & Development,Product Engineer,6,Chennai,Full-Time,2025-11-01,True
E01907,Male,42,40-49,Married,Bachelor,Marketing,Content Writer,5,Mumbai,Full-Time,2025-01-24,True
E01908,Female,29,Under 30,Married,High School,Research & Development,Product Engineer,1,Chennai,Full-Time,2024-06-14,True
E01909,Female,28,Under 30,Married,Bachelor,Operations,Logistics Coordinator,2,Chennai,Full-Time,2021-07-09,False
E01910,Male,37,30-39,Married,Master,Marketing,SEO Specialist,5,Delhi,Full-Time,2024-02-14,True
E01911,Male,40,40-49,Divorced,PhD,Customer Support,Escalation Specialist,5,Hyderabad,Full-Time,2023-11-02,False
E01912,Female,36,30-39,Single,High School,IT,DevOps Engineer,2,Hyderabad,Full-Time,2024-11-03,True
E01913,Male,31,30-39,Married,Bachelor,Sales,Business Development,3,Mumbai,Full-Time,2023-03-10,True
E01914,Female,34,30-39,Married,Master,Marketing,SEO Specialist,6,Remote,Full-Time,2023-12-02,True
E01915,Female,30,30-39,Single,Diploma,Sales,Account Executive,4,Remote,Full-Time,2025-05-09,True
E01916,Female,41,40-49,Married,PhD,Finance,Accountant,6,Delhi,Full-Time,2022-06-27,True
E01917,Male,27,Under 30,Married,High School,Operations,Operations Analyst,2,Bengaluru,Full-Time,2021-05-11,True
E01918,Male,23,Under 30,Divorced,PhD,Customer Support,Support Agent,1,Delhi,Full-Time,2025-05-06,False
E01919,Male,29,Under 30,Married,Bachelor,Operations,Quality Analyst,2,Bengaluru,Part-Time,2024-07-16,False
E01920,Male,38,30-39,Married,Master,Finance,Accountant,3,Delhi,Full-Time,2022-03-12,True
E01921,Female,40,40-49,Single,Master,Finance,Accountant,7,Bengaluru,Full-Time,2025-06-24,True
E01922,Female,31,30-39,Single,Bachelor,Marketing,SEO Specialist,4,Chennai,Full-Time,2021-06-10,True
E01923,Female,25,Under 30,Single,Master,Operations,Operations Analyst,2,Bengaluru,Full-Time,2025-04-15,False
E01924,Male,32,30-39,Married,Bachelor,Finance,Accountant,3,Remote,Full-Time,2022-03-29,True
E01925,Male,31,30-39,Married,Master,Human Resources,HR Analyst,3,Mumbai,Full-Time,2025-10-09,True
E01926,Male,26,Under 30,Married,Diploma,Finance,Credit Analyst,1,Delhi,Full-Time,2022-05-18,True
E01927,Female,31,30-39,Single,Diploma,Operations,Logistics Coordinator,2,Delhi,Part-Time,2021-04-06,False
E01928,Male,27,Under 30,Divorced,Master,Marketing,SEO Specialist,1,Delhi,Full-Time,2021-07-11,True
E01929,Female,36,30-39,Married,Master,Research & Development,Research Scientist,6,Chennai,Full-Time,2020-10-14,True
E01930,Male,32,30-39,Married,PhD,Customer Support,Support Agent,2,Chennai,Part-Time,2023-11-07,False
E01931,Male,30,30-39,Married,High School,Research & Development,Data Scientist,2,Chennai,Full-Time,2023-11-10,False
E01932,Male,26,Under 30,Married,High School,Operations,Quality Analyst,2,Bengaluru,Full-Time,2021-06-28,True
E01933,Male,40,40-49,Married,Master,Sales,Business Development,5,Mumbai,Full-Time,2021-06-04,True
E01934,Male,35,30-39,Married,Diploma,Sales,Sales Executive,6,Remote,Full-Time,2021-04-28,True
E01935,Female,33,30-39,Single,PhD,Finance,Accountant,5,Delhi,Full-Time,2023-04-08,True
E01936,Male,30,30-39,Single,Master,IT,DevOps Engineer,2,Remote,Full-Time,2020-02-23,True
E01937,Male,42,40-49,Divorced,Master,Research & Development,Data Scientist,6,Mumbai,Full-Time,2025-01-24,True
E01938,Male,37,30-39,Married,High School,Operations,Logistics Coordinator,4,Bengaluru,Full-Time,2024-11-20,True
E01939,Female,25,Under 30,Married,Master,Customer Support,Support Lead,2,Remote,Full-Time,2021-08-13,False
E01940,Female,42,40-49,Married,Master,Customer Support,Support Lead,7,Bengaluru,Full-Time,2024-04-30,True
E01941,Male,33,30-39,Married,PhD,Sales,Sales Executive,2,Remote,Full-Time,2025-05-31,True
E01942,Male,33,30-39,Married,Bachelor,Marketing,Marketing Analyst,3,Bengaluru,Part-Time,2023-02-24,False
E01943,Female,30,30-39,Married,Diploma,Customer Support,Escalation Specialist,3,Chennai,Full-Time,2020-12-18,True
E01944,Male,32,30-39,Married,Diploma,Customer Support,Escalation Specialist,2,Delhi,Full-Time,2025-12-17,True
E01945,Female,34,30-39,Married,Diploma,Customer Support,Support Agent,1,Chennai,Full-Time,2023-01-28,True
E01946,Male,35,30-39,Married,Bachelor,Executive,CEO,3,Mumbai,Full-Time,2023-04-26,True
E01947,Male,36,30-39,Married,High School,Customer Support,Support Agent,3,Delhi,Full-Time,2024-07-27,True
E01948,Male,36,30-39,Married,PhD,IT,IT Support,3,Mumbai,Full-Time,2024-04-09,True
E01949,Female,29,Under 30,Married,PhD,Finance,Accountant,3,Chennai,Full-Time,2021-04-21,True
E01950,Male,38,30-39,Single,Master,Research & Development,Research Scientist,6,Chennai,Full-Time,2021-03-25,True
E01951,Female,26,Under 30,Single,Master,Operations,Operations Analyst,1,Hyderabad,Full-Time,2022-11-14,True
E01952,Male,44,40-49,Married,High School,Finance,Financial Analyst,6,Bengaluru,Full-Time,2023-03-20,True
E01953,Male,28,Under 30,Married,High School,Finance,Credit Analyst,2,Bengaluru,Full-Time,2021-06-30,False
E01954,Male,28,Under 30,Married,High School,Human Resources,Recruiter,3,Bengaluru,Full-Time,2025-06-06,True
E01955,Male,35,30-39,Married,PhD,Marketing,Marketing Analyst,6,Chennai,Full-Time,2022-02-14,True
E01956,Female,24,Under 30,Single,Master,Operations,Logistics Coordinator,1,Bengaluru,Full-Time,2023-12-11,True
E01957,Female,26,Under 30,Married,PhD,IT,Data Analyst,2,Hyderabad,Full-Time,2020-12-04,True
E01958,Male,23,Under 30,Divorced,Diploma,Research & Development,Data Scientist,1,Bengaluru,Full-Time,2020-11-24,True
E01959,Female,27,Under 30,Single,Master,Operations,Quality Analyst,3,Hyderabad,Full-Time,2022-04-23,True
E01960,Male,34,30-39,Married,Bachelor,Customer Support,Escalation Specialist,3,Bengaluru,Full-Time,2023-04-23,True
E01961,Female,32,30-39,Married,Diploma,Research & Development,Research Scientist,2,Mumbai,Full-Time,2020-05-04,False
E01962,Male,41,40-49,Married,Diploma,Marketing,Marketing Analyst,5,Mumbai,Full-Time,2023-02-12,True
E01963,Female,32,30-39,Married,Diploma,Human Resources,HR Generalist,4,Bengaluru,Full-Time,2024-07-31,True
E01964,Male,31,30-39,Married,Master,Marketing,SEO Specialist,2,Hyderabad,Part-Time,2020-01-18,True
E01965,Male,39,30-39,Married,Diploma,Human Resources,Recruiter,5,Chennai,Full-Time,2022-04-17,True
E01966,Male,25,Under 30,Married,Bachelor,Human Resources,HR Analyst,2,Chennai,Full-Time,2023-09-15,True
E01967,Male,35,30-39,Married,Diploma,IT,IT Support,5,Delhi,Full-Time,2023-01-15,False
E01968,Female,39,30-39,Single,High School,Research & Development,Product Engineer,6,Remote,Full-Time,2023-01-02,True
E01969,Female,34,30-39,Single,Bachelor,IT,DevOps Engineer,1,Bengaluru,Full-Time,2020-04-08,True
E01970,Female,25,Under 30,Married,PhD,Finance,Financial Analyst,2,Hyderabad,Full-Time,2023-03-17,False
E01971,Female,24,Under 30,Married,High School,IT,DevOps Engineer,1,Bengaluru,Part-Time,2022-04-05,True
E01972,Female,34,30-39,Married,High School,IT,Data Analyst,2,Bengaluru,Full-Time,2024-07-19,True
E01973,Male,34,30-39,Married,Bachelor,Operations,Operations Analyst,4,Remote,Full-Time,2024-05-07,True
E01974,Female,27,Under 30,Divorced,High School,Customer Support,Support Lead,3,Bengaluru,Full-Time,2020-07-11,True
E01975,Male,33,30-39,Married,High School,Customer Support,Support Lead,3,Hyderabad,Full-Time,2022-09-18,True
E01976,Male,24,Under 30,Divorced,PhD,Finance,Credit Analyst,1,Hyderabad,Full-Time,2023-08-18,True
E01977,Female,32,30-39,Married,Master,Marketing,SEO Specialist,1,Chennai,Full-Time,2021-04-01,True
E01978,Male,29,Under 30,Married,Master,Customer Support,Support Lead,2,Bengaluru,Full-Time,2024-06-29,True
E01979,Male,38,30-39,Married,PhD,Operations,Quality Analyst,4,Bengaluru,Part-Time,2023-12-17,True
E01980,Male,26,Under 30,Single,PhD,Marketing,Marketing Analyst,1,Mumbai,Full-Time,2023-11-09,False
E01981,Male,38,30-39,Single,PhD,Operations,Quality Analyst,7,Mumbai,Full-Time,2020-10-30,True
E01982,Female,34,30-39,Single,High School,IT,Data Analyst,4,Hyderabad,Full-Time,2025-09-13,True
E01983,Male,27,Under 30,Married,Master,Finance,Financial Analyst,3,Remote,Full-Time,2021-06-10,True
E01984,Female,36,30-39,Divorced,Bachelor,Operations,Logistics Coordinator,2,Chennai,Full-Time,2023-05-08,True
E01985,Male,37,30-39,Married,High School,IT,DevOps Engineer,3,Delhi,Full-Time,2025-07-10,True
E01986,Female,36,30-39,Married,PhD,Customer Support,Support Agent,3,Delhi,Full-Time,2021-11-18,True
E01987,Female,38,30-39,Single,Bachelor,Operations,Logistics Coordinator,4,Chennai,Contract,2024-05-24,True
E01988,Female,46,40-49,Married,High School,Marketing,Marketing Analyst,7,Remote,Contract,2025-06-06,False
E01989,Male,39,30-39,Single,Diploma,Customer Support,Support Lead,7,Remote,Full-Time,2025-02-11,False
E01990,Male,33,30-39,Married,High School,IT,IT Support,4,Mumbai,Full-Time,2025-11-17,True
E01991,Male,36,30-39,Married,High School,Operations,Quality Analyst,6,Mumbai,Full-Time,2024-11-18,False
E01992,Female,27,Under 30,Married,PhD,Research & Development,Research Scientist,1,Bengaluru,Full-Time,2024-12-22,False
E01993,Female,37,30-39,Married,Master,Operations,Logistics Coordinator,5,Remote,Full-Time,2023-03-07,False
E01994,Female,36,30-39,Single,Diploma,Finance,Accountant,3,Mumbai,Contract,2020-03-09,True
E01995,Male,28,Under 30,Single,Master,Customer Support,Support Agent,3,Remote,Full-Time,2024-12-04,True
E01996,Male,25,Under 30,Married,Diploma,IT,IT Support,2,Bengaluru,Full-Time,2021-08-12,True
E01997,Female,27,Under 30,Married,PhD,Operations,Operations Analyst,3,Bengaluru,Full-Time,2023-09-15,True
E01998,Female,41,40-49,Married,Master,Research & Development,Product Engineer,5,Hyderabad,Full-Time,2020-09-25,True
E01999,Female,30,30-39,Divorced,PhD,Sales,Sales Executive,1,Hyderabad,Part-Time,2021-03-30,False
E02000,Male,37,30-39,Single,Bachelor,Operations,Quality Analyst,6,Chennai,Full-Time,2020-08-04,True
E02001,Male,27,Under 30,Single,PhD,Sales,Account Executive,1,Bengaluru,Full-Time,2020-06-15,True
E02002,Male,27,Under 30,Married,Diploma,Human Resources,HR Analyst,1,Chennai,Full-Time,2022-10-12,True
E02003,Female,25,Under 30,Married,High School,Customer Support,Support Lead,1,Chennai,Part-Time,2023-02-05,True
E02004,Female,36,30-39,Married,Master,Operations,Logistics Coordinator,2,Delhi,Part-Time,2023-03-01,True
E02005,Male,41,40-49,Married,Diploma,Operations,Logistics Coordinator,7,Hyderabad,Full-Time,2020-03-14,True
E02006,Male,31,30-39,Married,Bachelor,Finance,Credit Analyst,2,Chennai,Full-Time,2021-09-10,True
E02007,Female,35,30-39,Divorced,Diploma,Operations,Operations Analyst,2,Mumbai,Full-Time,2022-02-07,True
E02008,Female,29,Under 30,Married,High School,Human Resources,Recruiter,3,Bengaluru,Part-Time,2024-08-11,True
E02009,Female,28,Under 30,Married,Master,Operations,Quality Analyst,1,Remote,Full-Time,2020-11-14,True
E02010,Male,27,Under 30,Married,Bachelor,Research & Development,Product Engineer,3,Delhi,Full-Time,2022-10-17,True
E02011,Male,29,Under 30,Married,Master,Research & Development,Product Engineer,3,Delhi,Full-Time,2022-07-10,True
E02012,Male,28,Under 30,Married,Diploma,Operations,Operations Analyst,1,Chennai,Full-Time,2020-07-30,True
E02013,Male,34,30-39,Married,High School,Finance,Credit Analyst,3,Remote,Full-Time,2025-02-08,True
E02014,Male,38,30-39,Married,Master,IT,DevOps Engineer,3,Remote,Full-Time,2025-05-08,True
E02015,Male,26,Under 30,Single,Bachelor,Customer Support,Support Agent,1,Remote,Full-Time,2024-11-22,False
E02016,Female,38,30-39,Married,Master,Human Resources,HR Analyst,3,Bengaluru,Full-Time,2021-11-27,True
E02017,Female,29,Under 30,Single,PhD,Marketing,SEO Specialist,2,Chennai,Full-Time,2022-09-14,False
E02018,Male,39,30-39,Married,High School,Finance,Credit Analyst,5,Mumbai,Part-Time,2025-07-05,True
E02019,Female,33,30-39,Married,Diploma,Marketing,Marketing Analyst,2,Delhi,Part-Time,2021-05-23,True
E02020,Female,31,30-39,Married,Bachelor,IT,DevOps Engineer,1,Remote,Full-Time,2021-03-14,True
E02021,Male,31,30-39,Married,High School,Sales,Business Development,3,Bengaluru,Full-Time,2020-01-13,True
E02022,Female,27,Under 30,Married,High School,Customer Support,Support Agent,3,Hyderabad,Full-Time,2020-12-24,True
E02023,Female,38,30-39,Single,PhD,Human Resources,HR Generalist,4,Bengaluru,Full-Time,2024-12-02,True
E02024,Male,33,30-39,Married,Bachelor,Sales,Account Executive,1,Remote,Full-Time,2024-12-21,False
E02025,Female,36,30-39,Married,High School,Customer Support,Escalation Specialist,6,Bengaluru,Full-Time,2021-11-12,False
E02026,Male,36,30-39,Married,Diploma,Sales,Sales Executive,2,Remote,Full-Time,2020-02-13,False
E02027,Male,39,30-39,Married,Master,Finance,Financial Analyst,5,Remote,Full-Time,2020-10-14,False
E02028,Male,42,40-49,Single,Master,Operations,Quality Analyst,5,Chennai,Full-Time,2024-06-11,True
E02029,Male,28,Under 30,Single,PhD,Human Resources,HR Generalist,2,Remote,Full-Time,2025-11-18,False
E02030,Female,39,30-39,Married,High School,Operations,Logistics Coordinator,7,Delhi,Full-Time,2024-11-02,True
E02031,Female,33,30-39,Divorced,Bachelor,Operations,Operations Analyst,2,Hyderabad,Full-Time,2024-09-02,False
E02032,Male,30,30-39,Divorced,Diploma,Customer Support,Support Lead,1,Hyderabad,Full-Time,2021-11-30,False
E02033,Male,34,30-39,Divorced,Master,Customer Support,Escalation Specialist,3,Chennai,Full-Time,2022-05-04,True
E02034,Male,36,30-39,Married,Master,Marketing,Content Writer,2,Delhi,Full-Time,2023-11-21,True
E02035,Male,28,Under 30,Married,Bachelor,Finance,Accountant,2,Mumbai,Full-Time,2020-05-07,False
E02036,Male,42,40-49,Married,High School,Customer Support,Escalation Specialist,6,Bengaluru,Part-Time,2024-04-07,True
E02037,Female,32,30-39,Single,PhD,Customer Support,Escalation Specialist,4,Hyderabad,Full-Time,2025-08-19,True
E02038,Female,25,Under 30,Married,Diploma,Operations,Logistics Coordinator,2,Mumbai,Full-Time,2021-12-17,True
E02039,Female,30,30-39,Married,Bachelor,Finance,Financial Analyst,3,Chennai,Full-Time,2021-06-10,True
E02040,Female,36,30-39,Single,PhD,Finance,Credit Analyst,3,Delhi,Full-Time,2024-10-05,False
E02041,Male,31,30-39,Single,Diploma,Customer Support,Support Agent,3,Remote,Part-Time,2020-12-01,True
E02042,Male,35,30-39,Single,Diploma,Marketing,SEO Specialist,6,Remote,Full-Time,2021-02-21,True
E02043,Female,34,30-39,Single,PhD,Human Resources,HR Generalist,1,Hyderabad,Full-Time,2023-09-13,True
E02044,Male,34,30-39,Married,Master,Customer Support,Escalation Specialist,2,Delhi,Full-Time,2022-12-27,True
E02045,Male,33,30-39,Married,High School,Sales,Account Executive,2,Chennai,Part-Time,2021-06-21,False
E02046,Female,38,30-39,Married,Bachelor,Research & Development,Research Scientist,3,Hyderabad,Full-Time,2024-03-04,True
E02047,Female,28,Under 30,Married,High School,Research & Development,Product Engineer,3,Bengaluru,Full-Time,2020-06-09,True
E02048,Male,35,30-39,Married,Master,Research & Development,Product Engineer,7,Mumbai,Full-Time,2022-08-29,True
E02049,Male,31,30-39,Single,Master,Operations,Operations Analyst,2,Delhi,Full-Time,2024-04-20,False
E02050,Male,32,30-39,Married,Master,Research & Development,Research Scientist,4,Hyderabad,Full-Time,2023-07-27,False
E02051,Male,28,Under 30,Married,PhD,Customer Support,Support Agent,3,Hyderabad,Full-Time,2020-09-26,True
E02052,Female,36,30-39,Married,Bachelor,Customer Support,Support Lead,4,Remote,Full-Time,2021-01-12,True
E02053,Male,26,Under 30,Married,PhD,Sales,Sales Executive,1,Remote,Full-Time,2024-01-07,True
E02054,Female,27,Under 30,Married,PhD,Operations,Quality Analyst,2,Delhi,Full-Time,2022-12-05,True
E02055,Female,32,30-39,Single,High School,IT,Software Engineer,3,Mumbai,Full-Time,2022-11-27,True
E02056,Female,23,Under 30,Married,Diploma,Finance,Accountant,1,Bengaluru,Full-Time,2021-02-27,True
E02057,Female,29,Under 30,Single,PhD,Finance,Financial Analyst,1,Chennai,Full-Time,2021-08-26,True
E02058,Male,29,Under 30,Married,Bachelor,Marketing,Marketing Analyst,3,Hyderabad,Full-Time,2021-11-12,True
E02059,Female,31,30-39,Married,Bachelor,Marketing,Marketing Analyst,4,Remote,Full-Time,2021-10-25,True
E02060,Female,30,30-39,Single,High School,Research & Development,Research Scientist,2,Delhi,Full-Time,2023-09-16,True
E02061,Female,35,30-39,Divorced,PhD,IT,DevOps Engineer,3,Bengaluru,Full-Time,2024-07-01,True
E02062,Male,42,40-49,Married,High School,Research & Development,Data Scientist,7,Chennai,Full-Time,2023-09-01,True
E02063,Female,35,30-39,Single,PhD,Sales,Business Development,4,Delhi,Part-Time,2021-06-12,True
E02064,Female,26,Under 30,Married,Diploma,Sales,Account Executive,1,Hyderabad,Full-Time,2024-03-01,False
E02065,Female,45,40-49,Married,Diploma,Finance,Accountant,7,Mumbai,Full-Time,2020-11-04,True
E02066,Male,39,30-39,Married,Diploma,Operations,Logistics Coordinator,6,Hyderabad,Full-Time,2021-12-26,True
E02067,Female,40,40-49,Single,Master,IT,Data Analyst,7,Mumbai,Full-Time,2022-07-15,True
E02068,Male,34,30-39,Married,PhD,Sales,Account Executive,2,Remote,Full-Time,2022-02-11,False
E02069,Female,34,30-39,Married,Bachelor,Research & Development,Research Scientist,1,Mumbai,Full-Time,2024-04-08,True
E02070,Male,23,Under 30,Single,Bachelor,Operations,Logistics Coordinator,1,Hyderabad,Full-Time,2020-09-30,False
E02071,Female,33,30-39,Married,PhD,Marketing,Marketing Analyst,3,Bengaluru,Full-Time,2020-12-29,True
E02072,Female,28,Under 30,Married,PhD,Human Resources,Recruiter,1,Delhi,Contract,2025-12-20,False
E02073,Male,25,Under 30,Married,Master,Human Resources,HR Analyst,1,Delhi,Full-Time,2025-03-31,False
E02074,Male,39,30-39,Married,PhD,Operations,Quality Analyst,4,Bengaluru,Full-Time,2025-05-08,False
E02075,Female,30,30-39,Married,PhD,Sales,Business Development,1,Remote,Full-Time,2020-11-27,False
E02076,Male,33,30-39,Married,Master,Customer Support,Support Agent,3,Delhi,Part-Time,2021-10-18,True
E02077,Female,38,30-39,Married,PhD,Sales,Sales Executive,4,Mumbai,Full-Time,2024-08-30,True
E02078,Male,30,30-39,Married,PhD,Operations,Logistics Coordinator,1,Delhi,Full-Time,2020-04-11,True
E02079,Male,33,30-39,Married,High School,Operations,Operations Analyst,3,Bengaluru,Full-Time,2024-02-11,True
E02080,Male,29,Under 30,Married,PhD,IT,DevOps Engineer,1,Mumbai,Full-Time,2025-12-06,True
E02081,Male,42,40-49,Single,PhD,Finance,Accountant,5,Chennai,Full-Time,2022-07-25,True
E02082,Female,39,30-39,Married,Diploma,IT,Software Engineer,7,Mumbai,Full-Time,2022-11-22,True
E02083,Male,38,30-39,Married,Bachelor,Operations,Operations Analyst,6,Remote,Full-Time,2020-04-24,True
E02084,Male,35,30-39,Married,Diploma,Operations,Logistics Coordinator,3,Delhi,Full-Time,2025-11-12,False
E02085,Female,27,Under 30,Married,Master,Operations,Operations Analyst,3,Delhi,Full-Time,2020-12-18,True
E02086,Female,32,30-39,Married,High School,Marketing,SEO Specialist,3,Mumbai,Full-Time,2024-10-12,True
E02087,Female,46,40-49,Single,High School,Finance,Financial Analyst,7,Delhi,Full-Time,2025-03-26,True
E02088,Female,42,40-49,Married,Master,Sales,Sales Executive,6,Remote,Full-Time,2021-07-16,True
E02089,Male,38,30-39,Single,Master,Operations,Operations Analyst,4,Remote,Part-Time,2020-08-12,True
E02090,Female,34,30-39,Married,Master,Marketing,SEO Specialist,2,Bengaluru,Part-Time,2024-08-23,True
E02091,Female,35,30-39,Married,PhD,Sales,Business Development,5,Remote,Contract,2022-11-11,True
E02092,Female,31,30-39,Divorced,Diploma,Operations,Quality Analyst,2,Delhi,Full-Time,2024-07-14,True
E02093,Male,42,40-49,Married,PhD,Sales,Account Executive,5,Mumbai,Full-Time,2021-03-15,True
E02094,Male,26,Under 30,Single,Master,Sales,Sales Executive,1,Bengaluru,Full-Time,2023-01-15,False
E02095,Male,30,30-39,Married,Master,IT,IT Support,1,Delhi,Full-Time,2021-12-11,True
E02096,Male,37,30-39,Married,High School,Sales,Account Executive,3,Bengaluru,Full-Time,2020-09-10,True
E02097,Female,32,30-39,Married,PhD,Sales,Sales Executive,3,Remote,Full-Time,2024-06-27,True
E02098,Female,26,Under 30,Married,High School,Marketing,Content Writer,2,Mumbai,Part-Time,2025-05-08,True
E02099,Female,45,40-49,Married,Diploma,Marketing,Marketing Analyst,7,Mumbai,Full-Time,2020-11-02,False
E02100,Male,28,Under 30,Married,High School,Customer Support,Support Lead,2,Mumbai,Full-Time,2023-02-12,True
E02101,Female,25,Under 30,Married,PhD,Human Resources,Recruiter,2,Bengaluru,Full-Time,2024-08-16,True
E02102,Male,29,Under 30,Married,PhD,Marketing,Content Writer,1,Bengaluru,Full-Time,2025-01-27,True
E02103,Male,30,30-39,Married,Diploma,Research & Development,Research Scientist,1,Delhi,Full-Time,2020-02-13,True
E02104,Female,27,Under 30,Married,Diploma,Sales,Account Executive,1,Mumbai,Full-Time,2024-01-31,True
E02105,Female,25,Under 30,Single,High School,Operations,Operations Analyst,2,Mumbai,Full-Time,2022-11-20,True
E02106,Female,36,30-39,Married,Bachelor,Sales,Business Development,3,Hyderabad,Full-Time,2021-02-25,True
E02107,Male,36,30-39,Single,Bachelor,IT,Software Engineer,5,Mumbai,Full-Time,2023-02-20,True
E02108,Male,23,Under 30,Married,PhD,Research & Development,Product Engineer,1,Delhi,Full-Time,2020-02-17,True
E02109,Male,33,30-39,Married,Diploma,Research & Development,Research Scientist,1,Chennai,Full-Time,2020-02-01,True
E02110,Female,30,30-39,Divorced,PhD,Customer Support,Escalation Specialist,4,Bengaluru,Full-Time,2025-10-26,False
E02111,Female,30,30-39,Married,Bachelor,Finance,Credit Analyst,3,Bengaluru,Full-Time,2024-12-02,True
E02112,Male,23,Under 30,Married,High School,IT,DevOps Engineer,1,Chennai,Full-Time,2025-11-14,True
E02113,Male,32,30-39,Married,Diploma,Marketing,Content Writer,2,Remote,Contract,2024-08-18,True
E02114,Female,40,40-49,Married,PhD,Research & Development,Product Engineer,4,Mumbai,Full-Time,2025-07-08,True
E02115,Female,31,30-39,Married,Bachelor,IT,Data Analyst,2,Hyderabad,Full-Time,2021-07-11,False
E02116,Male,32,30-39,Divorced,PhD,Sales,Sales Executive,3,Delhi,Full-Time,2021-04-24,True
E02117,Male,31,30-39,Single,Master,Customer Support,Support Agent,1,Delhi,Full-Time,2024-04-03,True
E02118,Female,31,30-39,Married,Master,Operations,Logistics Coordinator,2,Mumbai,Full-Time,2020-07-31,True
E02119,Female,39,30-39,Married,Bachelor,Customer Support,Escalation Specialist,4,Delhi,Full-Time,2024-08-07,True
E02120,Male,34,30-39,Single,Bachelor,Human Resources,HR Analyst,1,Chennai,Full-Time,2023-02-10,True
E02121,Male,38,30-39,Married,Diploma,Finance,Credit Analyst,4,Hyderabad,Contract,2022-01-24,True
E02122,Male,37,30-39,Married,Bachelor,Operations,Quality Analyst,3,Hyderabad,Full-Time,2025-03-01,True
E02123,Male,32,30-39,Married,High School,Sales,Account Executive,4,Bengaluru,Full-Time,2023-01-14,True
E02124,Male,33,30-39,Married,PhD,Operations,Operations Analyst,2,Hyderabad,Full-Time,2021-03-11,True
E02125,Female,36,30-39,Married,PhD,Marketing,SEO Specialist,7,Delhi,Full-Time,2025-06-09,False
E02126,Female,34,30-39,Married,PhD,Customer Support,Support Agent,1,Remote,Part-Time,2023-01-15,False
E02127,Male,30,30-39,Married,Bachelor,IT,DevOps Engineer,1,Bengaluru,Full-Time,2022-09-05,False
E02128,Female,34,30-39,Married,Diploma,Research & Development,Product Engineer,4,Hyderabad,Full-Time,2024-11-16,True
E02129,Male,40,40-49,Married,Bachelor,Executive,CFO,7,Remote,Full-Time,2023-07-18,True
E02130,Male,39,30-39,Married,Diploma,Operations,Operations Analyst,4,Mumbai,Full-Time,2022-11-05,True
E02131,Female,29,Under 30,Married,Master,Operations,Quality Analyst,1,Chennai,Full-Time,2024-10-09,False
E02132,Female,27,Under 30,Single,Bachelor,Sales,Business Development,2,Hyderabad,Full-Time,2020-07-06,True
E02133,Female,34,30-39,Single,Bachelor,Sales,Sales Executive,4,Remote,Part-Time,2022-01-15,True
E02134,Male,33,30-39,Single,Bachelor,Research & Development,Product Engineer,6,Hyderabad,Full-Time,2025-02-02,True
E02135,Male,33,30-39,Married,Diploma,Sales,Business Development,1,Bengaluru,Full-Time,2022-04-16,True
E02136,Male,25,Under 30,Married,Bachelor,Marketing,Content Writer,2,Hyderabad,Full-Time,2025-02-07,True
E02137,Female,39,30-39,Single,Master,Operations,Quality Analyst,6,Delhi,Full-Time,2023-02-14,True
E02138,Male,38,30-39,Single,PhD,Sales,Account Executive,3,Remote,Full-Time,2020-07-15,True
E02139,Female,31,30-39,Married,PhD,Human Resources,HR Generalist,3,Hyderabad,Contract,2022-08-18,True
E02140,Male,37,30-39,Married,Master,Sales,Business Development,4,Delhi,Contract,2022-11-05,True
E02141,Female,35,30-39,Single,High School,Finance,Financial Analyst,6,Delhi,Full-Time,2020-08-23,True
E02142,Male,28,Under 30,Married,High School,Human Resources,Recruiter,3,Mumbai,Full-Time,2025-11-24,True
E02143,Male,35,30-39,Married,High School,Sales,Business Development,2,Chennai,Full-Time,2025-11-30,False
E02144,Male,35,30-39,Married,High School,Marketing,SEO Specialist,2,Delhi,Full-Time,2022-11-19,True
E02145,Male,33,30-39,Single,PhD,Finance,Financial Analyst,5,Remote,Full-Time,2023-09-07,False
E02146,Female,34,30-39,Married,Bachelor,Customer Support,Support Agent,1,Hyderabad,Full-Time,2021-05-21,False
E02147,Female,42,40-49,Married,PhD,Operations,Operations Analyst,6,Delhi,Contract,2022-06-01,True
E02148,Female,31,30-39,Divorced,Bachelor,Research & Development,Product Engineer,2,Hyderabad,Full-Time,2020-03-09,False
E02149,Male,30,30-39,Single,Bachelor,IT,Software Engineer,3,Bengaluru,Full-Time,2021-11-19,True
E02150,Female,31,30-39,Single,PhD,Executive,COO,1,Chennai,Full-Time,2022-01-12,False
E02151,Female,35,30-39,Married,Diploma,IT,DevOps Engineer,6,Delhi,Full-Time,2023-09-25,True
E02152,Female,29,Under 30,Married,PhD,Customer Support,Escalation Specialist,1,Hyderabad,Full-Time,2020-02-14,False
E02153,Male,36,30-39,Married,Diploma,Finance,Financial Analyst,2,Mumbai,Full-Time,2024-02-26,True
E02154,Female,29,Under 30,Single,Diploma,Marketing,SEO Specialist,1,Chennai,Full-Time,2022-09-15,False
E02155,Male,36,30-39,Married,Master,Customer Support,Support Lead,3,Delhi,Full-Time,2022-04-06,True
E02156,Female,33,30-39,Married,Diploma,Sales,Business Development,2,Chennai,Full-Time,2022-05-30,False
E02157,Male,38,30-39,Divorced,Bachelor,Research & Development,Research Scientist,5,Bengaluru,Full-Time,2023-01-31,True
E02158,Female,34,30-39,Single,Master,Marketing,SEO Specialist,2,Bengaluru,Contract,2021-11-15,True
E02159,Male,32,30-39,Married,High School,Human Resources,HR Analyst,5,Mumbai,Full-Time,2024-09-08,True
E02160,Female,29,Under 30,Married,Master,Customer Support,Support Lead,1,Bengaluru,Full-Time,2021-05-24,False
E02161,Female,38,30-39,Married,Diploma,Operations,Quality Analyst,6,Chennai,Full-Time,2024-05-28,True
E02162,Female,25,Under 30,Married,High School,Customer Support,Support Lead,2,Remote,Full-Time,2025-06-01,True
E02163,Male,34,30-39,Married,Diploma,Sales,Account Executive,3,Remote,Full-Time,2023-02-28,True
E02164,Male,28,Under 30,Single,Master,Marketing,Marketing Analyst,1,Mumbai,Full-Time,2025-08-04,True
E02165,Male,32,30-39,Single,Master,IT,DevOps Engineer,2,Delhi,Full-Time,2021-11-26,True
E02166,Male,33,30-39,Married,Diploma,Customer Support,Support Agent,4,Chennai,Full-Time,2023-04-21,True
E02167,Male,36,30-39,Married,Master,Research & Development,Research Scientist,4,Hyderabad,Contract,2023-09-03,True
E02168,Male,40,40-49,Single,High School,Customer Support,Support Agent,5,Remote,Full-Time,2025-02-13,True
E02169,Male,29,Under 30,Married,Master,Sales,Business Development,1,Delhi,Full-Time,2024-07-15,True
E02170,Male,39,30-39,Single,Master,Operations,Operations Analyst,6,Remote,Full-Time,2022-01-27,False
E02171,Male,35,30-39,Married,Master,IT,Software Engineer,7,Delhi,Full-Time,2023-10-30,True
E02172,Male,40,40-49,Married,High School,Customer Support,Escalation Specialist,4,Bengaluru,Full-Time,2025-04-01,True
E02173,Male,30,30-39,Married,PhD,Operations,Logistics Coordinator,1,Delhi,Full-Time,2024-02-22,True
E02174,Male,39,30-39,Married,High School,IT,DevOps Engineer,5,Hyderabad,Full-Time,2024-07-30,True
E02175,Female,33,30-39,Single,Diploma,IT,Software Engineer,2,Hyderabad,Full-Time,2021-09-08,True
E02176,Male,28,Under 30,Single,Master,Customer Support,Escalation Specialist,1,Remote,Part-Time,2024-09-05,True
E02177,Female,36,30-39,Single,Diploma,Operations,Logistics Coordinator,2,Bengaluru,Full-Time,2020-04-15,False
E02178,Male,36,30-39,Divorced,High School,Human Resources,Recruiter,3,Mumbai,Full-Time,2021-12-01,True
E02179,Female,27,Under 30,Married,Diploma,Finance,Credit Analyst,2,Delhi,Full-Time,2024-01-25,False
E02180,Female,37,30-39,Divorced,High School,IT,Software Engineer,3,Delhi,Contract,2021-10-16,True
E02181,Female,35,30-39,Married,PhD,Sales,Sales Executive,3,Remote,Full-Time,2023-02-21,True
E02182,Male,40,40-49,Single,Bachelor,Customer Support,Support Agent,4,Bengaluru,Full-Time,2023-10-02,True
E02183,Male,30,30-39,Married,Bachelor,IT,Data Analyst,2,Remote,Full-Time,2023-01-16,True
E02184,Male,33,30-39,Married,High School,Marketing,Content Writer,1,Bengaluru,Full-Time,2020-06-16,True
E02185,Female,23,Under 30,Married,PhD,Operations,Quality Analyst,1,Hyderabad,Full-Time,2023-05-10,True
E02186,Female,34,30-39,Married,PhD,Marketing,Marketing Analyst,4,Hyderabad,Full-Time,2020-04-14,True
E02187,Female,32,30-39,Single,Bachelor,Marketing,Content Writer,1,Chennai,Full-Time,2021-07-10,False
E02188,Female,30,30-39,Married,Master,Research & Development,Product Engineer,1,Mumbai,Full-Time,2022-12-10,True
E02189,Male,32,30-39,Married,PhD,Marketing,Content Writer,4,Hyderabad,Full-Time,2024-05-09,True
E02190,Female,35,30-39,Married,PhD,Sales,Business Development,4,Bengaluru,Contract,2022-08-23,True
E02191,Female,40,40-49,Married,Diploma,Customer Support,Support Lead,4,Remote,Part-Time,2023-04-29,True
E02192,Female,38,30-39,Divorced,Diploma,Customer Support,Escalation Specialist,3,Hyderabad,Full-Time,2021-07-23,False
E02193,Male,41,40-49,Married,PhD,Finance,Accountant,7,Chennai,Full-Time,2023-09-13,True
E02194,Male,25,Under 30,Married,PhD,Customer Support,Escalation Specialist,2,Hyderabad,Full-Time,2022-04-12,True
E02195,Male,38,30-39,Married,PhD,Operations,Operations Analyst,4,Bengaluru,Full-Time,2020-05-22,True
E02196,Female,31,30-39,Married,High School,Sales,Sales Executive,2,Bengaluru,Full-Time,2023-07-14,True
E02197,Male,35,30-39,Single,High School,Sales,Sales Executive,2,Delhi,Full-Time,2023-11-06,True
E02198,Male,38,30-39,Single,PhD,Research & Development,Product Engineer,3,Hyderabad,Full-Time,2021-08-03,False
E02199,Male,28,Under 30,Divorced,PhD,Operations,Operations Analyst,3,Delhi,Full-Time,2025-01-08,False
E02200,Male,29,Under 30,Married,Master,Customer Support,Support Agent,1,Remote,Part-Time,2020-07-29,True
E02201,Female,39,30-39,Divorced,Bachelor,IT,Software Engineer,4,Hyderabad,Full-Time,2020-02-01,False
E02202,Male,36,30-39,Married,PhD,Customer Support,Support Agent,3,Bengaluru,Full-Time,2022-09-03,False
E02203,Female,23,Under 30,Married,High School,Research & Development,Research Scientist,1,Chennai,Full-Time,2024-08-18,True
E02204,Male,34,30-39,Married,PhD,Research & Development,Research Scientist,2,Delhi,Full-Time,2020-01-26,True
E02205,Male,39,30-39,Married,Diploma,IT,DevOps Engineer,7,Mumbai,Full-Time,2024-02-04,True
E02206,Male,33,30-39,Married,High School,Operations,Logistics Coordinator,3,Chennai,Full-Time,2021-07-19,True
E02207,Female,28,Under 30,Married,Bachelor,Customer Support,Escalation Specialist,3,Bengaluru,Full-Time,2022-11-20,True
E02208,Female,33,30-39,Married,Master,Customer Support,Support Lead,3,Bengaluru,Full-Time,2023-07-28,True
E02209,Male,27,Under 30,Single,High School,Customer Support,Support Agent,3,Mumbai,Full-Time,2024-12-09,True
E02210,Female,31,30-39,Married,High School,Sales,Sales Executive,4,Delhi,Full-Time,2021-09-07,True
E02211,Male,27,Under 30,Married,PhD,Finance,Financial Analyst,2,Remote,Full-Time,2021-07-06,True
E02212,Male,33,30-39,Single,Master,Sales,Account Executive,1,Delhi,Full-Time,2023-05-30,True
E02213,Male,34,30-39,Single,Master,Customer Support,Support Lead,1,Bengaluru,Full-Time,2025-06-06,False
E02214,Female,35,30-39,Married,Diploma,Finance,Credit Analyst,2,Chennai,Full-Time,2021-03-11,True
E02215,Female,36,30-39,Married,Master,IT,Data Analyst,4,Bengaluru,Full-Time,2024-01-31,True
E02216,Male,33,30-39,Married,Bachelor,Operations,Quality Analyst,2,Bengaluru,Part-Time,2023-08-27,True
E02217,Male,35,30-39,Divorced,Diploma,Human Resources,HR Generalist,3,Mumbai,Full-Time,2025-07-18,True
E02218,Male,26,Under 30,Married,Master,Sales,Sales Executive,2,Chennai,Full-Time,2022-04-22,True
E02219,Female,27,Under 30,Married,Diploma,Customer Support,Support Agent,1,Hyderabad,Full-Time,2025-04-20,True
E02220,Female,30,30-39,Single,Master,IT,DevOps Engineer,1,Hyderabad,Full-Time,2021-09-30,True
E02221,Male,36,30-39,Divorced,Bachelor,Marketing,Content Writer,2,Bengaluru,Full-Time,2025-02-09,True
E02222,Male,36,30-39,Single,High School,Sales,Sales Executive,6,Remote,Full-Time,2022-04-26,True
E02223,Female,35,30-39,Married,Bachelor,Sales,Sales Executive,3,Hyderabad,Contract,2022-11-05,True
E02224,Female,29,Under 30,Single,Master,Customer Support,Support Agent,1,Mumbai,Full-Time,2021-09-02,False
E02225,Male,39,30-39,Divorced,High School,Marketing,SEO Specialist,6,Remote,Full-Time,2021-10-04,True
E02226,Female,30,30-39,Married,Master,Marketing,SEO Specialist,4,Bengaluru,Full-Time,2024-02-10,True
E02227,Female,25,Under 30,Single,High School,Operations,Quality Analyst,1,Chennai,Full-Time,2020-11-05,True
E02228,Male,39,30-39,Married,Diploma,Finance,Credit Analyst,5,Mumbai,Part-Time,2022-09-08,True
E02229,Male,32,30-39,Married,PhD,IT,IT Support,2,Mumbai,Full-Time,2025-09-07,True
E02230,Male,40,40-49,Single,Master,Customer Support,Support Agent,7,Delhi,Full-Time,2025-06-19,True
E02231,Female,34,30-39,Divorced,Diploma,Customer Support,Support Lead,2,Mumbai,Full-Time,2020-09-01,False
E02232,Male,31,30-39,Married,High School,IT,IT Support,5,Mumbai,Full-Time,2024-06-20,True
E02233,Male,38,30-39,Single,Bachelor,Research & Development,Data Scientist,7,Mumbai,Full-Time,2020-02-03,True
E02234,Female,30,30-39,Single,Diploma,Operations,Operations Analyst,2,Chennai,Full-Time,2022-01-04,True
E02235,Female,35,30-39,Single,PhD,Sales,Business Development,6,Delhi,Full-Time,2021-08-20,True
E02236,Male,28,Under 30,Married,High School,IT,DevOps Engineer,2,Remote,Contract,2023-10-18,True
E02237,Female,33,30-39,Single,PhD,Customer Support,Escalation Specialist,1,Mumbai,Full-Time,2021-03-08,True
E02238,Female,29,Under 30,Married,Bachelor,Marketing,SEO Specialist,1,Mumbai,Full-Time,2023-04-04,False
E02239,Female,29,Under 30,Married,Bachelor,Operations,Operations Analyst,1,Delhi,Full-Time,2024-04-18,True
E02240,Female,29,Under 30,Single,High School,IT,DevOps Engineer,1,Hyderabad,Full-Time,2021-11-27,True
E02241,Male,40,40-49,Single,High School,IT,DevOps Engineer,5,Mumbai,Full-Time,2021-09-17,True
E02242,Male,34,30-39,Married,PhD,Finance,Accountant,4,Remote,Full-Time,2020-04-09,True
E02243,Male,42,40-49,Married,Diploma,Sales,Business Development,5,Hyderabad,Full-Time,2022-02-10,False
E02244,Male,45,40-49,Single,High School,Customer Support,Support Agent,7,Chennai,Full-Time,2023-03-26,True
E02245,Female,41,40-49,Divorced,Master,Operations,Quality Analyst,6,Chennai,Full-Time,2025-10-04,True
E02246,Male,27,Under 30,Married,Master,Sales,Business Development,1,Hyderabad,Full-Time,2025-01-21,True
E02247,Female,34,30-39,Married,Master,Operations,Operations Analyst,1,Bengaluru,Full-Time,2021-12-16,True
E02248,Female,30,30-39,Single,PhD,Sales,Account Executive,3,Mumbai,Full-Time,2024-09-10,True
E02249,Female,25,Under 30,Single,High School,IT,DevOps Engineer,2,Mumbai,Full-Time,2020-01-20,True
E02250,Male,36,30-39,Married,Master,Finance,Accountant,2,Chennai,Full-Time,2021-01-28,True
E02251,Female,29,Under 30,Married,Diploma,Operations,Operations Analyst,1,Hyderabad,Part-Time,2022-12-15,True
E02252,Female,35,30-39,Married,Bachelor,Finance,Accountant,2,Mumbai,Part-Time,2024-01-29,True
E02253,Male,32,30-39,Married,Bachelor,Customer Support,Support Lead,4,Hyderabad,Full-Time,2020-06-26,False
E02254,Male,27,Under 30,Single,High School,Finance,Credit Analyst,3,Mumbai,Full-Time,2023-06-15,True
E02255,Female,37,30-39,Married,PhD,Human Resources,HR Analyst,5,Hyderabad,Full-Time,2023-04-28,True
E02256,Male,35,30-39,Single,PhD,IT,DevOps Engineer,6,Remote,Full-Time,2025-09-19,True
E02257,Female,30,30-39,Single,PhD,Research & Development,Data Scientist,1,Bengaluru,Full-Time,2021-06-16,False
E02258,Female,37,30-39,Single,Bachelor,IT,Data Analyst,6,Hyderabad,Contract,2024-05-29,True
E02259,Male,35,30-39,Married,Bachelor,IT,DevOps Engineer,2,Chennai,Full-Time,2021-02-19,True
E02260,Male,40,40-49,Married,Master,Operations,Operations Analyst,4,Delhi,Full-Time,2024-10-25,False
E02261,Female,37,30-39,Married,PhD,Customer Support,Escalation Specialist,4,Remote,Full-Time,2021-10-29,False
E02262,Male,30,30-39,Married,Bachelor,Sales,Business Development,4,Hyderabad,Full-Time,2024-02-05,True
E02263,Male,33,30-39,Divorced,PhD,Marketing,SEO Specialist,1,Mumbai,Full-Time,2022-10-14,False
E02264,Male,38,30-39,Married,PhD,Customer Support,Support Lead,5,Mumbai,Full-Time,2025-06-02,True
E02265,Male,37,30-39,Divorced,PhD,Executive,CEO,4,Mumbai,Full-Time,2024-04-27,True
E02266,Male,34,30-39,Married,PhD,Operations,Logistics Coordinator,3,Bengaluru,Part-Time,2022-01-29,True
E02267,Female,29,Under 30,Single,PhD,Finance,Credit Analyst,4,Chennai,Full-Time,2020-07-28,True
E02268,Female,32,30-39,Married,Diploma,Finance,Credit Analyst,1,Remote,Full-Time,2023-10-24,False
E02269,Female,37,30-39,Married,High School,Operations,Operations Analyst,5,Remote,Full-Time,2020-07-27,True
E02270,Male,37,30-39,Single,Diploma,IT,Software Engineer,3,Hyderabad,Full-Time,2024-02-04,True
E02271,Female,33,30-39,Married,Diploma,IT,Data Analyst,6,Delhi,Full-Time,2024-07-23,True
E02272,Female,39,30-39,Married,Diploma,Marketing,Marketing Analyst,7,Hyderabad,Full-Time,2021-12-27,True
E02273,Female,34,30-39,Single,Diploma,Research & Development,Research Scientist,2,Bengaluru,Full-Time,2022-03-29,False
E02274,Male,34,30-39,Married,Diploma,Marketing,SEO Specialist,5,Bengaluru,Full-Time,2020-04-20,True
E02275,Male,42,40-49,Single,Master,IT,Software Engineer,5,Remote,Full-Time,2024-11-07,True
E02276,Female,34,30-39,Married,Master,Operations,Logistics Coordinator,2,Bengaluru,Full-Time,2021-09-03,True
E02277,Male,32,30-39,Married,Bachelor,Operations,Logistics Coordinator,2,Delhi,Full-Time,2021-05-02,False
E02278,Male,33,30-39,Single,Diploma,Operations,Quality Analyst,1,Delhi,Contract,2022-01-26,False
E02279,Male,46,40-49,Married,PhD,Research & Development,Data Scientist,7,Delhi,Full-Time,2025-05-31,False
E02280,Male,33,30-39,Married,Diploma,Customer Support,Support Lead,4,Delhi,Full-Time,2024-09-21,False
E02281,Female,32,30-39,Married,Master,Research & Development,Research Scientist,2,Remote,Full-Time,2024-12-15,True
E02282,Male,26,Under 30,Single,PhD,Marketing,Content Writer,2,Delhi,Full-Time,2022-08-23,False
E02283,Male,34,30-39,Married,High School,Operations,Operations Analyst,5,Chennai,Full-Time,2025-02-03,False
E02284,Female,38,30-39,Married,Diploma,IT,IT Support,7,Chennai,Full-Time,2020-09-16,True
E02285,Female,33,30-39,Married,Bachelor,Marketing,Marketing Analyst,3,Mumbai,Full-Time,2020-09-04,True
E02286,Female,28,Under 30,Single,Bachelor,Sales,Account Executive,1,Bengaluru,Full-Time,2023-06-30,True
E02287,Male,30,30-39,Single,Diploma,Research & Development,Research Scientist,3,Hyderabad,Full-Time,2024-10-25,True
E02288,Female,34,30-39,Single,Diploma,Research & Development,Product Engineer,2,Mumbai,Full-Time,2024-07-22,True
E02289,Female,30,30-39,Married,Diploma,Customer Support,Escalation Specialist,1,Chennai,Full-Time,2023-07-20,True
E02290,Female,35,30-39,Married,Master,IT,DevOps Engineer,2,Bengaluru,Full-Time,2020-05-11,True
E02291,Female,35,30-39,Single,Master,Customer Support,Support Lead,2,Delhi,Full-Time,2024-08-31,True
E02292,Female,37,30-39,Married,Master,Research & Development,Product Engineer,3,Mumbai,Part-Time,2024-03-30,True
E02293,Male,28,Under 30,Married,Diploma,Research & Development,Data Scientist,3,Bengaluru,Part-Time,2022-10-03,True
E02294,Male,30,30-39,Married,Diploma,Research & Development,Data Scientist,1,Mumbai,Full-Time,2021-02-25,True
E02295,Female,32,30-39,Single,PhD,IT,IT Support,4,Hyderabad,Full-Time,2025-08-04,False
E02296,Male,31,30-39,Married,High School,Operations,Operations Analyst,2,Chennai,Full-Time,2020-07-17,True
E02297,Male,34,30-39,Married,Bachelor,Sales,Sales Executive,3,Chennai,Part-Time,2020-10-15,True
E02298,Female,34,30-39,Single,Diploma,Human Resources,Recruiter,2,Delhi,Full-Time,2023-09-16,True
E02299,Female,40,40-49,Married,High School,Sales,Account Executive,6,Bengaluru,Full-Time,2021-12-31,True
E02300,Female,28,Under 30,Single,PhD,Customer Support,Support Agent,1,Delhi,Full-Time,2022-04-06,False
E02301,Female,34,30-39,Married,Bachelor,Sales,Sales Executive,3,Bengaluru,Full-Time,2020-04-23,True
E02302,Female,31,30-39,Married,Diploma,Customer Support,Support Lead,1,Chennai,Full-Time,2024-05-03,True
E02303,Female,36,30-39,Married,Bachelor,Operations,Operations Analyst,3,Delhi,Full-Time,2022-11-20,True
E02304,Female,27,Under 30,Divorced,PhD,Operations,Quality Analyst,1,Mumbai,Full-Time,2022-03-28,True
E02305,Male,27,Under 30,Married,High School,Operations,Operations Analyst,3,Hyderabad,Full-Time,2021-01-18,True
E02306,Male,31,30-39,Divorced,Bachelor,Finance,Financial Analyst,1,Chennai,Full-Time,2023-01-01,False
E02307,Female,30,30-39,Married,High School,Marketing,Content Writer,3,Bengaluru,Full-Time,2020-04-09,True
E02308,Female,24,Under 30,Single,High School,Operations,Logistics Coordinator,1,Delhi,Full-Time,2023-10-20,True
E02309,Female,23,Under 30,Married,PhD,IT,IT Support,1,Delhi,Full-Time,2021-01-30,False
E02310,Male,33,30-39,Married,Master,Customer Support,Escalation Specialist,1,Delhi,Full-Time,2022-04-04,False
E02311,Male,38,30-39,Married,Diploma,Finance,Accountant,7,Chennai,Full-Time,2024-02-03,True
E02312,Male,35,30-39,Single,Master,Customer Support,Support Agent,2,Hyderabad,Full-Time,2021-10-14,True
E02313,Female,30,30-39,Married,Master,Customer Support,Support Agent,4,Chennai,Full-Time,2020-01-29,True
E02314,Male,39,30-39,Single,Bachelor,IT,IT Support,5,Mumbai,Contract,2020-09-21,True
E02315,Female,37,30-39,Married,Master,IT,IT Support,5,Hyderabad,Full-Time,2020-03-21,True
E02316,Female,35,30-39,Divorced,Bachelor,Finance,Financial Analyst,3,Hyderabad,Full-Time,2025-08-03,True
E02317,Female,36,30-39,Married,High School,Human Resources,HR Generalist,2,Mumbai,Full-Time,2022-06-29,True
E02318,Female,40,40-49,Married,Bachelor,Operations,Logistics Coordinator,4,Mumbai,Part-Time,2022-10-27,True
E02319,Male,34,30-39,Married,Bachelor,Sales,Account Executive,3,Remote,Full-Time,2020-08-25,False
E02320,Female,35,30-39,Married,Bachelor,IT,Software Engineer,3,Remote,Full-Time,2024-04-04,True
E02321,Female,31,30-39,Divorced,Bachelor,Sales,Business Development,1,Bengaluru,Part-Time,2023-04-30,True
E02322,Female,27,Under 30,Single,Master,Finance,Credit Analyst,2,Delhi,Full-Time,2025-07-06,True
E02323,Female,32,30-39,Married,Bachelor,Customer Support,Escalation Specialist,2,Chennai,Contract,2024-02-22,False
E02324,Female,36,30-39,Married,Master,Operations,Logistics Coordinator,2,Hyderabad,Full-Time,2024-02-07,False
E02325,Female,27,Under 30,Married,Diploma,Finance,Accountant,1,Remote,Full-Time,2025-11-09,True
E02326,Male,36,30-39,Single,Master,Sales,Sales Executive,3,Bengaluru,Full-Time,2022-10-05,True
E02327,Female,31,30-39,Married,PhD,Operations,Logistics Coordinator,2,Chennai,Full-Time,2022-07-03,True
E02328,Male,29,Under 30,Married,Diploma,Customer Support,Support Agent,2,Delhi,Full-Time,2020-11-20,False
E02329,Female,35,30-39,Single,Diploma,Operations,Operations Analyst,2,Mumbai,Full-Time,2024-12-06,True
E02330,Female,37,30-39,Single,High School,Operations,Logistics Coordinator,5,Delhi,Part-Time,2021-05-05,False
E02331,Male,37,30-39,Single,PhD,Customer Support,Support Lead,7,Mumbai,Full-Time,2025-11-14,True
E02332,Female,33,30-39,Married,Master,Marketing,SEO Specialist,4,Mumbai,Full-Time,2025-05-14,True
E02333,Male,30,30-39,Married,Diploma,Human Resources,HR Generalist,4,Chennai,Full-Time,2024-05-02,True
E02334,Female,31,30-39,Married,PhD,Finance,Accountant,2,Chennai,Part-Time,2025-12-03,True
E02335,Male,29,Under 30,Married,PhD,IT,DevOps Engineer,4,Bengaluru,Full-Time,2023-04-24,True
E02336,Female,40,40-49,Single,Bachelor,Customer Support,Support Agent,5,Hyderabad,Full-Time,2023-07-10,True
E02337,Male,24,Under 30,Married,PhD,Operations,Quality Analyst,1,Remote,Full-Time,2021-04-09,True
E02338,Female,26,Under 30,Married,Master,IT,DevOps Engineer,1,Delhi,Contract,2025-10-08,True
E02339,Male,25,Under 30,Married,Master,Research & Development,Research Scientist,2,Bengaluru,Full-Time,2023-03-07,True
E02340,Female,31,30-39,Married,High School,Sales,Account Executive,2,Mumbai,Full-Time,2024-10-30,True
E02341,Male,43,40-49,Married,Master,Executive,COO,6,Hyderabad,Part-Time,2024-04-07,True
E02342,Female,25,Under 30,Married,Master,Customer Support,Escalation Specialist,1,Mumbai,Full-Time,2025-08-01,True
E02343,Female,32,30-39,Married,Diploma,Research & Development,Research Scientist,2,Chennai,Full-Time,2025-03-27,True
E02344,Female,25,Under 30,Married,Diploma,Operations,Operations Analyst,1,Mumbai,Full-Time,2022-06-19,True
E02345,Male,24,Under 30,Single,PhD,Customer Support,Support Agent,1,Delhi,Full-Time,2024-12-05,True
E02346,Female,32,30-39,Single,High School,IT,DevOps Engineer,3,Mumbai,Full-Time,2025-08-12,True
E02347,Male,28,Under 30,Married,Bachelor,Research & Development,Data Scientist,1,Delhi,Part-Time,2021-08-16,True
E02348,Female,36,30-39,Single,Bachelor,Customer Support,Escalation Specialist,5,Remote,Full-Time,2023-09-28,True
E02349,Male,32,30-39,Married,High School,Marketing,SEO Specialist,4,Remote,Full-Time,2025-01-06,True
E02350,Male,34,30-39,Married,Diploma,Finance,Financial Analyst,6,Bengaluru,Full-Time,2024-09-14,True
E02351,Female,34,30-39,Single,Master,Executive,COO,1,Delhi,Full-Time,2024-10-29,True
E02352,Female,36,30-39,Single,Diploma,IT,DevOps Engineer,2,Remote,Full-Time,2021-02-18,True
E02353,Female,32,30-39,Married,PhD,Operations,Quality Analyst,4,Mumbai,Full-Time,2020-01-12,True
E02354,Female,31,30-39,Single,PhD,IT,DevOps Engineer,3,Remote,Full-Time,2021-10-16,True
E02355,Male,42,40-49,Married,Master,Sales,Business Development,5,Remote,Full-Time,2025-07-04,True
E02356,Female,26,Under 30,Married,High School,Research & Development,Research Scientist,2,Delhi,Full-Time,2023-04-18,True
E02357,Male,37,30-39,Married,PhD,Customer Support,Escalation Specialist,4,Hyderabad,Full-Time,2025-11-29,True
E02358,Male,35,30-39,Married,Master,Human Resources,Recruiter,3,Remote,Contract,2024-07-13,True
E02359,Male,33,30-39,Married,Master,Finance,Financial Analyst,2,Mumbai,Full-Time,2022-10-14,True
E02360,Male,30,30-39,Married,PhD,Operations,Quality Analyst,3,Chennai,Full-Time,2022-11-21,True
E02361,Male,31,30-39,Single,Bachelor,Operations,Logistics Coordinator,1,Chennai,Full-Time,2020-01-24,True
E02362,Male,32,30-39,Single,Master,Research & Development,Research Scientist,5,Hyderabad,Full-Time,2025-05-08,True
E02363,Female,41,40-49,Married,Master,IT,Data Analyst,6,Mumbai,Full-Time,2021-12-17,True
E02364,Male,35,30-39,Married,Bachelor,IT,IT Support,3,Chennai,Full-Time,2025-12-05,True
E02365,Female,26,Under 30,Married,PhD,Sales,Business Development,1,Delhi,Full-Time,2022-12-17,True
E02366,Female,35,30-39,Divorced,Master,Customer Support,Support Lead,2,Hyderabad,Full-Time,2024-02-27,True
E02367,Female,30,30-39,Married,PhD,Human Resources,HR Analyst,1,Bengaluru,Full-Time,2022-03-19,True
E02368,Female,36,30-39,Married,PhD,Operations,Quality Analyst,6,Remote,Full-Time,2022-03-15,True
E02369,Female,39,30-39,Single,Bachelor,Operations,Quality Analyst,4,Remote,Full-Time,2020-06-07,False
E02370,Female,32,30-39,Single,Diploma,Marketing,SEO Specialist,1,Delhi,Part-Time,2025-05-30,True
E02371,Male,27,Under 30,Married,PhD,Customer Support,Escalation Specialist,3,Hyderabad,Full-Time,2021-08-31,True
E02372,Male,23,Under 30,Married,Bachelor,Sales,Sales Executive,1,Hyderabad,Full-Time,2024-03-27,False
E02373,Male,31,30-39,Married,Master,Operations,Operations Analyst,1,Chennai,Full-Time,2025-08-14,True
E02374,Male,30,30-39,Married,Diploma,Finance,Accountant,2,Delhi,Full-Time,2022-06-04,True
E02375,Female,34,30-39,Married,PhD,Customer Support,Escalation Specialist,3,Remote,Full-Time,2023-02-24,True
E02376,Male,26,Under 30,Married,Master,Operations,Logistics Coordinator,2,Mumbai,Full-Time,2023-12-07,True
E02377,Female,32,30-39,Single,PhD,Finance,Accountant,1,Bengaluru,Full-Time,2021-04-09,True
E02378,Male,35,30-39,Married,Master,Sales,Sales Executive,5,Remote,Full-Time,2020-04-04,False
E02379,Female,38,30-39,Married,Master,Sales,Account Executive,5,Bengaluru,Full-Time,2020-12-13,True
E02380,Male,41,40-49,Single,High School,Finance,Credit Analyst,5,Bengaluru,Full-Time,2021-06-03,True
E02381,Male,28,Under 30,Single,Diploma,Marketing,Content Writer,3,Chennai,Full-Time,2024-04-20,True
E02382,Male,31,30-39,Married,High School,Research & Development,Data Scientist,3,Mumbai,Full-Time,2022-05-20,True
E02383,Male,26,Under 30,Married,Bachelor,Finance,Accountant,1,Remote,Full-Time,2021-08-09,True
E02384,Male,32,30-39,Married,PhD,Marketing,Content Writer,2,Delhi,Full-Time,2024-12-29,False
E02385,Male,27,Under 30,Single,PhD,Finance,Accountant,1,Mumbai,Full-Time,2022-12-23,True
E02386,Male,28,Under 30,Single,Master,Human Resources,HR Generalist,3,Chennai,Full-Time,2023-05-07,True
E02387,Male,40,40-49,Divorced,Diploma,IT,IT Support,4,Mumbai,Full-Time,2025-04-22,True
E02388,Female,28,Under 30,Married,High School,Sales,Account Executive,2,Delhi,Part-Time,2023-12-02,True
E02389,Female,27,Under 30,Married,PhD,Operations,Operations Analyst,3,Hyderabad,Full-Time,2025-02-13,True
E02390,Female,26,Under 30,Married,High School,IT,Data Analyst,2,Delhi,Full-Time,2024-12-25,False
E02391,Female,27,Under 30,Divorced,Bachelor,Research & Development,Data Scientist,2,Chennai,Full-Time,2025-04-30,True
E02392,Female,31,30-39,Single,Bachelor,Marketing,SEO Specialist,3,Hyderabad,Full-Time,2024-01-11,True
E02393,Female,34,30-39,Divorced,PhD,Customer Support,Support Lead,1,Bengaluru,Full-Time,2022-03-16,False
E02394,Female,36,30-39,Married,Bachelor,Finance,Accountant,3,Mumbai,Full-Time,2025-10-01,True
E02395,Female,28,Under 30,Divorced,Master,Finance,Accountant,3,Bengaluru,Full-Time,2020-01-02,True
E02396,Female,30,30-39,Single,PhD,Sales,Account Executive,3,Delhi,Full-Time,2024-05-19,True
E02397,Male,29,Under 30,Single,Bachelor,Sales,Sales Executive,3,Chennai,Full-Time,2020-01-12,True
E02398,Male,30,30-39,Married,PhD,Research & Development,Product Engineer,4,Bengaluru,Part-Time,2021-12-17,True
E02399,Male,38,30-39,Single,High School,Research & Development,Research Scientist,3,Bengaluru,Part-Time,2024-12-15,True
E02400,Female,28,Under 30,Married,High School,Operations,Logistics Coordinator,1,Delhi,Full-Time,2025-11-26,True
E02401,Female,33,30-39,Married,High School,Research & Development,Research Scientist,2,Bengaluru,Full-Time,2024-10-02,True
E02402,Female,30,30-39,Married,PhD,Customer Support,Escalation Specialist,4,Mumbai,Full-Time,2025-09-24,True
E02403,Female,29,Under 30,Single,PhD,Operations,Quality Analyst,3,Bengaluru,Full-Time,2024-09-04,True
E02404,Male,31,30-39,Married,High School,Sales,Sales Executive,5,Bengaluru,Full-Time,2021-10-10,True
E02405,Female,44,40-49,Married,High School,Operations,Operations Analyst,6,Mumbai,Full-Time,2021-08-01,True
E02406,Male,30,30-39,Married,Bachelor,Finance,Financial Analyst,4,Chennai,Full-Time,2023-12-17,False
E02407,Male,31,30-39,Divorced,Diploma,IT,IT Support,5,Remote,Full-Time,2020-11-19,True
E02408,Female,27,Under 30,Married,PhD,Customer Support,Escalation Specialist,3,Mumbai,Full-Time,2020-11-13,True
E02409,Male,34,30-39,Married,Master,Customer Support,Escalation Specialist,3,Remote,Full-Time,2023-08-31,True
E02410,Female,39,30-39,Single,PhD,IT,IT Support,5,Delhi,Part-Time,2025-10-16,True
E02411,Female,26,Under 30,Single,Master,Customer Support,Support Lead,1,Bengaluru,Full-Time,2023-01-13,True
E02412,Male,44,40-49,Married,High School,Finance,Financial Analyst,6,Remote,Full-Time,2023-02-23,True
E02413,Female,24,Under 30,Married,Diploma,Customer Support,Support Agent,1,Hyderabad,Full-Time,2023-12-05,True
E02414,Male,41,40-49,Single,Master,Finance,Credit Analyst,5,Hyderabad,Full-Time,2023-12-24,True
E02415,Female,32,30-39,Divorced,Diploma,Sales,Business Development,2,Hyderabad,Full-Time,2023-08-17,False
E02416,Female,35,30-39,Married,Diploma,Marketing,Content Writer,3,Remote,Full-Time,2023-08-12,True
E02417,Male,30,30-39,Married,PhD,Human Resources,HR Analyst,1,Chennai,Full-Time,2025-04-14,True
E02418,Male,31,30-39,Married,PhD,Marketing,Marketing Analyst,2,Bengaluru,Full-Time,2020-03-17,True
E02419,Male,31,30-39,Married,Diploma,Research & Development,Data Scientist,1,Delhi,Full-Time,2023-12-07,False
E02420,Female,34,30-39,Married,Master,Operations,Operations Analyst,2,Hyderabad,Full-Time,2021-11-01,True
E02421,Female,31,30-39,Married,Diploma,Sales,Business Development,1,Delhi,Full-Time,2022-07-24,True
E02422,Male,30,30-39,Married,Bachelor,Operations,Quality Analyst,3,Remote,Full-Time,2023-06-16,True
E02423,Male,25,Under 30,Married,Diploma,IT,DevOps Engineer,2,Delhi,Full-Time,2024-08-22,True
E02424,Female,30,30-39,Married,High School,IT,DevOps Engineer,2,Hyderabad,Full-Time,2020-03-11,True
E02425,Male,34,30-39,Single,Diploma,IT,DevOps Engineer,2,Mumbai,Full-Time,2024-02-21,True
E02426,Female,35,30-39,Married,Bachelor,Sales,Sales Executive,3,Chennai,Full-Time,2020-12-04,True
E02427,Male,39,30-39,Married,PhD,Operations,Logistics Coordinator,4,Delhi,Full-Time,2020-05-08,True
E02428,Female,29,Under 30,Single,High School,Operations,Quality Analyst,3,Bengaluru,Contract,2024-10-02,True
E02429,Female,33,30-39,Married,PhD,Marketing,SEO Specialist,2,Bengaluru,Full-Time,2025-12-08,True
E02430,Female,32,30-39,Married,PhD,IT,Software Engineer,2,Remote,Full-Time,2020-10-03,True
E02431,Female,38,30-39,Married,Master,IT,Software Engineer,4,Hyderabad,Full-Time,2025-08-30,True
E02432,Female,27,Under 30,Single,Master,Executive,CFO,2,Mumbai,Full-Time,2025-05-10,True
E02433,Male,30,30-39,Single,Diploma,Customer Support,Escalation Specialist,4,Mumbai,Full-Time,2020-03-21,False
E02434,Male,30,30-39,Single,PhD,Operations,Operations Analyst,1,Remote,Full-Time,2023-12-28,True
E02435,Male,36,30-39,Married,High School,Human Resources,HR Generalist,2,Hyderabad,Full-Time,2020-12-16,True
E02436,Female,33,30-39,Married,Diploma,Customer Support,Support Agent,3,Mumbai,Full-Time,2020-11-11,True
E02437,Female,38,30-39,Married,PhD,Executive,CEO,3,Remote,Full-Time,2023-11-15,True
E02438,Male,31,30-39,Married,Master,Operations,Logistics Coordinator,3,Delhi,Full-Time,2023-06-06,True
E02439,Female,35,30-39,Married,Bachelor,IT,Software Engineer,3,Hyderabad,Full-Time,2020-07-09,True
E02440,Male,38,30-39,Single,Diploma,Human Resources,Recruiter,3,Delhi,Full-Time,2020-11-16,True
E02441,Male,36,30-39,Married,Master,Operations,Operations Analyst,3,Hyderabad,Full-Time,2023-05-01,True
E02442,Male,31,30-39,Married,PhD,Customer Support,Escalation Specialist,5,Bengaluru,Full-Time,2021-11-28,True
E02443,Female,33,30-39,Married,High School,Customer Support,Support Lead,2,Bengaluru,Full-Time,2023-06-04,False
E02444,Female,38,30-39,Married,Master,Executive,COO,5,Mumbai,Full-Time,2022-07-15,True
E02445,Female,25,Under 30,Married,Diploma,Sales,Sales Executive,2,Bengaluru,Full-Time,2025-06-26,True
E02446,Female,33,30-39,Single,Bachelor,Customer Support,Escalation Specialist,1,Mumbai,Full-Time,2025-03-07,True
E02447,Male,33,30-39,Married,Diploma,Operations,Quality Analyst,2,Remote,Full-Time,2022-10-24,True
E02448,Male,25,Under 30,Married,Bachelor,IT,DevOps Engineer,2,Chennai,Full-Time,2020-04-19,False
E02449,Female,28,Under 30,Married,Diploma,Operations,Operations Analyst,2,Chennai,Full-Time,2021-11-29,False
E02450,Male,32,30-39,Married,PhD,Customer Support,Support Lead,1,Bengaluru,Part-Time,2025-01-10,False
E02451,Female,27,Under 30,Married,Diploma,Customer Support,Support Agent,2,Hyderabad,Part-Time,2024-10-20,True
E02452,Male,30,30-39,Married,PhD,IT,Data Analyst,1,Bengaluru,Full-Time,2020-02-12,True
E02453,Male,28,Under 30,Married,Diploma,Human Resources,HR Analyst,3,Delhi,Full-Time,2025-05-22,True
E02454,Female,36,30-39,Married,High School,Operations,Logistics Coordinator,4,Hyderabad,Full-Time,2025-01-05,True
E02455,Male,34,30-39,Single,Diploma,Operations,Quality Analyst,1,Bengaluru,Full-Time,2025-12-15,True
E02456,Female,32,30-39,Married,High School,IT,Software Engineer,4,Mumbai,Full-Time,2021-02-01,True
E02457,Female,32,30-39,Single,Master,Customer Support,Escalation Specialist,3,Hyderabad,Full-Time,2024-08-09,True
E02458,Female,40,40-49,Single,Master,Customer Support,Support Agent,6,Remote,Contract,2023-09-01,True
E02459,Female,30,30-39,Married,PhD,Research & Development,Product Engineer,3,Hyderabad,Full-Time,2024-10-23,True
E02460,Female,35,30-39,Single,PhD,IT,Data Analyst,3,Hyderabad,Full-Time,2025-10-28,True
E02461,Female,32,30-39,Single,High School,Human Resources,Recruiter,5,Chennai,Full-Time,2020-10-03,True
E02462,Male,33,30-39,Married,Diploma,Operations,Quality Analyst,3,Delhi,Full-Time,2025-07-17,True
E02463,Male,36,30-39,Married,Bachelor,Customer Support,Escalation Specialist,6,Chennai,Full-Time,2023-12-30,False
E02464,Male,34,30-39,Married,Diploma,Marketing,Marketing Analyst,3,Mumbai,Full-Time,2025-12-28,True
E02465,Male,29,Under 30,Single,PhD,Sales,Business Development,3,Delhi,Contract,2022-03-04,True
E02466,Male,29,Under 30,Married,PhD,Finance,Accountant,3,Hyderabad,Full-Time,2025-11-20,True
E02467,Male,38,30-39,Single,Bachelor,Operations,Operations Analyst,4,Remote,Contract,2023-12-02,False
E02468,Male,41,40-49,Married,Bachelor,Operations,Logistics Coordinator,5,Delhi,Full-Time,2022-08-15,True
E02469,Female,36,30-39,Married,Bachelor,Research & Development,Product Engineer,3,Hyderabad,Full-Time,2023-07-27,True
E02470,Male,33,30-39,Single,PhD,Sales,Sales Executive,1,Delhi,Full-Time,2021-08-25,False
E02471,Female,32,30-39,Married,PhD,Research & Development,Data Scientist,1,Chennai,Full-Time,2021-07-01,True
E02472,Male,36,30-39,Married,PhD,Marketing,Content Writer,3,Chennai,Full-Time,2025-05-17,True
E02473,Female,38,30-39,Married,High School,Customer Support,Support Agent,4,Chennai,Full-Time,2022-01-25,True
E02474,Female,28,Under 30,Married,Diploma,Sales,Business Development,3,Bengaluru,Full-Time,2023-03-11,True
E02475,Female,30,30-39,Single,High School,Finance,Financial Analyst,1,Chennai,Contract,2020-12-06,False
E02476,Male,36,30-39,Married,PhD,Marketing,Content Writer,7,Chennai,Full-Time,2020-04-23,True
E02477,Male,31,30-39,Married,High School,Operations,Logistics Coordinator,1,Remote,Full-Time,2024-09-04,True
E02478,Male,26,Under 30,Married,PhD,Sales,Business Development,2,Chennai,Full-Time,2023-08-25,True
E02479,Female,37,30-39,Married,Diploma,IT,IT Support,5,Hyderabad,Full-Time,2023-05-21,False
E02480,Male,30,30-39,Single,Diploma,Sales,Account Executive,3,Hyderabad,Full-Time,2022-10-23,True
E02481,Female,34,30-39,Divorced,High School,Marketing,SEO Specialist,2,Bengaluru,Full-Time,2024-05-02,False
E02482,Male,46,40-49,Married,Master,Customer Support,Support Lead,7,Remote,Full-Time,2021-09-02,True
E02483,Male,31,30-39,Married,Master,Marketing,SEO Specialist,1,Delhi,Full-Time,2023-10-09,True
E02484,Female,32,30-39,Married,Diploma,Operations,Quality Analyst,1,Delhi,Full-Time,2023-04-06,True
E02485,Male,36,30-39,Married,Master,IT,Software Engineer,3,Hyderabad,Full-Time,2022-06-23,True
E02486,Female,34,30-39,Single,Bachelor,Customer Support,Escalation Specialist,2,Chennai,Full-Time,2025-10-03,True
E02487,Female,27,Under 30,Married,Master,IT,IT Support,2,Mumbai,Full-Time,2023-04-05,True
E02488,Female,36,30-39,Married,Master,Sales,Business Development,2,Delhi,Part-Time,2025-12-21,True
E02489,Male,38,30-39,Married,Bachelor,Human Resources,HR Generalist,4,Chennai,Full-Time,2020-11-13,True
E02490,Female,35,30-39,Married,Diploma,IT,Data Analyst,7,Mumbai,Full-Time,2021-03-30,True
E02491,Female,24,Under 30,Single,Diploma,Research & Development,Data Scientist,1,Mumbai,Full-Time,2023-03-28,False
E02492,Female,25,Under 30,Single,High School,Finance,Credit Analyst,1,Chennai,Full-Time,2023-08-15,True
E02493,Female,32,30-39,Married,High School,Marketing,Marketing Analyst,3,Bengaluru,Full-Time,2021-03-03,True
E02494,Female,31,30-39,Married,PhD,Customer Support,Escalation Specialist,2,Bengaluru,Full-Time,2023-03-18,True
E02495,Female,33,30-39,Married,Master,Sales,Business Development,3,Hyderabad,Full-Time,2022-07-12,True
E02496,Female,41,40-49,Married,High School,Operations,Quality Analyst,5,Mumbai,Full-Time,2022-12-28,False
E02497,Male,26,Under 30,Married,High School,Operations,Logistics Coordinator,1,Remote,Full-Time,2024-01-22,False
E02498,Male,40,40-49,Married,Master,Sales,Business Development,5,Delhi,Full-Time,2022-01-29,False
E02499,Male,37,30-39,Married,High School,Operations,Operations Analyst,3,Remote,Full-Time,2022-11-29,True
E02500,Female,36,30-39,Divorced,Bachelor,Customer Support,Support Lead,3,Chennai,Full-Time,2021-11-08,True
E02501,Male,35,30-39,Married,Bachelor,Customer Support,Escalation Specialist,3,Bengaluru,Full-Time,2021-05-16,True
E02502,Female,35,30-39,Single,PhD,Customer Support,Escalation Specialist,2,Hyderabad,Full-Time,2024-06-20,True
E02503,Male,36,30-39,Married,Diploma,Sales,Business Development,4,Hyderabad,Full-Time,2022-12-19,True
E02504,Male,30,30-39,Married,PhD,Operations,Logistics Coordinator,2,Mumbai,Full-Time,2024-07-25,True
E02505,Female,36,30-39,Married,Diploma,Sales,Account Executive,2,Hyderabad,Full-Time,2023-05-05,True
E02506,Female,31,30-39,Married,High School,Sales,Account Executive,4,Hyderabad,Full-Time,2023-10-21,False
E02507,Male,24,Under 30,Single,Master,IT,Software Engineer,1,Chennai,Full-Time,2022-11-01,True
E02508,Male,41,40-49,Single,Master,Marketing,Marketing Analyst,6,Mumbai,Full-Time,2021-08-12,True
E02509,Female,25,Under 30,Married,Bachelor,IT,Data Analyst,1,Remote,Full-Time,2025-09-26,True
E02510,Female,35,30-39,Married,Master,Customer Support,Escalation Specialist,2,Chennai,Full-Time,2023-08-21,True
E02511,Female,33,30-39,Married,Bachelor,Sales,Account Executive,1,Bengaluru,Full-Time,2021-12-13,True
E02512,Male,30,30-39,Married,Bachelor,Sales,Sales Executive,4,Remote,Full-Time,2021-07-15,True
E02513,Female,40,40-49,Married,Master,Customer Support,Escalation Specialist,4,Bengaluru,Full-Time,2023-07-31,True
E02514,Male,29,Under 30,Married,PhD,Human Resources,Recruiter,2,Delhi,Full-Time,2020-11-02,True
E02515,Male,30,30-39,Married,High School,Operations,Operations Analyst,1,Delhi,Full-Time,2024-08-07,False
E02516,Male,29,Under 30,Divorced,PhD,IT,IT Support,2,Hyderabad,Full-Time,2024-09-03,True
E02517,Female,28,Under 30,Married,High School,IT,IT Support,1,Chennai,Full-Time,2025-07-21,True
E02518,Male,34,30-39,Married,Master,Marketing,SEO Specialist,1,Delhi,Full-Time,2022-08-19,True
E02519,Male,35,30-39,Single,PhD,Customer Support,Support Lead,4,Hyderabad,Full-Time,2021-05-10,False
E02520,Female,32,30-39,Married,High School,Executive,COO,5,Remote,Full-Time,2022-09-15,True
E02521,Female,33,30-39,Single,PhD,Customer Support,Support Agent,4,Remote,Full-Time,2023-04-22,False
E02522,Male,30,30-39,Single,PhD,Operations,Quality Analyst,1,Mumbai,Full-Time,2022-03-11,True
E02523,Male,30,30-39,Married,PhD,IT,IT Support,4,Mumbai,Full-Time,2025-07-25,True
E02524,Male,30,30-39,Divorced,Diploma,Operations,Logistics Coordinator,1,Remote,Full-Time,2022-01-01,True
E02525,Female,38,30-39,Married,High School,Sales,Sales Executive,6,Bengaluru,Full-Time,2022-01-05,True
E02526,Male,27,Under 30,Married,PhD,IT,Data Analyst,3,Bengaluru,Full-Time,2024-02-24,True
E02527,Male,38,30-39,Married,PhD,Human Resources,HR Analyst,6,Chennai,Full-Time,2021-11-08,True
E02528,Female,33,30-39,Divorced,Bachelor,Human Resources,HR Analyst,4,Chennai,Full-Time,2021-01-11,True
E02529,Male,36,30-39,Married,High School,Operations,Logistics Coordinator,7,Delhi,Full-Time,2023-12-01,False
E02530,Female,34,30-39,Married,Diploma,Customer Support,Support Agent,1,Chennai,Contract,2022-12-17,False
E02531,Female,35,30-39,Single,Diploma,Sales,Business Development,5,Chennai,Full-Time,2021-05-17,True
E02532,Male,34,30-39,Married,Master,Operations,Quality Analyst,4,Hyderabad,Full-Time,2021-04-01,True
E02533,Male,36,30-39,Married,High School,Finance,Credit Analyst,6,Hyderabad,Full-Time,2024-09-01,True
E02534,Male,27,Under 30,Married,Master,Marketing,SEO Specialist,2,Mumbai,Part-Time,2022-08-20,True
E02535,Female,33,30-39,Divorced,Master,Human Resources,Recruiter,1,Remote,Full-Time,2021-03-18,False
E02536,Male,25,Under 30,Married,Master,Research & Development,Research Scientist,2,Hyderabad,Full-Time,2021-09-04,True
E02537,Female,26,Under 30,Single,Master,Operations,Quality Analyst,1,Bengaluru,Full-Time,2020-08-09,True
E02538,Male,26,Under 30,Married,High School,Finance,Financial Analyst,2,Hyderabad,Part-Time,2023-06-14,True
E02539,Male,36,30-39,Single,Bachelor,Operations,Operations Analyst,4,Hyderabad,Full-Time,2023-05-29,True
E02540,Female,42,40-49,Married,Master,Sales,Sales Executive,6,Delhi,Full-Time,2020-04-17,True
E02541,Female,38,30-39,Married,Diploma,Sales,Account Executive,7,Chennai,Full-Time,2023-07-31,True
E02542,Male,25,Under 30,Single,PhD,Operations,Quality Analyst,2,Hyderabad,Full-Time,2023-06-29,False
E02543,Male,28,Under 30,Single,High School,IT,Data Analyst,3,Chennai,Full-Time,2020-10-05,True
E02544,Female,36,30-39,Married,Master,IT,Software Engineer,4,Delhi,Contract,2021-12-14,True
E02545,Male,34,30-39,Married,Bachelor,Customer Support,Escalation Specialist,4,Mumbai,Full-Time,2024-09-26,False
E02546,Male,28,Under 30,Married,PhD,Finance,Credit Analyst,2,Mumbai,Full-Time,2022-11-21,True
E02547,Male,31,30-39,Divorced,PhD,Finance,Financial Analyst,1,Remote,Full-Time,2022-08-04,True
E02548,Male,23,Under 30,Single,High School,Sales,Business Development,1,Bengaluru,Full-Time,2020-07-24,False
E02549,Female,32,30-39,Single,Bachelor,Operations,Operations Analyst,2,Mumbai,Full-Time,2025-02-21,False
E02550,Male,44,40-49,Divorced,Diploma,Sales,Account Executive,6,Bengaluru,Full-Time,2024-06-08,True
E02551,Female,30,30-39,Married,High School,Human Resources,HR Generalist,3,Chennai,Full-Time,2022-04-28,True
E02552,Female,28,Under 30,Married,Diploma,Research & Development,Product Engineer,2,Remote,Full-Time,2024-07-19,True
E02553,Female,26,Under 30,Single,High School,Sales,Business Development,1,Bengaluru,Full-Time,2025-01-16,True
E02554,Female,26,Under 30,Married,High School,Human Resources,HR Analyst,2,Hyderabad,Full-Time,2021-12-27,True
E02555,Male,33,30-39,Divorced,Master,Sales,Business Development,3,Mumbai,Full-Time,2022-08-28,True
E02556,Male,32,30-39,Married,High School,Operations,Quality Analyst,3,Remote,Full-Time,2021-10-19,False
E02557,Female,28,Under 30,Married,Diploma,Sales,Business Development,2,Delhi,Full-Time,2020-08-06,True
E02558,Male,31,30-39,Married,Diploma,Sales,Account Executive,3,Mumbai,Full-Time,2020-01-23,True
E02559,Male,29,Under 30,Married,Bachelor,Research & Development,Product Engineer,4,Mumbai,Full-Time,2022-10-06,True
E02560,Female,31,30-39,Divorced,High School,Customer Support,Support Lead,4,Chennai,Full-Time,2024-10-09,False
E02561,Male,31,30-39,Married,Master,Sales,Business Development,1,Remote,Full-Time,2021-06-24,True
E02562,Male,35,30-39,Married,Bachelor,IT,Data Analyst,4,Hyderabad,Full-Time,2024-11-18,True
E02563,Female,23,Under 30,Married,Master,Marketing,SEO Specialist,1,Bengaluru,Full-Time,2024-09-03,True
E02564,Female,30,30-39,Married,PhD,Customer Support,Support Agent,3,Mumbai,Full-Time,2022-09-30,True
E02565,Female,31,30-39,Married,Diploma,Sales,Business Development,1,Bengaluru,Full-Time,2020-11-05,True
E02566,Male,29,Under 30,Married,PhD,IT,Software Engineer,1,Bengaluru,Contract,2023-11-06,True
E02567,Female,30,30-39,Single,PhD,Sales,Account Executive,3,Mumbai,Full-Time,2025-07-08,True
E02568,Female,31,30-39,Married,PhD,Sales,Account Executive,2,Chennai,Full-Time,2024-08-04,True
E02569,Female,39,30-39,Married,Master,Customer Support,Support Lead,5,Hyderabad,Full-Time,2023-08-01,True
E02570,Male,30,30-39,Married,Diploma,IT,DevOps Engineer,1,Mumbai,Full-Time,2021-10-23,True
E02571,Male,33,30-39,Married,Master,Sales,Sales Executive,1,Hyderabad,Full-Time,2022-10-21,True
E02572,Female,30,30-39,Married,Master,Operations,Operations Analyst,1,Chennai,Full-Time,2023-02-15,False
E02573,Male,25,Under 30,Single,PhD,Sales,Account Executive,1,Bengaluru,Full-Time,2021-09-20,True
E02574,Female,35,30-39,Married,PhD,Marketing,Marketing Analyst,5,Hyderabad,Full-Time,2022-07-14,True
E02575,Male,34,30-39,Single,PhD,Research & Development,Product Engineer,5,Chennai,Full-Time,2021-05-07,True
E02576,Male,45,40-49,Married,PhD,Customer Support,Support Lead,7,Mumbai,Full-Time,2023-02-12,False
E02577,Female,36,30-39,Married,Master,Research & Development,Research Scientist,2,Remote,Full-Time,2022-05-06,True
E02578,Female,41,40-49,Single,Bachelor,Finance,Credit Analyst,5,Chennai,Full-Time,2020-12-28,True
E02579,Male,46,40-49,Married,High School,IT,IT Support,7,Hyderabad,Full-Time,2023-07-08,True
E02580,Male,27,Under 30,Single,Diploma,Customer Support,Support Lead,3,Delhi,Full-Time,2022-04-20,True
E02581,Male,36,30-39,Married,Bachelor,Sales,Account Executive,2,Hyderabad,Full-Time,2025-11-26,False
E02582,Male,29,Under 30,Married,PhD,Sales,Account Executive,1,Bengaluru,Full-Time,2024-01-27,True
E02583,Female,24,Under 30,Married,Bachelor,IT,Software Engineer,1,Delhi,Full-Time,2024-11-07,False
E02584,Female,36,30-39,Married,High School,Operations,Quality Analyst,2,Delhi,Full-Time,2023-10-13,True
E02585,Male,35,30-39,Single,Bachelor,Customer Support,Support Agent,2,Chennai,Full-Time,2022-12-27,True
E02586,Female,31,30-39,Married,High School,Operations,Logistics Coordinator,2,Hyderabad,Full-Time,2021-12-31,True
E02587,Female,27,Under 30,Married,Master,Finance,Credit Analyst,1,Remote,Full-Time,2022-06-18,True
E02588,Male,33,30-39,Married,Bachelor,Sales,Account Executive,4,Remote,Full-Time,2022-07-21,True
E02589,Female,41,40-49,Married,Diploma,Customer Support,Support Lead,7,Remote,Full-Time,2021-09-25,True
E02590,Female,35,30-39,Single,PhD,Customer Support,Support Agent,2,Bengaluru,Full-Time,2023-12-17,True
E02591,Male,23,Under 30,Married,Diploma,Marketing,Marketing Analyst,1,Chennai,Part-Time,2023-06-25,False
E02592,Male,34,30-39,Single,Bachelor,Finance,Accountant,1,Remote,Full-Time,2021-01-23,False
E02593,Male,34,30-39,Married,High School,Operations,Operations Analyst,5,Remote,Full-Time,2022-09-18,True
E02594,Female,29,Under 30,Married,Master,IT,DevOps Engineer,2,Mumbai,Full-Time,2025-11-09,True
E02595,Male,33,30-39,Married,Bachelor,Operations,Quality Analyst,1,Remote,Full-Time,2024-04-24,False
E02596,Male,32,30-39,Married,Master,Research & Development,Product Engineer,4,Hyderabad,Full-Time,2023-06-30,True
E02597,Male,40,40-49,Married,PhD,Sales,Sales Executive,4,Delhi,Full-Time,2025-02-06,True
E02598,Male,34,30-39,Married,High School,IT,Software Engineer,3,Bengaluru,Full-Time,2021-02-13,True
E02599,Female,41,40-49,Married,Master,IT,Data Analyst,6,Remote,Full-Time,2020-08-16,True
E02600,Female,35,30-39,Married,High School,Marketing,SEO Specialist,6,Hyderabad,Part-Time,2022-07-03,True
E02601,Male,35,30-39,Married,High School,Human Resources,HR Generalist,2,Delhi,Full-Time,2020-01-21,True
E02602,Female,38,30-39,Single,PhD,IT,IT Support,7,Bengaluru,Part-Time,2020-08-31,True
E02603,Male,25,Under 30,Single,High School,Marketing,Marketing Analyst,1,Hyderabad,Full-Time,2020-02-15,False
E02604,Female,33,30-39,Married,Master,Operations,Quality Analyst,4,Delhi,Full-Time,2020-08-15,True
E02605,Female,37,30-39,Single,High School,Sales,Sales Executive,7,Mumbai,Full-Time,2022-05-10,True
E02606,Female,36,30-39,Divorced,High School,Operations,Logistics Coordinator,2,Hyderabad,Full-Time,2024-05-06,True
E02607,Female,33,30-39,Married,Diploma,Human Resources,Recruiter,3,Chennai,Full-Time,2023-05-03,True
E02608,Female,42,40-49,Married,Master,Finance,Financial Analyst,5,Mumbai,Full-Time,2024-05-06,True
E02609,Male,32,30-39,Married,High School,Finance,Credit Analyst,5,Mumbai,Full-Time,2021-05-22,True
E02610,Female,31,30-39,Divorced,Bachelor,Finance,Accountant,5,Chennai,Full-Time,2020-09-18,True
E02611,Female,24,Under 30,Married,Master,Marketing,Content Writer,1,Chennai,Full-Time,2020-09-19,True
E02612,Female,35,30-39,Married,Bachelor,Marketing,Content Writer,3,Bengaluru,Full-Time,2023-12-25,False
E02613,Male,29,Under 30,Married,Master,IT,IT Support,2,Bengaluru,Full-Time,2021-11-28,True
E02614,Male,33,30-39,Single,Master,Customer Support,Support Lead,3,Remote,Full-Time,2022-11-11,True
E02615,Male,27,Under 30,Married,Diploma,IT,Software Engineer,1,Hyderabad,Full-Time,2021-09-20,True
E02616,Female,28,Under 30,Married,Master,Operations,Operations Analyst,2,Bengaluru,Part-Time,2024-04-30,True
E02617,Female,27,Under 30,Married,Master,Sales,Business Development,1,Delhi,Contract,2022-08-01,True
E02618,Male,30,30-39,Married,High School,Research & Development,Research Scientist,2,Hyderabad,Full-Time,2020-09-26,True
E02619,Female,30,30-39,Married,Master,Executive,CEO,2,Chennai,Full-Time,2025-11-10,True
E02620,Female,29,Under 30,Married,Bachelor,Customer Support,Support Lead,1,Chennai,Full-Time,2022-12-11,True
E02621,Female,29,Under 30,Married,Diploma,Customer Support,Support Lead,1,Hyderabad,Full-Time,2020-02-22,True
E02622,Male,27,Under 30,Single,High School,Operations,Logistics Coordinator,2,Delhi,Full-Time,2023-01-02,False
E02623,Male,37,30-39,Single,High School,Human Resources,Recruiter,3,Bengaluru,Full-Time,2023-09-14,True
E02624,Female,32,30-39,Single,Bachelor,Operations,Quality Analyst,3,Mumbai,Full-Time,2020-01-27,True
E02625,Female,31,30-39,Single,Bachelor,Sales,Sales Executive,2,Bengaluru,Full-Time,2021-07-15,True
E02626,Male,33,30-39,Divorced,Bachelor,Customer Support,Support Agent,2,Chennai,Full-Time,2023-03-13,True
E02627,Female,27,Under 30,Married,PhD,IT,Software Engineer,1,Chennai,Contract,2025-01-12,True
E02628,Male,28,Under 30,Married,Diploma,Sales,Sales Executive,3,Mumbai,Full-Time,2025-04-28,False
E02629,Female,31,30-39,Married,PhD,Marketing,SEO Specialist,2,Remote,Full-Time,2022-04-22,True
E02630,Female,42,40-49,Married,Bachelor,Marketing,Content Writer,7,Hyderabad,Part-Time,2025-09-10,True
E02631,Male,32,30-39,Single,PhD,Research & Development,Data Scientist,3,Mumbai,Full-Time,2020-04-29,True
E02632,Male,38,30-39,Married,Master,Customer Support,Support Lead,5,Delhi,Contract,2023-02-10,True
E02633,Male,38,30-39,Single,Diploma,Marketing,Marketing Analyst,4,Hyderabad,Full-Time,2024-11-04,True
E02634,Male,30,30-39,Single,High School,Sales,Business Development,3,Hyderabad,Contract,2022-12-10,True
E02635,Female,27,Under 30,Married,Diploma,Finance,Accountant,3,Remote,Part-Time,2020-10-09,True
E02636,Male,33,30-39,Married,Diploma,Human Resources,Recruiter,4,Bengaluru,Full-Time,2023-08-01,False
E02637,Male,32,30-39,Married,Bachelor,Operations,Operations Analyst,2,Mumbai,Part-Time,2025-03-31,False
E02638,Male,42,40-49,Divorced,Diploma,Customer Support,Support Lead,5,Hyderabad,Part-Time,2025-04-01,True
E02639,Female,30,30-39,Married,Bachelor,Human Resources,HR Generalist,4,Delhi,Full-Time,2023-11-23,True
E02640,Female,37,30-39,Married,PhD,IT,DevOps Engineer,3,Mumbai,Full-Time,2020-06-19,True
E02641,Male,36,30-39,Married,High School,Customer Support,Escalation Specialist,3,Chennai,Full-Time,2024-08-29,True
E02642,Male,33,30-39,Married,PhD,Marketing,Marketing Analyst,4,Remote,Full-Time,2022-08-10,True
E02643,Male,31,30-39,Divorced,Diploma,Human Resources,HR Analyst,2,Bengaluru,Full-Time,2021-01-05,True
E02644,Female,33,30-39,Married,High School,IT,Data Analyst,2,Chennai,Contract,2023-08-04,True
E02645,Female,40,40-49,Married,Bachelor,IT,Data Analyst,7,Remote,Full-Time,2023-10-21,True
E02646,Female,25,Under 30,Single,High School,Finance,Financial Analyst,1,Delhi,Full-Time,2025-12-23,False
E02647,Male,31,30-39,Married,PhD,Customer Support,Support Lead,4,Mumbai,Full-Time,2024-11-06,True
E02648,Female,32,30-39,Married,Diploma,IT,Software Engineer,2,Mumbai,Full-Time,2023-12-20,True
E02649,Female,27,Under 30,Married,PhD,Customer Support,Escalation Specialist,2,Mumbai,Full-Time,2025-06-29,False
E02650,Male,25,Under 30,Married,PhD,Operations,Logistics Coordinator,2,Mumbai,Full-Time,2021-01-25,True
E02651,Male,32,30-39,Married,PhD,IT,Software Engineer,5,Mumbai,Full-Time,2022-07-15,True
E02652,Male,36,30-39,Single,High School,Customer Support,Support Agent,3,Bengaluru,Full-Time,2022-08-09,False
E02653,Male,30,30-39,Single,Master,Sales,Business Development,1,Mumbai,Full-Time,2025-08-01,False
E02654,Female,35,30-39,Single,Bachelor,Sales,Account Executive,5,Mumbai,Full-Time,2023-03-10,True
E02655,Male,34,30-39,Single,Master,Human Resources,Recruiter,1,Delhi,Full-Time,2024-11-01,True
E02656,Female,24,Under 30,Divorced,Bachelor,Marketing,SEO Specialist,1,Mumbai,Contract,2023-10-30,True
E02657,Male,30,30-39,Married,PhD,Sales,Account Executive,2,Mumbai,Full-Time,2024-08-03,True
E02658,Female,29,Under 30,Married,Master,IT,DevOps Engineer,1,Delhi,Full-Time,2022-02-17,True
E02659,Male,30,30-39,Married,PhD,Research & Development,Research Scientist,1,Chennai,Full-Time,2021-07-20,True
E02660,Male,29,Under 30,Married,Diploma,Marketing,Content Writer,2,Hyderabad,Full-Time,2025-04-11,False
E02661,Female,26,Under 30,Married,Diploma,Research & Development,Product Engineer,1,Bengaluru,Full-Time,2023-01-03,True
E02662,Female,40,40-49,Single,Bachelor,Research & Development,Research Scientist,4,Chennai,Full-Time,2020-12-23,True
E02663,Male,25,Under 30,Married,Bachelor,Executive,CEO,2,Delhi,Full-Time,2021-09-13,True
E02664,Male,39,30-39,Married,Master,IT,Software Engineer,5,Mumbai,Full-Time,2020-09-16,True
E02665,Female,28,Under 30,Married,PhD,Sales,Account Executive,2,Hyderabad,Full-Time,2020-01-21,False
E02666,Female,25,Under 30,Divorced,PhD,Sales,Sales Executive,2,Mumbai,Full-Time,2021-06-15,False
E02667,Male,40,40-49,Single,Diploma,Operations,Logistics Coordinator,5,Remote,Full-Time,2025-06-23,True
E02668,Male,33,30-39,Married,Bachelor,IT,Software Engineer,2,Bengaluru,Full-Time,2023-03-13,False
E02669,Female,36,30-39,Married,PhD,Research & Development,Research Scientist,5,Delhi,Full-Time,2020-11-06,False
E02670,Female,30,30-39,Single,Diploma,Marketing,Marketing Analyst,2,Chennai,Full-Time,2024-03-17,True
E02671,Female,25,Under 30,Single,PhD,Finance,Credit Analyst,1,Chennai,Full-Time,2022-02-22,False
E02672,Male,34,30-39,Married,Master,Sales,Account Executive,1,Mumbai,Full-Time,2021-02-20,True
E02673,Female,29,Under 30,Single,Diploma,Research & Development,Product Engineer,1,Chennai,Full-Time,2020-02-02,False
E02674,Male,31,30-39,Divorced,Bachelor,Human Resources,HR Analyst,4,Delhi,Full-Time,2021-07-13,True
E02675,Male,32,30-39,Married,Diploma,IT,Data Analyst,3,Remote,Full-Time,2024-05-24,True
E02676,Female,33,30-39,Single,Bachelor,Sales,Account Executive,1,Chennai,Full-Time,2022-09-13,False
E02677,Female,24,Under 30,Single,Bachelor,IT,Data Analyst,1,Chennai,Full-Time,2021-12-01,True
E02678,Female,35,30-39,Married,Bachelor,Research & Development,Product Engineer,2,Bengaluru,Full-Time,2023-08-11,True
E02679,Female,43,40-49,Married,Diploma,Marketing,Marketing Analyst,7,Bengaluru,Part-Time,2025-08-02,True
E02680,Male,28,Under 30,Single,PhD,Human Resources,Recruiter,1,Hyderabad,Full-Time,2022-05-16,True
E02681,Female,33,30-39,Single,Diploma,Customer Support,Support Lead,4,Bengaluru,Contract,2021-12-30,True
E02682,Male,28,Under 30,Divorced,Diploma,IT,DevOps Engineer,2,Remote,Full-Time,2024-02-18,True
E02683,Male,26,Under 30,Single,Master,Customer Support,Escalation Specialist,2,Remote,Part-Time,2020-02-25,True
E02684,Male,33,30-39,Married,Master,Operations,Logistics Coordinator,5,Bengaluru,Full-Time,2021-08-30,False
E02685,Female,30,30-39,Married,Diploma,IT,Software Engineer,1,Hyderabad,Full-Time,2022-10-04,False
E02686,Male,37,30-39,Married,PhD,Research & Development,Research Scientist,7,Hyderabad,Full-Time,2023-02-08,False
E02687,Male,34,30-39,Married,Bachelor,Operations,Logistics Coordinator,4,Remote,Full-Time,2025-07-04,False
E02688,Male,34,30-39,Married,High School,Operations,Operations Analyst,6,Chennai,Full-Time,2022-11-21,True
E02689,Female,30,30-39,Married,High School,Executive,CEO,1,Hyderabad,Full-Time,2024-08-07,False
E02690,Female,31,30-39,Married,Master,Human Resources,HR Analyst,5,Bengaluru,Full-Time,2021-03-22,True
E02691,Male,36,30-39,Married,Diploma,Marketing,Content Writer,5,Chennai,Full-Time,2021-04-11,True
E02692,Male,29,Under 30,Married,Master,Finance,Accountant,3,Chennai,Full-Time,2023-02-08,True
E02693,Male,29,Under 30,Single,PhD,Research & Development,Research Scientist,4,Chennai,Full-Time,2022-01-18,True
E02694,Male,29,Under 30,Married,Bachelor,Customer Support,Support Lead,2,Remote,Full-Time,2023-03-31,True
E02695,Male,37,30-39,Married,Master,Finance,Financial Analyst,4,Hyderabad,Full-Time,2021-07-20,True
E02696,Male,28,Under 30,Single,Master,Operations,Logistics Coordinator,1,Chennai,Full-Time,2023-12-30,True
E02697,Female,29,Under 30,Single,Diploma,Sales,Business Development,1,Mumbai,Full-Time,2024-07-01,True
E02698,Female,27,Under 30,Married,Master,IT,IT Support,1,Delhi,Full-Time,2025-12-10,True
E02699,Female,34,30-39,Single,PhD,Finance,Financial Analyst,1,Bengaluru,Full-Time,2020-02-01,True
E02700,Female,30,30-39,Married,Diploma,Marketing,SEO Specialist,1,Chennai,Full-Time,2022-10-28,True
E02701,Male,31,30-39,Single,High School,Customer Support,Support Agent,5,Hyderabad,Full-Time,2020-12-12,True
E02702,Male,39,30-39,Married,High School,Customer Support,Support Lead,4,Remote,Part-Time,2020-08-20,True
E02703,Male,39,30-39,Married,PhD,Marketing,Content Writer,4,Bengaluru,Full-Time,2021-01-04,True
E02704,Female,33,30-39,Married,Bachelor,IT,Data Analyst,1,Bengaluru,Full-Time,2021-07-21,True
E02705,Female,25,Under 30,Married,Diploma,Customer Support,Escalation Specialist,1,Bengaluru,Full-Time,2021-03-06,False
E02706,Female,42,40-49,Married,PhD,Operations,Operations Analyst,6,Remote,Full-Time,2020-12-25,True
E02707,Female,30,30-39,Married,Master,Operations,Operations Analyst,1,Remote,Part-Time,2023-04-07,True
E02708,Female,34,30-39,Single,Master,Customer Support,Support Lead,4,Delhi,Full-Time,2025-04-07,True
E02709,Male,33,30-39,Married,Master,Finance,Financial Analyst,4,Remote,Full-Time,2024-07-19,True
E02710,Male,27,Under 30,Married,Diploma,Finance,Accountant,3,Remote,Full-Time,2023-04-01,True
E02711,Female,44,40-49,Married,Master,Sales,Account Executive,7,Hyderabad,Full-Time,2025-11-20,True
E02712,Female,44,40-49,Married,High School,Finance,Credit Analyst,6,Mumbai,Full-Time,2024-03-14,True
E02713,Female,28,Under 30,Married,PhD,Sales,Account Executive,1,Delhi,Full-Time,2021-05-12,True
E02714,Male,25,Under 30,Single,Master,Finance,Accountant,1,Hyderabad,Full-Time,2025-09-02,False
E02715,Male,33,30-39,Single,PhD,IT,DevOps Engineer,1,Chennai,Full-Time,2023-09-05,True
E02716,Male,29,Under 30,Single,Master,Research & Development,Data Scientist,2,Chennai,Full-Time,2021-05-11,False
E02717,Female,25,Under 30,Married,Diploma,Operations,Operations Analyst,2,Mumbai,Full-Time,2025-11-21,False
E02718,Female,42,40-49,Married,Master,Operations,Operations Analyst,7,Hyderabad,Full-Time,2023-07-10,True
E02719,Female,34,30-39,Married,Bachelor,IT,Data Analyst,1,Chennai,Full-Time,2020-02-12,True
E02720,Male,33,30-39,Single,PhD,Research & Development,Product Engineer,1,Hyderabad,Full-Time,2020-10-31,True
E02721,Female,38,30-39,Single,Bachelor,IT,Data Analyst,3,Mumbai,Full-Time,2022-05-07,False
E02722,Male,31,30-39,Married,PhD,Operations,Operations Analyst,1,Hyderabad,Full-Time,2020-02-25,False
E02723,Female,29,Under 30,Single,Master,Operations,Quality Analyst,1,Chennai,Contract,2023-12-17,True
E02724,Male,34,30-39,Married,High School,IT,DevOps Engineer,5,Mumbai,Part-Time,2021-07-26,True
E02725,Male,29,Under 30,Married,Diploma,Sales,Sales Executive,3,Chennai,Full-Time,2025-02-02,True
E02726,Male,23,Under 30,Married,Bachelor,Sales,Account Executive,1,Chennai,Full-Time,2021-05-20,True
E02727,Female,33,30-39,Married,Bachelor,Customer Support,Support Lead,1,Chennai,Contract,2023-12-21,True
E02728,Female,40,40-49,Married,High School,Sales,Business Development,6,Remote,Part-Time,2021-02-12,True
E02729,Male,27,Under 30,Married,High School,Human Resources,HR Generalist,1,Bengaluru,Full-Time,2020-06-11,True
E02730,Male,32,30-39,Divorced,Master,Operations,Operations Analyst,1,Bengaluru,Full-Time,2020-09-23,False
E02731,Female,30,30-39,Single,PhD,Research & Development,Product Engineer,1,Hyderabad,Full-Time,2025-06-03,True
E02732,Male,28,Under 30,Married,Diploma,Operations,Logistics Coordinator,3,Chennai,Full-Time,2024-07-10,True
E02733,Male,29,Under 30,Married,Master,Finance,Accountant,3,Chennai,Full-Time,2020-06-02,False
E02734,Female,30,30-39,Married,PhD,Operations,Quality Analyst,1,Hyderabad,Full-Time,2022-05-27,True
E02735,Male,34,30-39,Married,High School,IT,Software Engineer,1,Chennai,Full-Time,2020-01-16,True
E02736,Female,27,Under 30,Married,PhD,IT,IT Support,1,Bengaluru,Full-Time,2024-03-24,True
E02737,Male,33,30-39,Divorced,Master,Sales,Account Executive,1,Bengaluru,Full-Time,2022-05-26,True
E02738,Male,29,Under 30,Married,PhD,Sales,Business Development,4,Hyderabad,Full-Time,2025-05-30,False
E02739,Female,30,30-39,Single,Bachelor,Operations,Operations Analyst,1,Mumbai,Full-Time,2025-03-01,False
E02740,Male,40,40-49,Married,Master,Human Resources,Recruiter,7,Remote,Full-Time,2021-01-13,True
E02741,Male,30,30-39,Married,High School,Operations,Logistics Coordinator,3,Delhi,Full-Time,2020-12-21,True
E02742,Female,33,30-39,Single,High School,Customer Support,Support Agent,1,Remote,Full-Time,2025-01-10,False
E02743,Female,32,30-39,Divorced,PhD,Sales,Sales Executive,3,Mumbai,Full-Time,2024-01-18,True
E02744,Female,36,30-39,Married,Diploma,Sales,Account Executive,4,Chennai,Full-Time,2025-05-18,True
E02745,Male,42,40-49,Single,High School,Customer Support,Support Lead,5,Mumbai,Full-Time,2024-08-28,True
E02746,Male,31,30-39,Married,Master,Finance,Financial Analyst,3,Delhi,Full-Time,2020-10-18,True
E02747,Female,33,30-39,Single,Bachelor,Operations,Logistics Coordinator,4,Hyderabad,Contract,2021-11-26,True
E02748,Female,38,30-39,Divorced,High School,Research & Development,Research Scientist,3,Remote,Full-Time,2024-08-28,True
E02749,Male,39,30-39,Married,Bachelor,Sales,Business Development,5,Delhi,Full-Time,2020-07-10,False
E02750,Female,24,Under 30,Married,High School,Operations,Logistics Coordinator,1,Hyderabad,Full-Time,2024-07-20,True
E02751,Female,30,30-39,Married,High School,Customer Support,Support Agent,2,Delhi,Full-Time,2024-12-13,False
E02752,Male,34,30-39,Single,PhD,Marketing,SEO Specialist,6,Mumbai,Full-Time,2023-06-01,True
E02753,Male,28,Under 30,Single,Diploma,Operations,Logistics Coordinator,1,Bengaluru,Full-Time,2025-09-06,False
E02754,Female,35,30-39,Single,Diploma,IT,Data Analyst,3,Hyderabad,Part-Time,2022-08-02,True
E02755,Male,30,30-39,Married,PhD,Operations,Operations Analyst,2,Bengaluru,Full-Time,2024-06-19,True
E02756,Female,25,Under 30,Married,High School,Customer Support,Escalation Specialist,2,Mumbai,Part-Time,2020-06-16,True
E02757,Male,25,Under 30,Married,Master,Customer Support,Support Lead,1,Delhi,Full-Time,2020-05-04,False
E02758,Male,37,30-39,Single,Master,Research & Development,Product Engineer,7,Delhi,Full-Time,2021-09-21,True
E02759,Female,30,30-39,Married,Master,Sales,Sales Executive,4,Remote,Full-Time,2022-04-04,True
E02760,Male,34,30-39,Married,High School,IT,Software Engineer,3,Hyderabad,Full-Time,2024-09-02,True
E02761,Male,31,30-39,Married,PhD,Sales,Account Executive,2,Hyderabad,Contract,2022-04-18,True
E02762,Male,30,30-39,Single,Master,Research & Development,Product Engineer,2,Remote,Full-Time,2020-03-31,True
E02763,Male,34,30-39,Divorced,Master,Operations,Quality Analyst,2,Mumbai,Full-Time,2024-01-21,False
E02764,Female,25,Under 30,Married,Diploma,Customer Support,Support Lead,2,Bengaluru,Full-Time,2020-06-28,False
E02765,Female,43,40-49,Married,Master,Sales,Sales Executive,6,Bengaluru,Full-Time,2021-02-01,True
E02766,Female,39,30-39,Married,PhD,Research & Development,Research Scientist,4,Remote,Full-Time,2023-04-21,False
E02767,Male,37,30-39,Married,PhD,Customer Support,Support Agent,4,Mumbai,Full-Time,2022-03-15,True
E02768,Male,40,40-49,Married,High School,IT,DevOps Engineer,4,Delhi,Full-Time,2025-03-22,True
E02769,Female,25,Under 30,Single,PhD,Sales,Account Executive,2,Hyderabad,Full-Time,2023-03-08,True
E02770,Male,23,Under 30,Married,Diploma,Finance,Credit Analyst,1,Remote,Full-Time,2021-12-18,True
E02771,Female,36,30-39,Married,High School,Human Resources,Recruiter,2,Chennai,Full-Time,2023-04-18,True
E02772,Female,40,40-49,Single,Bachelor,Marketing,Content Writer,4,Chennai,Full-Time,2025-05-16,True
E02773,Male,33,30-39,Married,Diploma,Finance,Credit Analyst,1,Delhi,Full-Time,2025-10-04,True
E02774,Female,37,30-39,Single,Diploma,Operations,Operations Analyst,4,Mumbai,Full-Time,2022-01-20,True
E02775,Male,27,Under 30,Married,Master,Sales,Business Development,3,Bengaluru,Full-Time,2025-11-20,False
E02776,Female,31,30-39,Married,Bachelor,Customer Support,Escalation Specialist,3,Mumbai,Full-Time,2020-02-25,False
E02777,Male,26,Under 30,Married,PhD,Sales,Sales Executive,2,Chennai,Full-Time,2020-12-02,True
E02778,Male,25,Under 30,Single,Master,Research & Development,Product Engineer,2,Hyderabad,Full-Time,2020-03-04,True
E02779,Female,30,30-39,Married,Bachelor,Executive,COO,1,Remote,Full-Time,2024-02-09,True
E02780,Female,32,30-39,Married,PhD,Sales,Business Development,3,Remote,Full-Time,2025-08-06,False
E02781,Male,24,Under 30,Married,Master,IT,DevOps Engineer,1,Hyderabad,Full-Time,2022-10-06,False
E02782,Female,29,Under 30,Married,Master,Finance,Financial Analyst,1,Hyderabad,Full-Time,2023-07-18,True
E02783,Female,37,30-39,Single,PhD,Human Resources,HR Generalist,3,Hyderabad,Full-Time,2021-09-21,False
E02784,Male,27,Under 30,Married,Diploma,Research & Development,Data Scientist,2,Bengaluru,Full-Time,2024-05-08,True
E02785,Male,26,Under 30,Married,PhD,IT,IT Support,1,Hyderabad,Full-Time,2023-04-16,True
E02786,Male,31,30-39,Married,Diploma,Operations,Logistics Coordinator,4,Mumbai,Part-Time,2021-01-06,True
E02787,Male,31,30-39,Married,Diploma,IT,Data Analyst,5,Hyderabad,Full-Time,2024-07-24,True
E02788,Female,33,30-39,Single,High School,Human Resources,HR Analyst,3,Hyderabad,Full-Time,2020-06-13,True
E02789,Male,32,30-39,Single,PhD,Sales,Business Development,4,Remote,Full-Time,2025-10-07,True
E02790,Male,29,Under 30,Single,Diploma,Human Resources,HR Analyst,2,Mumbai,Full-Time,2024-12-26,True
E02791,Male,33,30-39,Married,PhD,Marketing,Content Writer,1,Mumbai,Full-Time,2025-05-31,True
E02792,Male,28,Under 30,Married,Bachelor,IT,IT Support,3,Hyderabad,Full-Time,2022-09-07,True
E02793,Male,34,30-39,Single,High School,Research & Development,Research Scientist,2,Mumbai,Full-Time,2023-08-18,True
E02794,Female,38,30-39,Married,Bachelor,Marketing,Marketing Analyst,4,Remote,Full-Time,2024-08-15,True
E02795,Male,26,Under 30,Single,Diploma,Marketing,SEO Specialist,2,Remote,Full-Time,2022-03-10,True
E02796,Female,32,30-39,Married,High School,Marketing,SEO Specialist,2,Delhi,Full-Time,2023-06-19,True
E02797,Male,25,Under 30,Single,PhD,Research & Development,Research Scientist,2,Hyderabad,Full-Time,2022-01-16,True
E02798,Male,29,Under 30,Single,Diploma,Finance,Financial Analyst,2,Delhi,Full-Time,2025-06-17,True
E02799,Male,35,30-39,Married,Bachelor,Marketing,Content Writer,3,Hyderabad,Full-Time,2025-06-19,True
E02800,Male,34,30-39,Divorced,Diploma,Sales,Account Executive,2,Delhi,Full-Time,2024-08-08,True
E02801,Male,32,30-39,Married,PhD,Human Resources,HR Analyst,4,Mumbai,Full-Time,2021-01-13,False
E02802,Female,34,30-39,Single,PhD,IT,Software Engineer,3,Chennai,Full-Time,2021-08-16,True
E02803,Female,33,30-39,Married,High School,Operations,Quality Analyst,6,Remote,Full-Time,2023-04-26,True
E02804,Female,35,30-39,Single,Master,Operations,Operations Analyst,2,Chennai,Full-Time,2024-01-13,False
E02805,Female,37,30-39,Single,Bachelor,Marketing,Marketing Analyst,4,Chennai,Full-Time,2022-02-20,True
E02806,Female,23,Under 30,Married,PhD,Operations,Operations Analyst,1,Delhi,Full-Time,2020-04-05,False
E02807,Male,26,Under 30,Divorced,Master,Research & Development,Research Scientist,1,Chennai,Full-Time,2024-05-27,False
E02808,Male,28,Under 30,Single,Master,Operations,Quality Analyst,1,Mumbai,Full-Time,2023-08-06,True
E02809,Male,36,30-39,Married,Master,Sales,Account Executive,3,Remote,Full-Time,2024-03-10,True
E02810,Female,23,Under 30,Single,Bachelor,Sales,Sales Executive,1,Chennai,Full-Time,2021-04-16,False
E02811,Male,30,30-39,Married,Bachelor,Sales,Account Executive,2,Delhi,Full-Time,2024-07-16,False
E02812,Male,34,30-39,Single,High School,Finance,Accountant,3,Mumbai,Full-Time,2024-06-14,True
E02813,Female,25,Under 30,Married,Master,IT,Software Engineer,2,Hyderabad,Full-Time,2024-12-08,False
E02814,Male,37,30-39,Married,Bachelor,Operations,Operations Analyst,4,Chennai,Full-Time,2022-09-02,True
E02815,Female,27,Under 30,Married,PhD,Sales,Account Executive,3,Mumbai,Full-Time,2025-01-23,True
E02816,Female,38,30-39,Married,High School,IT,Data Analyst,6,Bengaluru,Full-Time,2023-10-22,True
E02817,Female,26,Under 30,Married,Diploma,Customer Support,Support Agent,1,Remote,Full-Time,2025-02-05,False
E02818,Male,30,30-39,Married,High School,Research & Development,Research Scientist,2,Bengaluru,Full-Time,2020-07-17,False
E02819,Male,39,30-39,Married,Diploma,Finance,Accountant,6,Hyderabad,Full-Time,2021-09-25,False
E02820,Female,32,30-39,Married,High School,Sales,Account Executive,2,Remote,Full-Time,2025-08-27,True
E02821,Male,34,30-39,Single,High School,IT,Software Engineer,2,Chennai,Part-Time,2025-12-20,True
E02822,Female,39,30-39,Single,High School,Operations,Quality Analyst,5,Chennai,Full-Time,2025-11-29,True
E02823,Male,37,30-39,Married,High School,Human Resources,HR Generalist,3,Hyderabad,Full-Time,2023-03-31,True
E02824,Female,26,Under 30,Single,PhD,Marketing,Marketing Analyst,2,Mumbai,Full-Time,2025-10-17,True
E02825,Female,25,Under 30,Married,PhD,IT,IT Support,2,Mumbai,Full-Time,2024-02-26,True
E02826,Female,36,30-39,Married,Diploma,Human Resources,Recruiter,5,Bengaluru,Full-Time,2024-11-17,True
E02827,Male,30,30-39,Single,High School,Customer Support,Support Lead,2,Mumbai,Full-Time,2024-03-17,True
E02828,Male,35,30-39,Married,PhD,Sales,Sales Executive,3,Delhi,Full-Time,2020-07-31,True
E02829,Female,39,30-39,Married,Diploma,Customer Support,Support Lead,5,Bengaluru,Full-Time,2025-01-24,False
E02830,Female,40,40-49,Married,Master,IT,Data Analyst,7,Bengaluru,Full-Time,2022-09-26,True
E02831,Female,30,30-39,Married,Master,Operations,Operations Analyst,2,Delhi,Full-Time,2021-07-16,True
E02832,Male,40,40-49,Married,PhD,IT,DevOps Engineer,5,Hyderabad,Full-Time,2022-11-01,True
E02833,Male,30,30-39,Married,Bachelor,Operations,Operations Analyst,1,Bengaluru,Full-Time,2022-07-30,False
E02834,Female,42,40-49,Single,PhD,IT,IT Support,5,Delhi,Part-Time,2024-07-11,False
E02835,Female,27,Under 30,Single,Diploma,Customer Support,Escalation Specialist,3,Bengaluru,Full-Time,2024-01-10,True
E02836,Male,24,Under 30,Married,PhD,Sales,Sales Executive,1,Hyderabad,Full-Time,2023-03-30,True
E02837,Female,33,30-39,Married,PhD,Finance,Credit Analyst,5,Chennai,Full-Time,2020-06-26,True
E02838,Male,41,40-49,Divorced,Master,Finance,Financial Analyst,5,Mumbai,Full-Time,2024-10-20,True
E02839,Female,38,30-39,Married,Diploma,Marketing,Content Writer,7,Bengaluru,Full-Time,2023-09-19,False
E02840,Male,31,30-39,Divorced,Master,Finance,Credit Analyst,1,Bengaluru,Full-Time,2020-12-13,True
E02841,Female,31,30-39,Single,PhD,Operations,Quality Analyst,1,Chennai,Full-Time,2024-01-06,True
E02842,Female,34,30-39,Married,Diploma,Customer Support,Escalation Specialist,6,Hyderabad,Full-Time,2024-06-30,False
E02843,Female,25,Under 30,Married,Master,Operations,Quality Analyst,1,Remote,Full-Time,2023-05-19,True
E02844,Male,30,30-39,Married,Master,Customer Support,Support Agent,2,Hyderabad,Full-Time,2024-12-24,True
E02845,Male,25,Under 30,Married,Bachelor,Operations,Operations Analyst,2,Remote,Full-Time,2023-04-06,True
E02846,Male,23,Under 30,Single,Master,Customer Support,Support Agent,1,Mumbai,Full-Time,2021-09-02,False
E02847,Male,30,30-39,Divorced,Bachelor,Operations,Operations Analyst,2,Remote,Full-Time,2020-05-13,False
E02848,Male,38,30-39,Married,High School,Finance,Accountant,5,Bengaluru,Full-Time,2021-03-18,True
E02849,Male,33,30-39,Married,PhD,IT,IT Support,3,Mumbai,Full-Time,2021-08-08,True
E02850,Female,32,30-39,Married,Master,Human Resources,HR Analyst,2,Hyderabad,Full-Time,2021-01-30,True
E02851,Male,30,30-39,Divorced,PhD,Human Resources,HR Analyst,2,Delhi,Full-Time,2024-08-21,False
E02852,Female,37,30-39,Married,PhD,Customer Support,Support Lead,5,Chennai,Full-Time,2021-10-28,True
E02853,Female,35,30-39,Married,Bachelor,Operations,Quality Analyst,2,Bengaluru,Full-Time,2021-12-28,True
E02854,Female,34,30-39,Married,PhD,IT,DevOps Engineer,3,Remote,Full-Time,2024-06-17,True
E02855,Female,29,Under 30,Married,Diploma,Marketing,Marketing Analyst,3,Mumbai,Full-Time,2025-05-20,True
E02856,Male,27,Under 30,Married,PhD,Human Resources,HR Analyst,1,Mumbai,Part-Time,2023-02-15,True
E02857,Male,23,Under 30,Divorced,High School,Customer Support,Support Agent,1,Remote,Full-Time,2025-10-25,True
E02858,Male,31,30-39,Married,Diploma,IT,DevOps Engineer,2,Chennai,Full-Time,2024-08-13,True
E02859,Female,38,30-39,Single,Diploma,Customer Support,Support Agent,4,Chennai,Full-Time,2024-05-22,False
E02860,Female,33,30-39,Married,Diploma,Marketing,Content Writer,5,Mumbai,Full-Time,2025-08-07,True
E02861,Male,35,30-39,Married,Master,Finance,Credit Analyst,2,Bengaluru,Full-Time,2021-09-06,False
E02862,Female,27,Under 30,Single,Master,Customer Support,Support Agent,3,Delhi,Full-Time,2021-03-01,False
E02863,Female,32,30-39,Single,Master,Operations,Operations Analyst,5,Chennai,Part-Time,2022-10-14,True
E02864,Female,29,Under 30,Married,Diploma,Finance,Financial Analyst,4,Chennai,Full-Time,2024-12-11,True
E02865,Male,35,30-39,Married,Diploma,Sales,Business Development,7,Chennai,Full-Time,2023-12-31,True
E02866,Male,29,Under 30,Single,High School,Finance,Accountant,3,Remote,Full-Time,2022-02-28,True
E02867,Female,33,30-39,Married,PhD,Marketing,SEO Specialist,1,Hyderabad,Full-Time,2025-01-29,True
E02868,Female,29,Under 30,Married,High School,Marketing,Marketing Analyst,2,Delhi,Full-Time,2021-04-11,False
E02869,Female,35,30-39,Married,Bachelor,Operations,Quality Analyst,2,Delhi,Full-Time,2025-03-14,True
E02870,Male,32,30-39,Married,High School,Research & Development,Product Engineer,2,Chennai,Full-Time,2024-08-22,True
E02871,Female,33,30-39,Single,High School,IT,Software Engineer,5,Delhi,Contract,2025-12-11,True
E02872,Female,27,Under 30,Married,Master,Human Resources,HR Analyst,3,Hyderabad,Full-Time,2023-10-17,True
E02873,Male,35,30-39,Married,High School,IT,Software Engineer,3,Bengaluru,Contract,2025-04-11,True
E02874,Male,35,30-39,Married,PhD,Sales,Business Development,5,Hyderabad,Full-Time,2021-04-08,True
E02875,Female,28,Under 30,Married,Bachelor,Finance,Financial Analyst,2,Mumbai,Full-Time,2023-03-25,True
E02876,Male,29,Under 30,Married,Diploma,Operations,Logistics Coordinator,3,Delhi,Full-Time,2023-02-23,False
E02877,Female,29,Under 30,Married,High School,Finance,Financial Analyst,3,Hyderabad,Full-Time,2021-11-24,True
E02878,Female,33,30-39,Married,Bachelor,Customer Support,Support Lead,4,Delhi,Full-Time,2022-07-24,True
E02879,Female,25,Under 30,Married,High School,Customer Support,Support Lead,1,Chennai,Full-Time,2024-06-02,True
E02880,Male,28,Under 30,Married,High School,Marketing,Marketing Analyst,3,Hyderabad,Part-Time,2022-03-08,True
E02881,Male,35,30-39,Married,PhD,Finance,Financial Analyst,2,Remote,Full-Time,2020-06-24,True
E02882,Female,43,40-49,Single,Diploma,IT,IT Support,7,Chennai,Full-Time,2021-01-22,True
E02883,Female,37,30-39,Married,Bachelor,Finance,Accountant,3,Bengaluru,Full-Time,2025-11-13,True
E02884,Male,30,30-39,Single,Diploma,Research & Development,Research Scientist,4,Delhi,Full-Time,2023-09-19,True
E02885,Female,32,30-39,Married,Bachelor,Finance,Financial Analyst,3,Remote,Full-Time,2021-11-28,True
E02886,Female,25,Under 30,Married,High School,Finance,Financial Analyst,1,Remote,Full-Time,2021-06-09,True
E02887,Male,28,Under 30,Married,High School,Research & Development,Product Engineer,3,Delhi,Full-Time,2022-06-15,True
E02888,Female,34,30-39,Married,Bachelor,Finance,Financial Analyst,1,Remote,Full-Time,2025-11-25,False
E02889,Female,32,30-39,Single,Diploma,Marketing,Marketing Analyst,3,Chennai,Full-Time,2023-10-26,True
E02890,Female,34,30-39,Married,Diploma,Customer Support,Escalation Specialist,5,Delhi,Full-Time,2024-12-19,True
E02891,Male,32,30-39,Single,Master,Marketing,Content Writer,3,Delhi,Full-Time,2021-04-07,True
E02892,Female,25,Under 30,Married,PhD,Human Resources,Recruiter,1,Remote,Full-Time,2021-05-31,True
E02893,Male,28,Under 30,Married,Master,IT,Data Analyst,1,Delhi,Full-Time,2024-01-07,True
E02894,Male,42,40-49,Single,Bachelor,Research & Development,Product Engineer,7,Mumbai,Full-Time,2021-02-16,True
E02895,Male,28,Under 30,Married,Master,Operations,Quality Analyst,1,Remote,Full-Time,2024-08-14,False
E02896,Male,30,30-39,Married,High School,IT,Software Engineer,3,Mumbai,Full-Time,2025-02-13,True
E02897,Female,32,30-39,Married,Bachelor,Sales,Business Development,3,Remote,Full-Time,2020-04-19,True
E02898,Male,29,Under 30,Single,High School,Customer Support,Escalation Specialist,4,Hyderabad,Full-Time,2025-01-18,False
E02899,Male,39,30-39,Single,PhD,Sales,Sales Executive,6,Hyderabad,Full-Time,2020-09-30,True
E02900,Female,30,30-39,Married,PhD,Human Resources,HR Analyst,3,Hyderabad,Full-Time,2024-05-16,True
E02901,Male,28,Under 30,Single,Diploma,Customer Support,Support Agent,3,Delhi,Full-Time,2022-04-26,True
E02902,Male,33,30-39,Married,PhD,Research & Development,Product Engineer,4,Hyderabad,Full-Time,2023-12-09,True
E02903,Female,28,Under 30,Married,High School,IT,IT Support,3,Chennai,Full-Time,2022-07-05,True
E02904,Female,30,30-39,Married,Master,Research & Development,Research Scientist,3,Hyderabad,Full-Time,2023-11-14,False
E02905,Female,30,30-39,Divorced,Diploma,Marketing,Marketing Analyst,4,Bengaluru,Full-Time,2020-11-18,True
E02906,Male,34,30-39,Divorced,Master,Finance,Accountant,3,Remote,Full-Time,2025-03-26,True
E02907,Male,25,Under 30,Married,Bachelor,Customer Support,Escalation Specialist,1,Chennai,Full-Time,2022-09-02,False
E02908,Female,35,30-39,Single,Master,Operations,Operations Analyst,5,Bengaluru,Full-Time,2025-06-25,True
E02909,Female,29,Under 30,Single,PhD,Operations,Operations Analyst,3,Mumbai,Full-Time,2025-03-29,True
E02910,Female,35,30-39,Married,Bachelor,Finance,Credit Analyst,4,Hyderabad,Full-Time,2023-05-25,True
E02911,Male,35,30-39,Single,Diploma,Sales,Account Executive,4,Mumbai,Full-Time,2021-03-31,True
E02912,Male,27,Under 30,Married,Bachelor,Marketing,Marketing Analyst,1,Hyderabad,Full-Time,2024-05-17,True
E02913,Male,30,30-39,Single,PhD,IT,Data Analyst,2,Remote,Full-Time,2025-12-17,True
E02914,Female,34,30-39,Married,Diploma,Marketing,Marketing Analyst,1,Chennai,Full-Time,2023-07-24,True
E02915,Male,29,Under 30,Divorced,Diploma,Customer Support,Support Lead,3,Remote,Full-Time,2023-09-14,True
E02916,Female,38,30-39,Single,High School,Operations,Operations Analyst,6,Delhi,Full-Time,2020-04-18,False
E02917,Female,31,30-39,Divorced,High School,Marketing,SEO Specialist,4,Mumbai,Full-Time,2020-04-28,True
E02918,Female,43,40-49,Married,High School,Operations,Logistics Coordinator,6,Delhi,Full-Time,2025-06-10,True
E02919,Female,26,Under 30,Married,High School,Customer Support,Escalation Specialist,2,Bengaluru,Full-Time,2020-01-18,True
E02920,Female,27,Under 30,Married,Bachelor,Sales,Account Executive,3,Mumbai,Full-Time,2022-02-11,True
E02921,Female,33,30-39,Divorced,Bachelor,IT,IT Support,3,Remote,Full-Time,2021-03-02,True
E02922,Female,27,Under 30,Married,High School,Operations,Logistics Coordinator,2,Bengaluru,Full-Time,2022-12-16,False
E02923,Male,46,40-49,Married,Master,IT,DevOps Engineer,7,Remote,Full-Time,2024-12-01,True
E02924,Female,29,Under 30,Married,Bachelor,Customer Support,Support Lead,1,Mumbai,Full-Time,2021-12-09,True
E02925,Female,37,30-39,Married,High School,Customer Support,Support Agent,4,Chennai,Full-Time,2023-01-07,True
E02926,Female,44,40-49,Married,Master,IT,Software Engineer,6,Remote,Full-Time,2020-12-27,True
E02927,Female,30,30-39,Single,High School,Operations,Quality Analyst,2,Mumbai,Full-Time,2022-02-19,True
E02928,Male,30,30-39,Single,Bachelor,Sales,Sales Executive,3,Chennai,Full-Time,2021-02-04,True
E02929,Female,30,30-39,Single,Diploma,Sales,Sales Executive,2,Chennai,Full-Time,2020-10-29,True
E02930,Female,29,Under 30,Married,Master,IT,Software Engineer,2,Chennai,Full-Time,2023-12-01,False
E02931,Male,34,30-39,Married,Bachelor,Customer Support,Escalation Specialist,3,Hyderabad,Full-Time,2023-10-06,True
E02932,Male,34,30-39,Single,Master,Human Resources,Recruiter,6,Bengaluru,Full-Time,2020-10-04,True
E02933,Female,33,30-39,Married,Diploma,Sales,Sales Executive,3,Remote,Full-Time,2023-02-01,True
E02934,Female,31,30-39,Married,Master,IT,Data Analyst,3,Hyderabad,Full-Time,2023-06-04,True
E02935,Female,40,40-49,Married,High School,Finance,Credit Analyst,4,Chennai,Full-Time,2022-10-03,False
E02936,Female,35,30-39,Married,High School,Finance,Financial Analyst,3,Delhi,Full-Time,2025-07-10,True
E02937,Female,29,Under 30,Married,High School,Executive,CFO,2,Bengaluru,Full-Time,2023-08-11,True
E02938,Female,30,30-39,Married,High School,Customer Support,Support Lead,2,Delhi,Full-Time,2025-08-08,True
E02939,Male,31,30-39,Married,PhD,Finance,Credit Analyst,5,Mumbai,Part-Time,2024-12-09,True
E02940,Male,23,Under 30,Married,Diploma,IT,Data Analyst,1,Bengaluru,Full-Time,2020-08-22,True
E02941,Male,41,40-49,Married,PhD,Human Resources,HR Generalist,5,Chennai,Full-Time,2020-01-25,True
E02942,Male,26,Under 30,Single,PhD,Marketing,Content Writer,1,Chennai,Full-Time,2020-03-13,True
E02943,Male,35,30-39,Single,Diploma,Operations,Logistics Coordinator,4,Remote,Full-Time,2022-08-29,True
E02944,Female,37,30-39,Married,High School,Operations,Quality Analyst,3,Remote,Contract,2024-09-24,True
E02945,Male,32,30-39,Divorced,High School,Customer Support,Escalation Specialist,3,Delhi,Part-Time,2020-01-29,False
E02946,Male,34,30-39,Married,Bachelor,Human Resources,HR Generalist,3,Bengaluru,Full-Time,2021-08-14,True
E02947,Female,25,Under 30,Single,Diploma,IT,Data Analyst,1,Delhi,Full-Time,2021-02-27,False
E02948,Male,32,30-39,Single,Bachelor,Finance,Credit Analyst,3,Bengaluru,Full-Time,2025-08-06,True
E02949,Male,30,30-39,Single,Diploma,Marketing,Marketing Analyst,2,Bengaluru,Full-Time,2024-06-30,True
E02950,Female,29,Under 30,Married,Diploma,Research & Development,Research Scientist,4,Remote,Full-Time,2020-03-23,True
E02951,Female,46,40-49,Married,Bachelor,Operations,Operations Analyst,7,Bengaluru,Full-Time,2025-09-23,False
E02952,Male,29,Under 30,Married,Diploma,IT,Software Engineer,3,Mumbai,Full-Time,2020-04-20,False
E02953,Female,41,40-49,Divorced,PhD,Operations,Operations Analyst,7,Chennai,Full-Time,2024-05-11,True
E02954,Female,39,30-39,Married,Diploma,Customer Support,Support Lead,4,Chennai,Full-Time,2022-10-28,True
E02955,Male,29,Under 30,Single,Master,Customer Support,Escalation Specialist,2,Remote,Full-Time,2022-01-01,False
E02956,Female,32,30-39,Married,High School,Sales,Account Executive,5,Mumbai,Full-Time,2020-02-10,True
E02957,Female,33,30-39,Married,Diploma,Operations,Logistics Coordinator,1,Remote,Full-Time,2021-05-17,True
E02958,Male,33,30-39,Married,Master,IT,Software Engineer,4,Bengaluru,Full-Time,2021-03-17,True
E02959,Male,28,Under 30,Single,Bachelor,Operations,Operations Analyst,1,Chennai,Full-Time,2024-06-03,True
E02960,Female,28,Under 30,Single,Master,Customer Support,Escalation Specialist,1,Mumbai,Full-Time,2025-08-31,False
E02961,Male,27,Under 30,Single,Diploma,Customer Support,Support Lead,1,Bengaluru,Full-Time,2025-04-14,True
E02962,Female,28,Under 30,Single,Master,IT,Data Analyst,3,Mumbai,Contract,2020-02-23,True
E02963,Female,33,30-39,Married,Bachelor,Human Resources,HR Generalist,3,Remote,Full-Time,2023-03-31,True
E02964,Female,34,30-39,Married,Bachelor,Marketing,SEO Specialist,2,Remote,Full-Time,2023-04-04,True
E02965,Female,42,40-49,Married,Bachelor,Sales,Account Executive,5,Bengaluru,Full-Time,2020-07-20,True
E02966,Male,44,40-49,Married,Master,Marketing,SEO Specialist,6,Hyderabad,Full-Time,2022-05-12,False
E02967,Female,29,Under 30,Married,Master,Operations,Operations Analyst,4,Delhi,Full-Time,2023-01-17,True
E02968,Male,31,30-39,Single,Bachelor,Operations,Quality Analyst,5,Bengaluru,Full-Time,2020-09-27,True
E02969,Male,30,30-39,Married,High School,Sales,Account Executive,1,Bengaluru,Full-Time,2021-12-28,True
E02970,Female,39,30-39,Married,High School,Finance,Financial Analyst,5,Hyderabad,Full-Time,2022-11-24,False
E02971,Male,35,30-39,Married,Master,Finance,Accountant,3,Remote,Full-Time,2025-04-29,True
E02972,Male,30,30-39,Single,PhD,Human Resources,HR Analyst,2,Hyderabad,Contract,2020-07-25,True
E02973,Female,31,30-39,Married,High School,IT,IT Support,2,Remote,Full-Time,2024-11-02,False
E02974,Female,30,30-39,Single,High School,Customer Support,Support Agent,3,Delhi,Full-Time,2021-03-25,True
E02975,Female,29,Under 30,Married,Bachelor,Operations,Logistics Coordinator,1,Bengaluru,Full-Time,2021-11-09,False
E02976,Female,35,30-39,Single,Master,Finance,Financial Analyst,4,Mumbai,Contract,2021-01-10,True
E02977,Female,34,30-39,Single,Diploma,Sales,Business Development,5,Bengaluru,Full-Time,2022-07-12,True
E02978,Male,33,30-39,Married,PhD,Customer Support,Support Agent,1,Chennai,Full-Time,2025-11-11,False
E02979,Female,40,40-49,Single,PhD,Operations,Quality Analyst,5,Chennai,Full-Time,2025-03-30,True
E02980,Female,31,30-39,Married,High School,Finance,Financial Analyst,3,Chennai,Full-Time,2021-12-06,True
E02981,Female,25,Under 30,Single,Bachelor,IT,Software Engineer,2,Mumbai,Full-Time,2023-02-20,True
E02982,Female,31,30-39,Married,Bachelor,Operations,Operations Analyst,3,Chennai,Full-Time,2024-12-05,False
E02983,Female,37,30-39,Divorced,Diploma,Operations,Operations Analyst,4,Chennai,Full-Time,2021-08-15,True
E02984,Male,29,Under 30,Single,Diploma,Research & Development,Data Scientist,4,Hyderabad,Part-Time,2025-01-29,True
E02985,Female,34,30-39,Married,Bachelor,Marketing,Marketing Analyst,1,Bengaluru,Full-Time,2020-08-16,True
E02986,Female,38,30-39,Married,High School,Finance,Credit Analyst,3,Remote,Full-Time,2022-11-26,True
E02987,Female,33,30-39,Single,High School,Human Resources,Recruiter,1,Remote,Part-Time,2025-08-05,True
E02988,Female,31,30-39,Single,High School,Sales,Business Development,1,Remote,Full-Time,2025-09-11,False
E02989,Male,26,Under 30,Married,PhD,IT,IT Support,1,Bengaluru,Full-Time,2025-04-15,False
E02990,Female,27,Under 30,Single,PhD,Customer Support,Support Agent,3,Bengaluru,Full-Time,2023-11-12,True
E02991,Female,27,Under 30,Married,Bachelor,Finance,Financial Analyst,1,Mumbai,Full-Time,2025-04-12,False
E02992,Male,28,Under 30,Married,PhD,IT,DevOps Engineer,3,Chennai,Full-Time,2022-04-09,True
E02993,Male,35,30-39,Married,Diploma,Human Resources,HR Generalist,4,Bengaluru,Full-Time,2022-03-28,True
E02994,Female,31,30-39,Divorced,Master,Customer Support,Escalation Specialist,2,Bengaluru,Full-Time,2020-01-24,True
E02995,Male,30,30-39,Married,Diploma,Sales,Account Executive,4,Hyderabad,Full-Time,2022-02-16,True
E02996,Female,35,30-39,Married,High School,Customer Support,Escalation Specialist,6,Delhi,Full-Time,2021-03-24,True
E02997,Male,43,40-49,Married,Diploma,Sales,Sales Executive,6,Delhi,Full-Time,2023-04-30,True
E02998,Female,37,30-39,Married,Diploma,Customer Support,Escalation Specialist,4,Hyderabad,Full-Time,2020-07-19,True
E02999,Male,26,Under 30,Married,Master,Marketing,SEO Specialist,2,Remote,Full-Time,2024-10-15,True
E03000,Female,30,30-39,Married,PhD,Research & Development,Research Scientist,1,Chennai,Full-Time,2023-07-25,True
