EmployeeID,SalaryAnnual,BonusPct,PerformanceRating,SatisfactionScore,SalaryBand
E00001,212000,5,4,4,High (100k+)
E00002,170000,0,4,5,High (100k+)
E00003,96000,10,3,8,Mid (60-100k)
E00004,70000,5,3,7,Mid (60-100k)
E00005,74000,5,5,8,Mid (60-100k)
E00006,156500,10,3,1,High (100k+)
E00007,158000,5,5,8,High (100k+)
E00008,82000,0,3,5,Mid (60-100k)
E00009,56000,5,5,8,Low (<60k)
E00010,163500,15,4,6,High (100k+)
E00011,168000,15,4,8,High (100k+)
E00012,71500,15,3,9,Mid (60-100k)
E00013,95500,0,4,6,Mid (60-100k)
E00014,168000,5,4,7,High (100k+)
E00015,51000,0,3,4,Low (<60k)
E00016,83000,0,4,5,Mid (60-100k)
E00017,228500,5,4,4,High (100k+)
E00018,73500,5,3,5,Mid (60-100k)
E00019,57000,0,5,7,Low (<60k)
E00020,157000,5,4,8,High (100k+)
E00021,96500,10,3,9,Mid (60-100k)
E00022,55000,0,4,8,Low (<60k)
E00023,99000,5,4,6,Mid (60-100k)
E00024,94500,0,5,8,Mid (60-100k)
E00025,144000,15,4,9,High (100k+)
E00026,92000,0,4,4,Mid (60-100k)
E00027,83000,15,3,5,Mid (60-100k)
E00028,131500,0,5,4,High (100k+)
E00029,63000,5,3,7,Mid (60-100k)
E00030,92500,10,3,7,Mid (60-100k)
E00031,82000,5,5,2,Mid (60-100k)
E00032,195500,10,5,6,High (100k+)
E00033,86000,15,4,4,Mid (60-100k)
E00034,144000,15,4,5,High (100k+)
E00035,207500,10,3,4,High (100k+)
E00036,128000,0,5,6,High (100k+)
E00037,258500,0,5,6,High (100k+)
E00038,112000,5,5,7,High (100k+)
E00039,90500,5,5,8,Mid (60-100k)
E00040,99500,0,3,6,Mid (60-100k)
E00041,140500,0,2,4,High (100k+)
E00042,141000,5,4,10,High (100k+)
E00043,100500,5,3,5,High (100k+)
E00044,60500,5,5,7,Mid (60-100k)
E00045,76000,10,5,5,Mid (60-100k)
E00046,102500,0,4,5,High (100k+)
E00047,126000,5,5,6,High (100k+)
E00048,152000,10,5,6,High (100k+)
E00049,70500,0,4,9,Mid (60-100k)
E00050,127000,0,4,4,High (100k+)
E00051,124000,5,5,6,High (100k+)
E00052,88500,0,2,5,Mid (60-100k)
E00053,158000,10,3,8,High (100k+)
E00054,112500,5,3,4,High (100k+)
E00055,69000,0,4,2,Mid (60-100k)
E00056,57000,0,3,9,Low (<60k)
E00057,83500,15,5,9,Mid (60-100k)
E00058,67500,10,1,6,Mid (60-100k)
E00059,93000,0,4,5,Mid (60-100k)
E00060,100500,20,4,6,High (100k+)
E00061,83000,5,3,8,Mid (60-100k)
E00062,68000,10,5,4,Mid (60-100k)
E00063,90500,0,4,8,Mid (60-100k)
E00064,80500,0,3,7,Mid (60-100k)
E00065,99000,0,3,6,Mid (60-100k)
E00066,96000,5,3,7,Mid (60-100k)
E00067,60000,20,5,5,Mid (60-100k)
E00068,80500,15,5,6,Mid (60-100k)
E00069,102500,15,3,4,High (100k+)
E00070,83000,5,3,7,Mid (60-100k)
E00071,111500,10,2,6,High (100k+)
E00072,77500,5,5,5,Mid (60-100k)
E00073,149000,5,3,8,High (100k+)
E00074,153000,5,1,8,High (100k+)
E00075,63000,10,3,4,Mid (60-100k)
E00076,74000,5,3,9,Mid (60-100k)
E00077,156500,5,3,8,High (100k+)
E00078,125500,10,3,8,High (100k+)
E00079,66000,15,4,7,Mid (60-100k)
E00080,177000,0,4,8,High (100k+)
E00081,274000,10,4,8,High (100k+)
E00082,99000,0,3,8,Mid (60-100k)
E00083,84000,0,4,5,Mid (60-100k)
E00084,88000,5,5,6,Mid (60-100k)
E00085,68500,0,4,7,Mid (60-100k)
E00086,97000,20,4,8,Mid (60-100k)
E00087,103000,0,3,4,High (100k+)
E00088,88000,0,5,7,Mid (60-100k)
E00089,122500,0,5,7,High (100k+)
E00090,120000,5,3,8,High (100k+)
E00091,205000,15,4,7,High (100k+)
E00092,154500,0,5,7,High (100k+)
E00093,160500,5,4,7,High (100k+)
E00094,129000,0,4,8,High (100k+)
E00095,119000,10,5,6,High (100k+)
E00096,97500,0,3,6,Mid (60-100k)
E00097,81000,5,5,5,Mid (60-100k)
E00098,91000,0,4,4,Mid (60-100k)
E00099,68500,10,4,5,Mid (60-100k)
E00100,59000,5,5,3,Low (<60k)
E00101,102000,5,2,2,High (100k+)
E00102,185500,0,4,5,High (100k+)
E00103,74500,10,4,8,Mid (60-100k)
E00104,222500,0,4,8,High (100k+)
E00105,104000,0,5,8,High (100k+)
E00106,89000,10,2,6,Mid (60-100k)
E00107,80500,5,4,10,Mid (60-100k)
E00108,109000,10,4,9,High (100k+)
E00109,93000,10,3,6,Mid (60-100k)
E00110,144500,0,4,7,High (100k+)
E00111,115000,5,4,7,High (100k+)
E00112,192000,15,5,6,High (100k+)
E00113,145500,15,3,8,High (100k+)
E00114,146500,0,4,10,High (100k+)
E00115,125000,0,3,5,High (100k+)
E00116,139000,5,3,8,High (100k+)
E00117,106000,10,4,7,High (100k+)
E00118,101000,5,4,5,High (100k+)
E00119,140500,0,3,9,High (100k+)
E00120,103000,5,4,8,High (100k+)
E00121,285500,5,3,7,High (100k+)
E00122,82500,10,4,4,Mid (60-100k)
E00123,102000,0,5,8,High (100k+)
E00124,58000,5,2,6,Low (<60k)
E00125,186500,0,5,5,High (100k+)
E00126,85500,0,4,8,Mid (60-100k)
E00127,97000,0,3,7,Mid (60-100k)
E00128,55000,15,4,8,Low (<60k)
E00129,73000,0,4,4,Mid (60-100k)
E00130,126000,0,3,3,High (100k+)
E00131,100000,15,3,4,High (100k+)
E00132,143000,0,3,6,High (100k+)
E00133,77500,0,4,8,Mid (60-100k)
E00134,82500,10,5,4,Mid (60-100k)
E00135,108500,10,5,7,High (100k+)
E00136,68500,15,3,4,Mid (60-100k)
E00137,97500,0,4,5,Mid (60-100k)
E00138,102500,0,5,1,High (100k+)
E00139,78500,0,4,7,Mid (60-100k)
E00140,119000,15,4,4,High (100k+)
E00141,99000,20,5,7,Mid (60-100k)
E00142,114500,0,4,8,High (100k+)
E00143,56000,20,3,5,Low (<60k)
E00144,130000,10,5,4,High (100k+)
E00145,101500,15,5,6,High (100k+)
E00146,262000,15,4,7,High (100k+)
E00147,74500,5,3,5,Mid (60-100k)
E00148,97000,0,3,6,Mid (60-100k)
E00149,172500,15,4,7,High (100k+)
E00150,66500,0,5,5,Mid (60-100k)
E00151,63000,20,4,7,Mid (60-100k)
E00152,148000,10,4,6,High (100k+)
E00153,138000,15,5,9,High (100k+)
E00154,150000,0,5,7,High (100k+)
E00155,58000,10,4,5,Low (<60k)
E00156,79000,10,3,6,Mid (60-100k)
E00157,87000,0,4,10,Mid (60-100k)
E00158,46500,0,4,5,Low (<60k)
E00159,111500,0,3,6,High (100k+)
E00160,57000,10,3,8,Low (<60k)
E00161,137500,0,4,8,High (100k+)
E00162,152000,0,5,6,High (100k+)
E00163,86500,10,5,7,Mid (60-100k)
E00164,90500,0,5,5,Mid (60-100k)
E00165,127000,0,4,4,High (100k+)
E00166,157000,0,4,3,High (100k+)
E00167,127000,5,3,7,High (100k+)
E00168,66500,5,4,10,Mid (60-100k)
E00169,136500,15,4,4,High (100k+)
E00170,116500,0,5,4,High (100k+)
E00171,130500,0,5,3,High (100k+)
E00172,65500,5,4,7,Mid (60-100k)
E00173,106000,5,4,5,High (100k+)
E00174,157000,0,4,4,High (100k+)
E00175,96500,5,2,7,Mid (60-100k)
E00176,150000,0,4,6,High (100k+)
E00177,84500,5,3,5,Mid (60-100k)
E00178,131500,0,4,4,High (100k+)
E00179,163000,0,4,8,High (100k+)
E00180,82000,20,5,7,Mid (60-100k)
E00181,89000,0,4,6,Mid (60-100k)
E00182,114000,5,4,7,High (100k+)
E00183,83000,5,3,8,Mid (60-100k)
E00184,195000,5,4,10,High (100k+)
E00185,88500,5,5,6,Mid (60-100k)
E00186,197000,20,2,7,High (100k+)
E00187,103000,0,5,9,High (100k+)
E00188,117000,0,4,6,High (100k+)
E00189,150000,10,3,8,High (100k+)
E00190,124500,20,4,8,High (100k+)
E00191,85000,0,5,3,Mid (60-100k)
E00192,64500,20,5,7,Mid (60-100k)
E00193,146500,0,3,7,High (100k+)
E00194,95500,10,3,5,Mid (60-100k)
E00195,83500,5,2,5,Mid (60-100k)
E00196,142000,0,4,6,High (100k+)
E00197,81000,5,4,6,Mid (60-100k)
E00198,51500,15,4,6,Low (<60k)
E00199,154000,0,3,6,High (100k+)
E00200,60000,5,3,6,Mid (60-100k)
E00201,210000,20,2,7,High (100k+)
E00202,64000,0,3,1,Mid (60-100k)
E00203,190000,0,3,6,High (100k+)
E00204,282500,0,3,6,High (100k+)
E00205,166500,5,4,9,High (100k+)
E00206,149000,0,4,4,High (100k+)
E00207,94000,0,3,7,Mid (60-100k)
E00208,92000,0,3,6,Mid (60-100k)
E00209,82500,5,4,4,Mid (60-100k)
E00210,72000,5,4,1,Mid (60-100k)
E00211,78500,15,4,6,Mid (60-100k)
E00212,114500,5,3,4,High (100k+)
E00213,73500,15,3,7,Mid (60-100k)
E00214,57000,0,4,6,Low (<60k)
E00215,81000,5,4,7,Mid (60-100k)
E00216,60000,0,3,5,Mid (60-100k)
E00217,163500,10,4,7,High (100k+)
E00218,66000,5,3,8,Mid (60-100k)
E00219,78500,0,3,5,Mid (60-100k)
E00220,145500,15,3,5,High (100k+)
E00221,164000,5,4,8,High (100k+)
E00222,93000,0,2,6,Mid (60-100k)
E00223,82000,10,5,8,Mid (60-100k)
E00224,112000,15,3,3,High (100k+)
E00225,124000,0,3,5,High (100k+)
E00226,43500,0,3,1,Low (<60k)
E00227,141000,5,4,3,High (100k+)
E00228,75000,5,4,7,Mid (60-100k)
E00229,84500,10,5,7,Mid (60-100k)
E00230,46500,5,4,7,Low (<60k)
E00231,122500,0,5,7,High (100k+)
E00232,122500,0,2,5,High (100k+)
E00233,118500,10,3,8,High (100k+)
E00234,142500,10,5,6,High (100k+)
E00235,100000,0,3,8,High (100k+)
E00236,60000,5,4,8,Mid (60-100k)
E00237,166500,0,4,6,High (100k+)
E00238,118000,20,3,7,High (100k+)
E00239,77500,0,4,7,Mid (60-100k)
E00240,64500,0,4,3,Mid (60-100k)
E00241,167000,0,4,5,High (100k+)
E00242,210000,5,3,5,High (100k+)
E00243,88000,15,3,7,Mid (60-100k)
E00244,93000,5,3,3,Mid (60-100k)
E00245,66000,0,3,4,Mid (60-100k)
E00246,148500,10,4,5,High (100k+)
E00247,79500,5,5,3,Mid (60-100k)
E00248,166000,0,3,9,High (100k+)
E00249,113000,0,5,6,High (100k+)
E00250,219000,5,3,4,High (100k+)
E00251,44000,10,5,7,Low (<60k)
E00252,193000,5,4,6,High (100k+)
E00253,54000,15,4,6,Low (<60k)
E00254,82000,0,4,7,Mid (60-100k)
E00255,114500,10,4,6,High (100k+)
E00256,182000,15,3,7,High (100k+)
E00257,64000,0,4,7,Mid (60-100k)
E00258,130000,0,4,7,High (100k+)
E00259,72000,0,4,3,Mid (60-100k)
E00260,101000,5,3,7,High (100k+)
E00261,73000,0,4,5,Mid (60-100k)
E00262,86500,10,3,6,Mid (60-100k)
E00263,97000,20,5,5,Mid (60-100k)
E00264,110500,0,4,5,High (100k+)
E00265,99500,5,3,5,Mid (60-100k)
E00266,61000,0,3,8,Mid (60-100k)
E00267,127500,10,4,6,High (100k+)
E00268,126500,0,4,2,High (100k+)
E00269,126000,10,3,5,High (100k+)
E00270,61500,0,4,7,Mid (60-100k)
E00271,86500,0,4,6,Mid (60-100k)
E00272,52500,5,2,7,Low (<60k)
E00273,93000,15,5,3,Mid (60-100k)
E00274,204000,0,3,6,High (100k+)
E00275,146000,0,4,3,High (100k+)
E00276,88500,5,3,8,Mid (60-100k)
E00277,83500,5,2,7,Mid (60-100k)
E00278,151000,0,2,7,High (100k+)
E00279,97500,5,4,4,Mid (60-100k)
E00280,180500,10,4,7,High (100k+)
E00281,95500,20,4,6,Mid (60-100k)
E00282,198000,0,4,4,High (100k+)
E00283,72500,10,5,5,Mid (60-100k)
E00284,96000,20,4,6,Mid (60-100k)
E00285,141500,5,4,5,High (100k+)
E00286,158500,5,5,8,High (100k+)
E00287,65500,5,4,3,Mid (60-100k)
E00288,82500,0,5,5,Mid (60-100k)
E00289,94500,5,3,6,Mid (60-100k)
E00290,149500,0,2,7,High (100k+)
E00291,125500,0,3,8,High (100k+)
E00292,67500,5,1,7,Mid (60-100k)
E00293,56500,0,3,6,Low (<60k)
E00294,120000,0,2,6,High (100k+)
E00295,171000,0,3,8,High (100k+)
E00296,63500,10,4,5,Mid (60-100k)
E00297,172000,5,4,8,High (100k+)
E00298,70500,5,3,5,Mid (60-100k)
E00299,124500,5,4,6,High (100k+)
E00300,103500,5,4,6,High (100k+)
E00301,72000,10,3,4,Mid (60-100k)
E00302,133000,0,4,3,High (100k+)
E00303,95000,20,4,3,Mid (60-100k)
E00304,90000,0,4,6,Mid (60-100k)
E00305,78000,0,1,5,Mid (60-100k)
E00306,235500,20,2,6,High (100k+)
E00307,67500,5,5,7,Mid (60-100k)
E00308,132500,0,4,3,High (100k+)
E00309,107500,20,3,8,High (100k+)
E00310,102000,5,4,9,High (100k+)
E00311,59000,20,4,8,Low (<60k)
E00312,114500,5,3,6,High (100k+)
E00313,69000,0,4,7,Mid (60-100k)
E00314,74500,5,5,9,Mid (60-100k)
E00315,87500,0,3,3,Mid (60-100k)
E00316,98000,10,4,7,Mid (60-100k)
E00317,145000,15,2,6,High (100k+)
E00318,188000,0,3,5,High (100k+)
E00319,101000,0,4,9,High (100k+)
E00320,124500,0,4,6,High (100k+)
E00321,163000,10,3,5,High (100k+)
E00322,88000,5,4,6,Mid (60-100k)
E00323,89500,0,5,5,Mid (60-100k)
E00324,107500,5,5,6,High (100k+)
E00325,65000,5,4,9,Mid (60-100k)
E00326,125000,10,5,7,High (100k+)
E00327,109000,0,4,3,High (100k+)
E00328,147500,0,3,7,High (100k+)
E00329,93500,5,3,6,Mid (60-100k)
E00330,197000,10,3,4,High (100k+)
E00331,98500,15,4,2,Mid (60-100k)
E00332,172000,10,3,7,High (100k+)
E00333,186000,0,3,5,High (100k+)
E00334,137000,0,3,6,High (100k+)
E00335,119000,0,5,4,High (100k+)
E00336,119500,0,4,5,High (100k+)
E00337,120000,10,2,7,High (100k+)
E00338,68500,10,4,2,Mid (60-100k)
E00339,104500,20,2,4,High (100k+)
E00340,88500,5,5,8,Mid (60-100k)
E00341,100500,20,3,9,High (100k+)
E00342,141000,5,3,6,High (100k+)
E00343,193000,0,5,8,High (100k+)
E00344,128000,0,3,4,High (100k+)
E00345,167000,5,4,8,High (100k+)
E00346,87500,5,3,1,Mid (60-100k)
E00347,184500,15,3,6,High (100k+)
E00348,153000,0,3,5,High (100k+)
E00349,187000,20,4,7,High (100k+)
E00350,117000,10,3,3,High (100k+)
E00351,92000,15,2,8,Mid (60-100k)
E00352,90000,5,5,5,Mid (60-100k)
E00353,66000,20,5,5,Mid (60-100k)
E00354,74500,0,4,5,Mid (60-100k)
E00355,126000,0,5,5,High (100k+)
E00356,117000,0,5,4,High (100k+)
E00357,82000,5,4,8,Mid (60-100k)
E00358,102000,5,5,6,High (100k+)
E00359,85500,0,3,6,Mid (60-100k)
E00360,57000,10,5,6,Low (<60k)
E00361,66500,5,4,4,Mid (60-100k)
E00362,93500,15,5,9,Mid (60-100k)
E00363,97000,0,4,6,Mid (60-100k)
E00364,74500,0,2,6,Mid (60-100k)
E00365,103500,5,1,1,High (100k+)
E00366,119000,5,4,6,High (100k+)
E00367,171000,0,4,8,High (100k+)
E00368,74000,5,4,8,Mid (60-100k)
E00369,94500,10,3,7,Mid (60-100k)
E00370,160500,5,5,9,High (100k+)
E00371,57000,10,2,5,Low (<60k)
E00372,75000,5,5,7,Mid (60-100k)
E00373,71500,20,5,8,Mid (60-100k)
E00374,128000,0,3,7,High (100k+)
E00375,278000,0,3,5,High (100k+)
E00376,66500,15,4,10,Mid (60-100k)
E00377,98500,15,5,5,Mid (60-100k)
E00378,86500,5,5,4,Mid (60-100k)
E00379,107000,20,5,5,High (100k+)
E00380,96500,10,4,6,Mid (60-100k)
E00381,98500,0,4,4,Mid (60-100k)
E00382,74500,10,5,7,Mid (60-100k)
E00383,63000,15,4,5,Mid (60-100k)
E00384,111500,5,4,9,High (100k+)
E00385,80000,5,3,3,Mid (60-100k)
E00386,133000,0,4,8,High (100k+)
E00387,164000,10,3,8,High (100k+)
E00388,74500,5,5,5,Mid (60-100k)
E00389,62000,15,3,8,Mid (60-100k)
E00390,93000,5,3,5,Mid (60-100k)
E00391,103000,10,3,4,High (100k+)
E00392,91500,20,5,10,Mid (60-100k)
E00393,105000,0,3,6,High (100k+)
E00394,126000,20,3,4,High (100k+)
E00395,157000,15,4,7,High (100k+)
E00396,109000,0,4,9,High (100k+)
E00397,127500,0,2,7,High (100k+)
E00398,129500,0,4,7,High (100k+)
E00399,155000,5,4,7,High (100k+)
E00400,68500,0,4,7,Mid (60-100k)
E00401,189000,0,5,6,High (100k+)
E00402,98000,5,2,4,Mid (60-100k)
E00403,81000,5,3,7,Mid (60-100k)
E00404,67000,5,3,6,Mid (60-100k)
E00405,128000,0,5,6,High (100k+)
E00406,85000,0,2,6,Mid (60-100k)
E00407,132500,15,3,5,High (100k+)
E00408,101000,0,3,4,High (100k+)
E00409,144000,10,5,6,High (100k+)
E00410,97500,15,4,8,Mid (60-100k)
E00411,107000,10,5,7,High (100k+)
E00412,55000,0,3,5,Low (<60k)
E00413,83000,5,5,6,Mid (60-100k)
E00414,139500,15,5,5,High (100k+)
E00415,95000,5,3,8,Mid (60-100k)
E00416,81000,5,5,6,Mid (60-100k)
E00417,85500,0,4,9,Mid (60-100k)
E00418,140500,5,2,6,High (100k+)
E00419,101000,15,3,5,High (100k+)
E00420,49500,15,3,3,Low (<60k)
E00421,79500,0,3,6,Mid (60-100k)
E00422,136500,0,4,5,High (100k+)
E00423,115000,15,4,6,High (100k+)
E00424,122500,0,3,3,High (100k+)
E00425,102000,10,5,7,High (100k+)
E00426,138000,20,3,5,High (100k+)
E00427,101000,0,2,6,High (100k+)
E00428,99500,0,5,6,Mid (60-100k)
E00429,118000,5,3,8,High (100k+)
E00430,80000,5,5,3,Mid (60-100k)
E00431,60500,0,5,4,Mid (60-100k)
E00432,122000,10,4,7,High (100k+)
E00433,134000,10,5,5,High (100k+)
E00434,76500,15,3,7,Mid (60-100k)
E00435,94500,0,2,6,Mid (60-100k)
E00436,89000,10,3,5,Mid (60-100k)
E00437,131500,0,5,4,High (100k+)
E00438,104000,0,4,6,High (100k+)
E00439,94500,0,2,6,Mid (60-100k)
E00440,108500,5,2,6,High (100k+)
E00441,109500,10,4,7,High (100k+)
E00442,101500,5,3,6,High (100k+)
E00443,109500,10,4,5,High (100k+)
E00444,90000,15,5,5,Mid (60-100k)
E00445,66500,0,3,4,Mid (60-100k)
E00446,126000,5,4,7,High (100k+)
E00447,124500,20,4,7,High (100k+)
E00448,127000,10,5,6,High (100k+)
E00449,108000,0,3,5,High (100k+)
E00450,115000,10,3,5,High (100k+)
E00451,176000,15,4,7,High (100k+)
E00452,195000,5,4,7,High (100k+)
E00453,102000,10,3,7,High (100k+)
E00454,104000,0,3,8,High (100k+)
E00455,133500,0,4,5,High (100k+)
E00456,87500,10,2,6,Mid (60-100k)
E00457,92500,0,2,7,Mid (60-100k)
E00458,80000,5,5,5,Mid (60-100k)
E00459,129500,5,4,1,High (100k+)
E00460,163500,0,2,7,High (100k+)
E00461,55500,20,3,5,Low (<60k)
E00462,139500,20,2,3,High (100k+)
E00463,165500,0,5,9,High (100k+)
E00464,95000,20,5,4,Mid (60-100k)
E00465,81000,10,3,7,Mid (60-100k)
E00466,92500,20,2,6,Mid (60-100k)
E00467,159000,5,4,7,High (100k+)
E00468,95000,5,4,8,Mid (60-100k)
E00469,121500,5,4,5,High (100k+)
E00470,99000,0,2,5,Mid (60-100k)
E00471,143500,5,3,10,High (100k+)
E00472,177000,10,2,6,High (100k+)
E00473,67000,0,1,7,Mid (60-100k)
E00474,82500,20,3,4,Mid (60-100k)
E00475,113000,0,4,6,High (100k+)
E00476,145000,5,4,7,High (100k+)
E00477,55000,5,5,6,Low (<60k)
E00478,83000,15,4,8,Mid (60-100k)
E00479,90500,0,4,5,Mid (60-100k)
E00480,86000,0,4,8,Mid (60-100k)
E00481,211000,0,1,5,High (100k+)
E00482,171000,5,3,9,High (100k+)
E00483,74500,5,5,4,Mid (60-100k)
E00484,67000,10,3,6,Mid (60-100k)
E00485,170500,10,5,6,High (100k+)
E00486,116000,0,3,7,High (100k+)
E00487,117500,0,5,7,High (100k+)
E00488,285000,10,4,5,High (100k+)
E00489,81500,0,4,10,Mid (60-100k)
E00490,129500,20,2,7,High (100k+)
E00491,92000,10,4,5,Mid (60-100k)
E00492,50000,5,5,7,Low (<60k)
E00493,71000,0,3,5,Mid (60-100k)
E00494,85500,10,3,10,Mid (60-100k)
E00495,79000,0,5,4,Mid (60-100k)
E00496,69500,0,5,6,Mid (60-100k)
E00497,111000,5,4,6,High (100k+)
E00498,139500,10,5,5,High (100k+)
E00499,81000,0,3,4,Mid (60-100k)
E00500,116000,15,4,7,High (100k+)
E00501,166500,0,4,6,High (100k+)
E00502,103500,5,3,5,High (100k+)
E00503,73500,0,4,7,Mid (60-100k)
E00504,182500,15,5,7,High (100k+)
E00505,246500,0,3,5,High (100k+)
E00506,88000,5,4,7,Mid (60-100k)
E00507,69000,15,4,6,Mid (60-100k)
E00508,74000,5,3,7,Mid (60-100k)
E00509,228500,5,4,7,High (100k+)
E00510,142000,15,3,6,High (100k+)
E00511,177500,15,3,8,High (100k+)
E00512,108000,15,4,5,High (100k+)
E00513,137500,20,4,5,High (100k+)
E00514,153000,15,5,8,High (100k+)
E00515,80500,0,4,4,Mid (60-100k)
E00516,104500,5,4,6,High (100k+)
E00517,50500,0,4,9,Low (<60k)
E00518,129500,20,5,10,High (100k+)
E00519,144500,20,4,7,High (100k+)
E00520,59500,15,3,7,Low (<60k)
E00521,100500,0,4,6,High (100k+)
E00522,123500,0,5,6,High (100k+)
E00523,99500,10,3,9,Mid (60-100k)
E00524,82000,5,5,3,Mid (60-100k)
E00525,121000,5,3,3,High (100k+)
E00526,63500,5,2,10,Mid (60-100k)
E00527,57000,10,3,5,Low (<60k)
E00528,104000,10,2,5,High (100k+)
E00529,83000,0,3,4,Mid (60-100k)
E00530,76500,0,3,5,Mid (60-100k)
E00531,162000,5,3,5,High (100k+)
E00532,96000,0,2,10,Mid (60-100k)
E00533,87000,0,4,6,Mid (60-100k)
E00534,91000,0,2,5,Mid (60-100k)
E00535,80000,0,1,8,Mid (60-100k)
E00536,117500,10,3,5,High (100k+)
E00537,150500,0,4,3,High (100k+)
E00538,123500,0,5,4,High (100k+)
E00539,157000,0,3,6,High (100k+)
E00540,139500,0,4,5,High (100k+)
E00541,138000,0,4,6,High (100k+)
E00542,114000,5,4,5,High (100k+)
E00543,95000,10,4,8,Mid (60-100k)
E00544,124000,15,3,3,High (100k+)
E00545,102500,10,3,7,High (100k+)
E00546,92000,5,3,4,Mid (60-100k)
E00547,79500,5,5,5,Mid (60-100k)
E00548,133000,0,4,5,High (100k+)
E00549,104000,20,3,7,High (100k+)
E00550,109000,5,4,3,High (100k+)
E00551,68500,0,3,8,Mid (60-100k)
E00552,103000,0,4,9,High (100k+)
E00553,83500,10,5,8,Mid (60-100k)
E00554,235500,0,5,5,High (100k+)
E00555,68000,10,5,6,Mid (60-100k)
E00556,103500,0,5,7,High (100k+)
E00557,122000,5,4,7,High (100k+)
E00558,123000,5,3,6,High (100k+)
E00559,86500,5,3,4,Mid (60-100k)
E00560,162500,20,3,4,High (100k+)
E00561,67000,0,4,6,Mid (60-100k)
E00562,126000,0,3,8,High (100k+)
E00563,144500,20,4,2,High (100k+)
E00564,106500,0,5,5,High (100k+)
E00565,175500,10,5,5,High (100k+)
E00566,100000,10,4,8,High (100k+)
E00567,74500,10,4,4,Mid (60-100k)
E00568,112500,0,3,6,High (100k+)
E00569,97500,10,5,8,Mid (60-100k)
E00570,126500,0,4,3,High (100k+)
E00571,106000,10,5,6,High (100k+)
E00572,125500,5,5,6,High (100k+)
E00573,65500,5,5,4,Mid (60-100k)
E00574,47500,10,4,9,Low (<60k)
E00575,64500,0,4,5,Mid (60-100k)
E00576,68500,5,4,7,Mid (60-100k)
E00577,93500,5,4,6,Mid (60-100k)
E00578,99000,10,4,6,Mid (60-100k)
E00579,83000,10,2,5,Mid (60-100k)
E00580,156500,0,2,9,High (100k+)
E00581,114500,20,3,4,High (100k+)
E00582,238500,0,5,6,High (100k+)
E00583,129000,10,3,5,High (100k+)
E00584,59500,15,4,6,Low (<60k)
E00585,119000,15,3,5,High (100k+)
E00586,126000,0,4,4,High (100k+)
E00587,269000,5,3,9,High (100k+)
E00588,65000,0,4,6,Mid (60-100k)
E00589,77000,0,4,8,Mid (60-100k)
E00590,175500,0,4,5,High (100k+)
E00591,122000,20,4,8,High (100k+)
E00592,77000,5,4,7,Mid (60-100k)
E00593,81500,15,4,6,Mid (60-100k)
E00594,174000,0,3,5,High (100k+)
E00595,51000,0,3,7,Low (<60k)
E00596,69500,0,3,5,Mid (60-100k)
E00597,114000,0,4,6,High (100k+)
E00598,107500,15,4,5,High (100k+)
E00599,163000,5,3,9,High (100k+)
E00600,56000,10,4,8,Low (<60k)
E00601,152500,0,3,7,High (100k+)
E00602,101500,0,4,7,High (100k+)
E00603,190000,10,4,6,High (100k+)
E00604,66000,15,3,8,Mid (60-100k)
E00605,57000,5,4,5,Low (<60k)
E00606,180000,10,4,4,High (100k+)
E00607,93000,5,4,4,Mid (60-100k)
E00608,202000,5,4,7,High (100k+)
E00609,141000,10,4,5,High (100k+)
E00610,63000,0,4,7,Mid (60-100k)
E00611,146500,0,4,9,High (100k+)
E00612,139000,10,5,4,High (100k+)
E00613,199000,20,4,6,High (100k+)
E00614,78000,5,4,6,Mid (60-100k)
E00615,115500,5,4,3,High (100k+)
E00616,132000,0,4,6,High (100k+)
E00617,95000,10,5,6,Mid (60-100k)
E00618,137500,5,4,8,High (100k+)
E00619,367000,0,2,3,High (100k+)
E00620,112500,0,3,6,High (100k+)
E00621,94000,10,4,6,Mid (60-100k)
E00622,57500,5,3,10,Low (<60k)
E00623,134500,0,3,4,High (100k+)
E00624,62500,5,5,7,Mid (60-100k)
E00625,129500,0,2,6,High (100k+)
E00626,133500,10,3,5,High (100k+)
E00627,93000,0,4,4,Mid (60-100k)
E00628,137500,20,3,6,High (100k+)
E00629,144500,10,3,5,High (100k+)
E00630,93000,15,3,5,Mid (60-100k)
E00631,76000,0,3,9,Mid (60-100k)
E00632,82000,10,2,3,Mid (60-100k)
E00633,115500,15,4,3,High (100k+)
E00634,98500,10,3,6,Mid (60-100k)
E00635,111000,10,3,9,High (100k+)
E00636,108500,0,4,6,High (100k+)
E00637,79000,15,4,4,Mid (60-100k)
E00638,113000,10,4,8,High (100k+)
E00639,86500,0,3,7,Mid (60-100k)
E00640,97500,0,3,8,Mid (60-100k)
E00641,121000,0,5,6,High (100k+)
E00642,130500,5,2,6,High (100k+)
E00643,120500,0,5,8,High (100k+)
E00644,118500,5,4,9,High (100k+)
E00645,82500,0,4,7,Mid (60-100k)
E00646,101000,5,3,8,High (100k+)
E00647,52500,15,4,7,Low (<60k)
E00648,80500,5,4,9,Mid (60-100k)
E00649,73500,20,2,6,Mid (60-100k)
E00650,104500,0,3,5,High (100k+)
E00651,68000,15,5,10,Mid (60-100k)
E00652,166000,15,2,8,High (100k+)
E00653,134000,5,4,4,High (100k+)
E00654,70000,5,2,6,Mid (60-100k)
E00655,71000,10,2,1,Mid (60-100k)
E00656,72500,0,2,5,Mid (60-100k)
E00657,93000,0,4,10,Mid (60-100k)
E00658,100500,0,3,6,High (100k+)
E00659,167500,15,3,5,High (100k+)
E00660,247500,20,3,3,High (100k+)
E00661,115500,0,5,6,High (100k+)
E00662,98000,10,3,5,Mid (60-100k)
E00663,104000,0,3,6,High (100k+)
E00664,91500,10,5,6,Mid (60-100k)
E00665,81500,0,3,9,Mid (60-100k)
E00666,112500,10,3,7,High (100k+)
E00667,75500,5,3,8,Mid (60-100k)
E00668,65000,0,4,5,Mid (60-100k)
E00669,80500,15,5,9,Mid (60-100k)
E00670,113500,15,5,3,High (100k+)
E00671,66500,0,4,4,Mid (60-100k)
E00672,107000,20,4,7,High (100k+)
E00673,80000,5,5,2,Mid (60-100k)
E00674,45500,5,2,4,Low (<60k)
E00675,110500,0,5,6,High (100k+)
E00676,92500,0,4,5,Mid (60-100k)
E00677,187000,15,4,8,High (100k+)
E00678,70000,0,4,5,Mid (60-100k)
E00679,119000,0,5,5,High (100k+)
E00680,81000,0,1,5,Mid (60-100k)
E00681,186500,0,4,9,High (100k+)
E00682,205000,0,4,7,High (100k+)
E00683,104500,15,4,7,High (100k+)
E00684,110500,5,3,3,High (100k+)
E00685,105000,5,4,6,High (100k+)
E00686,131000,5,4,5,High (100k+)
E00687,136500,5,3,4,High (100k+)
E00688,51000,10,3,6,Low (<60k)
E00689,156500,0,5,10,High (100k+)
E00690,110000,5,2,7,High (100k+)
E00691,180500,5,3,7,High (100k+)
E00692,100000,0,3,7,High (100k+)
E00693,79500,5,3,3,Mid (60-100k)
E00694,122000,5,3,7,High (100k+)
E00695,75500,10,4,4,Mid (60-100k)
E00696,68000,5,3,8,Mid (60-100k)
E00697,73500,15,4,3,Mid (60-100k)
E00698,93000,10,4,7,Mid (60-100k)
E00699,87500,10,3,7,Mid (60-100k)
E00700,102000,0,4,4,High (100k+)
E00701,157000,0,4,7,High (100k+)
E00702,202000,10,4,7,High (100k+)
E00703,77500,10,3,5,Mid (60-100k)
E00704,190000,5,4,3,High (100k+)
E00705,101000,5,4,8,High (100k+)
E00706,77500,5,3,4,Mid (60-100k)
E00707,121500,0,2,5,High (100k+)
E00708,120000,10,3,4,High (100k+)
E00709,81500,0,5,6,Mid (60-100k)
E00710,80000,0,5,5,Mid (60-100k)
E00711,88000,5,3,4,Mid (60-100k)
E00712,99000,0,2,5,Mid (60-100k)
E00713,147000,10,3,6,High (100k+)
E00714,90500,10,5,5,Mid (60-100k)
E00715,94000,0,3,3,Mid (60-100k)
E00716,59500,10,4,4,Low (<60k)
E00717,133000,5,3,9,High (100k+)
E00718,99500,0,3,4,Mid (60-100k)
E00719,167500,15,5,3,High (100k+)
E00720,178500,5,3,6,High (100k+)
E00721,66000,5,5,5,Mid (60-100k)
E00722,169500,5,4,6,High (100k+)
E00723,146000,0,4,7,High (100k+)
E00724,75500,15,4,9,Mid (60-100k)
E00725,82000,10,3,7,Mid (60-100k)
E00726,68000,0,3,6,Mid (60-100k)
E00727,92500,0,4,8,Mid (60-100k)
E00728,92500,0,4,4,Mid (60-100k)
E00729,117500,0,3,7,High (100k+)
E00730,74500,0,4,3,Mid (60-100k)
E00731,67500,0,4,7,Mid (60-100k)
E00732,113000,15,3,4,High (100k+)
E00733,151000,5,4,5,High (100k+)
E00734,128000,0,4,1,High (100k+)
E00735,74000,5,4,5,Mid (60-100k)
E00736,58000,5,4,5,Low (<60k)
E00737,96500,15,3,5,Mid (60-100k)
E00738,81500,0,3,8,Mid (60-100k)
E00739,94000,5,4,7,Mid (60-100k)
E00740,71000,0,4,6,Mid (60-100k)
E00741,132500,0,5,6,High (100k+)
E00742,98000,0,4,1,Mid (60-100k)
E00743,136000,10,5,3,High (100k+)
E00744,88000,5,4,6,Mid (60-100k)
E00745,120000,10,4,7,High (100k+)
E00746,101500,5,5,4,High (100k+)
E00747,51500,0,4,5,Low (<60k)
E00748,78500,0,3,6,Mid (60-100k)
E00749,70000,0,4,10,Mid (60-100k)
E00750,96500,10,4,4,Mid (60-100k)
E00751,156000,15,3,3,High (100k+)
E00752,150000,10,4,6,High (100k+)
E00753,153500,0,3,7,High (100k+)
E00754,82000,15,3,7,Mid (60-100k)
E00755,99000,10,3,6,Mid (60-100k)
E00756,96500,10,4,8,Mid (60-100k)
E00757,149000,5,2,6,High (100k+)
E00758,116000,5,4,5,High (100k+)
E00759,109000,10,5,4,High (100k+)
E00760,117500,15,2,5,High (100k+)
E00761,59500,0,3,3,Low (<60k)
E00762,108000,20,3,4,High (100k+)
E00763,80000,0,3,3,Mid (60-100k)
E00764,54500,5,3,8,Low (<60k)
E00765,84000,5,3,7,Mid (60-100k)
E00766,145500,10,3,6,High (100k+)
E00767,75000,0,2,10,Mid (60-100k)
E00768,76500,0,4,8,Mid (60-100k)
E00769,127500,0,4,7,High (100k+)
E00770,72500,5,3,6,Mid (60-100k)
E00771,180000,10,5,4,High (100k+)
E00772,82000,10,4,6,Mid (60-100k)
E00773,104000,0,4,5,High (100k+)
E00774,47000,0,4,6,Low (<60k)
E00775,153000,5,3,8,High (100k+)
E00776,105500,0,5,6,High (100k+)
E00777,120500,5,3,5,High (100k+)
E00778,103000,5,3,6,High (100k+)
E00779,94000,0,3,6,Mid (60-100k)
E00780,130000,0,5,4,High (100k+)
E00781,142500,0,4,5,High (100k+)
E00782,90500,5,4,8,Mid (60-100k)
E00783,80000,5,4,1,Mid (60-100k)
E00784,87000,5,3,6,Mid (60-100k)
E00785,105000,10,4,8,High (100k+)
E00786,87500,5,3,6,Mid (60-100k)
E00787,101500,0,5,3,High (100k+)
E00788,44000,5,4,5,Low (<60k)
E00789,46000,0,3,6,Low (<60k)
E00790,72000,5,2,6,Mid (60-100k)
E00791,68000,5,5,4,Mid (60-100k)
E00792,93500,0,3,9,Mid (60-100k)
E00793,67000,15,2,7,Mid (60-100k)
E00794,80500,5,5,7,Mid (60-100k)
E00795,165000,15,3,6,High (100k+)
E00796,130000,0,4,6,High (100k+)
E00797,144500,0,3,5,High (100k+)
E00798,119000,0,3,6,High (100k+)
E00799,126500,10,5,9,High (100k+)
E00800,58500,15,4,4,Low (<60k)
E00801,90000,0,5,6,Mid (60-100k)
E00802,111500,10,3,4,High (100k+)
E00803,117500,20,2,6,High (100k+)
E00804,71000,0,3,6,Mid (60-100k)
E00805,168000,0,3,9,High (100k+)
E00806,128500,0,5,4,High (100k+)
E00807,70500,0,3,5,Mid (60-100k)
E00808,73000,0,3,6,Mid (60-100k)
E00809,61000,0,3,5,Mid (60-100k)
E00810,57500,15,3,5,Low (<60k)
E00811,78500,5,3,5,Mid (60-100k)
E00812,205000,10,2,9,High (100k+)
E00813,246500,20,3,7,High (100k+)
E00814,129500,0,5,8,High (100k+)
E00815,106500,10,5,4,High (100k+)
E00816,66500,0,5,5,Mid (60-100k)
E00817,147000,0,3,2,High (100k+)
E00818,104000,15,4,8,High (100k+)
E00819,95000,5,5,5,Mid (60-100k)
E00820,115000,0,4,6,High (100k+)
E00821,71000,20,4,5,Mid (60-100k)
E00822,113000,20,3,9,High (100k+)
E00823,76500,5,2,5,Mid (60-100k)
E00824,156000,0,4,7,High (100k+)
E00825,76500,15,2,2,Mid (60-100k)
E00826,257000,15,5,3,High (100k+)
E00827,132500,10,5,8,High (100k+)
E00828,99500,5,2,3,Mid (60-100k)
E00829,132000,0,5,5,High (100k+)
E00830,77500,0,4,6,Mid (60-100k)
E00831,120500,5,3,4,High (100k+)
E00832,145000,10,3,4,High (100k+)
E00833,106500,0,5,7,High (100k+)
E00834,193500,10,4,6,High (100k+)
E00835,89500,0,2,5,Mid (60-100k)
E00836,80000,0,5,8,Mid (60-100k)
E00837,192000,20,4,6,High (100k+)
E00838,100500,20,4,6,High (100k+)
E00839,182000,5,5,10,High (100k+)
E00840,72000,10,3,3,Mid (60-100k)
E00841,120000,10,5,1,High (100k+)
E00842,238000,10,5,6,High (100k+)
E00843,165500,0,3,6,High (100k+)
E00844,74000,20,4,2,Mid (60-100k)
E00845,110500,0,3,6,High (100k+)
E00846,122000,0,4,6,High (100k+)
E00847,78000,0,3,6,Mid (60-100k)
E00848,76500,0,4,7,Mid (60-100k)
E00849,106500,0,4,6,High (100k+)
E00850,116500,15,5,6,High (100k+)
E00851,75000,10,3,8,Mid (60-100k)
E00852,164000,10,3,5,High (100k+)
E00853,78500,15,5,4,Mid (60-100k)
E00854,108500,10,2,6,High (100k+)
E00855,111500,5,3,6,High (100k+)
E00856,74000,10,4,5,Mid (60-100k)
E00857,88500,5,4,6,Mid (60-100k)
E00858,113000,5,4,7,High (100k+)
E00859,126000,10,4,5,High (100k+)
E00860,56000,10,4,6,Low (<60k)
E00861,105000,5,3,2,High (100k+)
E00862,155500,0,4,4,High (100k+)
E00863,73000,0,3,5,Mid (60-100k)
E00864,177500,0,4,6,High (100k+)
E00865,85000,0,5,7,Mid (60-100k)
E00866,120500,0,3,6,High (100k+)
E00867,86500,10,4,6,Mid (60-100k)
E00868,182500,0,3,5,High (100k+)
E00869,82500,0,5,6,Mid (60-100k)
E00870,129500,5,4,5,High (100k+)
E00871,143500,0,4,5,High (100k+)
E00872,122000,0,5,5,High (100k+)
E00873,83000,15,3,8,Mid (60-100k)
E00874,97500,0,2,5,Mid (60-100k)
E00875,157500,10,3,8,High (100k+)
E00876,145000,0,2,4,High (100k+)
E00877,115000,20,3,7,High (100k+)
E00878,88500,10,5,6,Mid (60-100k)
E00879,157000,0,3,6,High (100k+)
E00880,103500,0,3,6,High (100k+)
E00881,195000,5,5,5,High (100k+)
E00882,60500,5,4,8,Mid (60-100k)
E00883,99000,5,4,4,Mid (60-100k)
E00884,83000,5,5,4,Mid (60-100k)
E00885,93000,0,5,4,Mid (60-100k)
E00886,112000,0,3,9,High (100k+)
E00887,144500,0,4,8,High (100k+)
E00888,61500,5,5,5,Mid (60-100k)
E00889,121000,15,3,5,High (100k+)
E00890,104000,10,3,5,High (100k+)
E00891,150500,0,5,5,High (100k+)
E00892,79000,20,4,7,Mid (60-100k)
E00893,130500,0,4,6,High (100k+)
E00894,112500,10,4,10,High (100k+)
E00895,82000,0,5,8,Mid (60-100k)
E00896,113000,0,4,6,High (100k+)
E00897,46500,15,4,5,Low (<60k)
E00898,199000,15,3,3,High (100k+)
E00899,69000,15,3,6,Mid (60-100k)
E00900,111500,0,4,8,High (100k+)
E00901,68000,0,5,5,Mid (60-100k)
E00902,83000,0,5,7,Mid (60-100k)
E00903,156500,15,3,4,High (100k+)
E00904,154500,0,1,3,High (100k+)
E00905,51000,0,4,6,Low (<60k)
E00906,63000,0,5,3,Mid (60-100k)
E00907,145500,5,4,6,High (100k+)
E00908,161000,15,4,6,High (100k+)
E00909,77000,5,3,9,Mid (60-100k)
E00910,160500,5,4,7,High (100k+)
E00911,179000,0,3,5,High (100k+)
E00912,79000,0,3,8,Mid (60-100k)
E00913,136500,10,4,7,High (100k+)
E00914,164000,5,4,6,High (100k+)
E00915,63000,15,3,9,Mid (60-100k)
E00916,168500,10,4,5,High (100k+)
E00917,134000,0,4,9,High (100k+)
E00918,106500,5,5,6,High (100k+)
E00919,150000,0,4,3,High (100k+)
E00920,183000,10,4,6,High (100k+)
E00921,180500,5,5,5,High (100k+)
E00922,81000,10,3,5,Mid (60-100k)
E00923,165000,5,5,6,High (100k+)
E00924,117500,20,4,4,High (100k+)
E00925,112000,5,2,7,High (100k+)
E00926,65500,0,4,5,Mid (60-100k)
E00927,120500,5,3,6,High (100k+)
E00928,57500,0,3,7,Low (<60k)
E00929,95500,15,3,7,Mid (60-100k)
E00930,64500,15,4,6,Mid (60-100k)
E00931,83500,10,5,7,Mid (60-100k)
E00932,147500,0,3,9,High (100k+)
E00933,93000,0,2,8,Mid (60-100k)
E00934,129000,10,2,5,High (100k+)
E00935,71000,5,3,8,Mid (60-100k)
E00936,55000,0,4,7,Low (<60k)
E00937,162500,0,5,6,High (100k+)
E00938,72000,20,3,4,Mid (60-100k)
E00939,132500,10,2,7,High (100k+)
E00940,61000,5,4,4,Mid (60-100k)
E00941,140000,10,3,6,High (100k+)
E00942,122000,0,2,7,High (100k+)
E00943,110500,0,3,8,High (100k+)
E00944,244500,5,2,9,High (100k+)
E00945,129500,5,4,3,High (100k+)
E00946,59000,5,4,7,Low (<60k)
E00947,162000,15,5,8,High (100k+)
E00948,116000,5,3,6,High (100k+)
E00949,68000,0,4,4,Mid (60-100k)
E00950,157000,0,4,6,High (100k+)
E00951,105000,5,4,4,High (100k+)
E00952,63500,10,5,5,Mid (60-100k)
E00953,176500,5,3,6,High (100k+)
E00954,66500,0,4,7,Mid (60-100k)
E00955,69500,5,1,6,Mid (60-100k)
E00956,166000,5,2,5,High (100k+)
E00957,88500,5,4,8,Mid (60-100k)
E00958,151000,10,4,6,High (100k+)
E00959,52000,0,4,6,Low (<60k)
E00960,94500,5,3,6,Mid (60-100k)
E00961,82500,5,3,8,Mid (60-100k)
E00962,112500,0,4,7,High (100k+)
E00963,86500,0,1,7,Mid (60-100k)
E00964,135500,0,3,3,High (100k+)
E00965,97000,10,3,9,Mid (60-100k)
E00966,91500,0,3,1,Mid (60-100k)
E00967,51000,0,2,9,Low (<60k)
E00968,92000,0,3,5,Mid (60-100k)
E00969,165500,5,2,8,High (100k+)
E00970,105000,0,5,6,High (100k+)
E00971,91000,0,4,6,Mid (60-100k)
E00972,78500,15,5,4,Mid (60-100k)
E00973,136500,5,3,7,High (100k+)
E00974,257000,0,4,8,High (100k+)
E00975,130000,0,4,7,High (100k+)
E00976,102500,20,3,8,High (100k+)
E00977,76500,0,3,2,Mid (60-100k)
E00978,60500,15,3,7,Mid (60-100k)
E00979,74500,0,4,7,Mid (60-100k)
E00980,146000,10,4,6,High (100k+)
E00981,157000,10,2,6,High (100k+)
E00982,136000,0,3,8,High (100k+)
E00983,138500,5,5,6,High (100k+)
E00984,110000,10,2,8,High (100k+)
E00985,184500,0,4,6,High (100k+)
E00986,76000,5,3,6,Mid (60-100k)
E00987,101000,0,2,6,High (100k+)
E00988,110500,10,5,6,High (100k+)
E00989,100000,10,4,5,High (100k+)
E00990,93000,10,4,6,Mid (60-100k)
E00991,175500,5,5,7,High (100k+)
E00992,82000,10,4,1,Mid (60-100k)
E00993,106500,20,4,7,High (100k+)
E00994,87500,0,3,2,Mid (60-100k)
E00995,135500,5,3,6,High (100k+)
E00996,83500,0,3,6,Mid (60-100k)
E00997,79500,10,4,7,Mid (60-100k)
E00998,160000,10,5,7,High (100k+)
E00999,174000,10,5,7,High (100k+)
E01000,188000,5,4,6,High (100k+)
E01001,75000,0,4,3,Mid (60-100k)
E01002,81000,0,4,7,Mid (60-100k)
E01003,110500,5,4,4,High (100k+)
E01004,81000,20,4,9,Mid (60-100k)
E01005,148500,0,3,2,High (100k+)
E01006,147500,0,4,6,High (100k+)
E01007,108000,10,3,3,High (100k+)
E01008,78500,10,3,5,Mid (60-100k)
E01009,165500,15,4,5,High (100k+)
E01010,80500,5,3,6,Mid (60-100k)
E01011,71000,5,5,10,Mid (60-100k)
E01012,90500,15,5,6,Mid (60-100k)
E01013,210500,0,4,7,High (100k+)
E01014,84000,5,3,4,Mid (60-100k)
E01015,61000,0,4,4,Mid (60-100k)
E01016,218000,5,1,7,High (100k+)
E01017,139000,15,2,5,High (100k+)
E01018,159000,10,4,5,High (100k+)
E01019,124000,15,3,4,High (100k+)
E01020,106500,0,5,6,High (100k+)
E01021,142500,0,4,6,High (100k+)
E01022,121500,0,4,5,High (100k+)
E01023,139500,10,3,6,High (100k+)
E01024,88500,5,4,9,Mid (60-100k)
E01025,125500,15,3,6,High (100k+)
E01026,63000,0,4,8,Mid (60-100k)
E01027,184500,15,3,8,High (100k+)
E01028,155500,10,4,6,High (100k+)
E01029,60000,0,3,5,Mid (60-100k)
E01030,158500,10,3,3,High (100k+)
E01031,66000,0,4,5,Mid (60-100k)
E01032,109000,10,4,5,High (100k+)
E01033,87500,0,2,4,Mid (60-100k)
E01034,170000,15,3,6,High (100k+)
E01035,73500,0,3,6,Mid (60-100k)
E01036,73000,5,4,6,Mid (60-100k)
E01037,135000,5,5,7,High (100k+)
E01038,98000,20,3,10,Mid (60-100k)
E01039,85500,5,3,5,Mid (60-100k)
E01040,87500,15,3,6,Mid (60-100k)
E01041,94000,10,3,8,Mid (60-100k)
E01042,98000,0,5,7,Mid (60-100k)
E01043,64000,0,3,9,Mid (60-100k)
E01044,58500,0,4,6,Low (<60k)
E01045,116000,0,3,4,High (100k+)
E01046,65000,5,3,6,Mid (60-100k)
E01047,80000,0,3,5,Mid (60-100k)
E01048,65000,0,4,6,Mid (60-100k)
E01049,100000,15,3,7,High (100k+)
E01050,100500,10,4,7,High (100k+)
E01051,189000,5,4,6,High (100k+)
E01052,158000,0,5,7,High (100k+)
E01053,164500,0,2,4,High (100k+)
E01054,110500,0,5,8,High (100k+)
E01055,141500,0,4,6,High (100k+)
E01056,118000,0,5,8,High (100k+)
E01057,91500,10,4,6,Mid (60-100k)
E01058,125500,10,4,6,High (100k+)
E01059,112500,0,3,5,High (100k+)
E01060,101500,20,4,6,High (100k+)
E01061,99500,15,4,6,Mid (60-100k)
E01062,63000,10,4,5,Mid (60-100k)
E01063,112000,10,3,7,High (100k+)
E01064,53000,0,5,6,Low (<60k)
E01065,87000,5,3,6,Mid (60-100k)
E01066,86500,10,5,6,Mid (60-100k)
E01067,108000,5,4,5,High (100k+)
E01068,96500,0,4,8,Mid (60-100k)
E01069,252500,0,4,6,High (100k+)
E01070,75000,15,5,8,Mid (60-100k)
E01071,58000,10,5,6,Low (<60k)
E01072,96000,5,5,9,Mid (60-100k)
E01073,160000,0,3,5,High (100k+)
E01074,58500,10,4,10,Low (<60k)
E01075,181500,5,5,5,High (100k+)
E01076,62500,10,4,7,Mid (60-100k)
E01077,124000,5,3,9,High (100k+)
E01078,96500,5,3,6,Mid (60-100k)
E01079,116500,5,4,4,High (100k+)
E01080,130500,5,4,5,High (100k+)
E01081,77500,0,5,9,Mid (60-100k)
E01082,132500,0,4,6,High (100k+)
E01083,111500,5,5,5,High (100k+)
E01084,122500,15,3,4,High (100k+)
E01085,98500,0,4,4,Mid (60-100k)
E01086,108500,15,5,6,High (100k+)
E01087,52500,0,3,6,Low (<60k)
E01088,90000,0,3,4,Mid (60-100k)
E01089,126500,5,3,7,High (100k+)
E01090,242500,5,5,6,High (100k+)
E01091,137000,15,4,10,High (100k+)
E01092,74000,0,3,6,Mid (60-100k)
E01093,137000,0,4,6,High (100k+)
E01094,96500,5,3,5,Mid (60-100k)
E01095,216500,0,4,5,High (100k+)
E01096,166000,5,5,8,High (100k+)
E01097,147500,0,5,2,High (100k+)
E01098,106000,15,3,6,High (100k+)
E01099,57500,0,3,5,Low (<60k)
E01100,82000,15,4,9,Mid (60-100k)
E01101,95000,0,3,3,Mid (60-100k)
E01102,114000,0,5,6,High (100k+)
E01103,80500,0,3,3,Mid (60-100k)
E01104,69000,20,4,10,Mid (60-100k)
E01105,56500,0,2,7,Low (<60k)
E01106,110500,5,2,3,High (100k+)
E01107,96500,0,4,8,Mid (60-100k)
E01108,88500,20,5,6,Mid (60-100k)
E01109,153000,0,3,6,High (100k+)
E01110,120000,10,4,7,High (100k+)
E01111,85500,5,4,6,Mid (60-100k)
E01112,127500,5,4,4,High (100k+)
E01113,160500,20,2,3,High (100k+)
E01114,85000,5,3,6,Mid (60-100k)
E01115,113500,0,3,7,High (100k+)
E01116,94500,0,5,9,Mid (60-100k)
E01117,138500,10,3,6,High (100k+)
E01118,183000,5,3,9,High (100k+)
E01119,246500,0,4,9,High (100k+)
E01120,49500,5,4,6,Low (<60k)
E01121,183500,0,3,5,High (100k+)
E01122,185500,0,3,6,High (100k+)
E01123,158000,15,3,8,High (100k+)
E01124,112500,0,4,10,High (100k+)
E01125,89000,0,5,5,Mid (60-100k)
E01126,111500,10,5,5,High (100k+)
E01127,137500,15,3,7,High (100k+)
E01128,104500,0,4,4,High (100k+)
E01129,89000,10,3,9,Mid (60-100k)
E01130,91500,0,3,5,Mid (60-100k)
E01131,49500,0,3,7,Low (<60k)
E01132,114500,5,5,6,High (100k+)
E01133,146000,0,2,7,High (100k+)
E01134,65500,0,2,4,Mid (60-100k)
E01135,74000,10,4,5,Mid (60-100k)
E01136,49500,10,4,5,Low (<60k)
E01137,78500,5,5,9,Mid (60-100k)
E01138,123500,5,3,6,High (100k+)
E01139,138500,0,2,6,High (100k+)
E01140,116000,20,3,8,High (100k+)
E01141,135000,5,5,3,High (100k+)
E01142,70500,5,1,7,Mid (60-100k)
E01143,133500,20,1,3,High (100k+)
E01144,84500,20,3,5,Mid (60-100k)
E01145,65500,5,5,9,Mid (60-100k)
E01146,135000,0,3,8,High (100k+)
E01147,128500,5,3,4,High (100k+)
E01148,112000,5,5,6,High (100k+)
E01149,100500,10,5,7,High (100k+)
E01150,153000,0,1,8,High (100k+)
E01151,226500,5,3,7,High (100k+)
E01152,103000,5,2,6,High (100k+)
E01153,100000,5,4,4,High (100k+)
E01154,60500,10,1,6,Mid (60-100k)
E01155,227000,0,3,8,High (100k+)
E01156,109000,0,2,7,High (100k+)
E01157,100500,20,4,6,High (100k+)
E01158,135000,15,2,9,High (100k+)
E01159,182000,5,4,6,High (100k+)
E01160,116000,10,5,6,High (100k+)
E01161,187000,0,4,6,High (100k+)
E01162,91500,0,4,7,Mid (60-100k)
E01163,171500,0,4,7,High (100k+)
E01164,188000,0,3,8,High (100k+)
E01165,100000,20,3,6,High (100k+)
E01166,91000,15,4,8,Mid (60-100k)
E01167,63000,10,5,6,Mid (60-100k)
E01168,200500,10,4,6,High (100k+)
E01169,119000,0,4,5,High (100k+)
E01170,152500,10,3,5,High (100k+)
E01171,91000,5,4,8,Mid (60-100k)
E01172,124000,5,3,3,High (100k+)
E01173,119500,0,4,3,High (100k+)
E01174,114500,15,4,4,High (100k+)
E01175,131500,5,4,6,High (100k+)
E01176,81000,15,3,7,Mid (60-100k)
E01177,103500,10,3,2,High (100k+)
E01178,95500,10,4,6,Mid (60-100k)
E01179,123000,10,4,6,High (100k+)
E01180,102500,10,5,3,High (100k+)
E01181,151000,5,5,8,High (100k+)
E01182,119000,10,4,2,High (100k+)
E01183,159000,0,4,8,High (100k+)
E01184,87500,5,4,7,Mid (60-100k)
E01185,84500,10,4,3,Mid (60-100k)
E01186,82000,0,3,7,Mid (60-100k)
E01187,114000,10,4,8,High (100k+)
E01188,192500,10,3,5,High (100k+)
E01189,116000,0,3,6,High (100k+)
E01190,144500,0,5,5,High (100k+)
E01191,161000,0,4,5,High (100k+)
E01192,69500,10,3,4,Mid (60-100k)
E01193,87000,0,3,10,Mid (60-100k)
E01194,133500,5,1,5,High (100k+)
E01195,70000,0,3,5,Mid (60-100k)
E01196,143000,10,1,10,High (100k+)
E01197,95500,15,3,4,Mid (60-100k)
E01198,65000,0,5,7,Mid (60-100k)
E01199,106000,5,3,5,High (100k+)
E01200,76000,10,5,6,Mid (60-100k)
E01201,113000,0,3,4,High (100k+)
E01202,126500,0,3,8,High (100k+)
E01203,62000,0,2,3,Mid (60-100k)
E01204,89000,0,3,3,Mid (60-100k)
E01205,119500,0,1,6,High (100k+)
E01206,88000,10,4,7,Mid (60-100k)
E01207,178500,0,4,7,High (100k+)
E01208,82500,10,3,5,Mid (60-100k)
E01209,177500,0,2,8,High (100k+)
E01210,139500,5,4,4,High (100k+)
E01211,89500,0,4,5,Mid (60-100k)
E01212,67000,0,3,9,Mid (60-100k)
E01213,150000,0,4,7,High (100k+)
E01214,113000,0,3,6,High (100k+)
E01215,109000,5,3,6,High (100k+)
E01216,84500,0,4,6,Mid (60-100k)
E01217,92500,0,5,6,Mid (60-100k)
E01218,91000,10,3,2,Mid (60-100k)
E01219,131500,0,2,8,High (100k+)
E01220,119000,10,2,7,High (100k+)
E01221,145500,15,5,5,High (100k+)
E01222,96500,5,4,4,Mid (60-100k)
E01223,178500,5,4,6,High (100k+)
E01224,200000,10,4,8,High (100k+)
E01225,108500,10,3,4,High (100k+)
E01226,156000,5,4,4,High (100k+)
E01227,114500,5,5,5,High (100k+)
E01228,230000,0,5,5,High (100k+)
E01229,124000,5,4,3,High (100k+)
E01230,306000,5,4,8,High (100k+)
E01231,149000,0,4,8,High (100k+)
E01232,68500,0,4,4,Mid (60-100k)
E01233,105000,0,4,7,High (100k+)
E01234,91000,5,5,7,Mid (60-100k)
E01235,128000,0,4,7,High (100k+)
E01236,84500,10,4,6,Mid (60-100k)
E01237,53500,10,4,4,Low (<60k)
E01238,152500,10,4,3,High (100k+)
E01239,144500,5,4,6,High (100k+)
E01240,124500,10,3,3,High (100k+)
E01241,87500,0,5,8,Mid (60-100k)
E01242,212500,0,3,6,High (100k+)
E01243,80000,0,5,7,Mid (60-100k)
E01244,62000,0,3,4,Mid (60-100k)
E01245,60000,5,4,6,Mid (60-100k)
E01246,97000,10,3,6,Mid (60-100k)
E01247,95500,0,2,5,Mid (60-100k)
E01248,57000,0,4,8,Low (<60k)
E01249,106000,10,3,8,High (100k+)
E01250,167500,0,4,6,High (100k+)
E01251,92500,5,5,4,Mid (60-100k)
E01252,65500,20,4,5,Mid (60-100k)
E01253,74000,10,3,7,Mid (60-100k)
E01254,96000,5,3,10,Mid (60-100k)
E01255,79000,5,2,6,Mid (60-100k)
E01256,83000,0,2,7,Mid (60-100k)
E01257,107500,5,3,6,High (100k+)
E01258,180000,0,4,5,High (100k+)
E01259,89000,5,4,5,Mid (60-100k)
E01260,75000,0,4,8,Mid (60-100k)
E01261,87500,10,1,3,Mid (60-100k)
E01262,104000,5,1,5,High (100k+)
E01263,69500,5,2,6,Mid (60-100k)
E01264,66000,0,3,5,Mid (60-100k)
E01265,96000,0,5,9,Mid (60-100k)
E01266,130000,10,4,8,High (100k+)
E01267,83500,5,3,4,Mid (60-100k)
E01268,127000,5,5,6,High (100k+)
E01269,66500,0,2,7,Mid (60-100k)
E01270,52500,15,3,4,Low (<60k)
E01271,129000,15,4,4,High (100k+)
E01272,168500,10,5,6,High (100k+)
E01273,66500,0,4,5,Mid (60-100k)
E01274,128500,0,3,10,High (100k+)
E01275,69500,15,3,7,Mid (60-100k)
E01276,120500,0,4,10,High (100k+)
E01277,192500,10,3,5,High (100k+)
E01278,61500,10,3,3,Mid (60-100k)
E01279,156500,0,4,7,High (100k+)
E01280,89500,0,4,5,Mid (60-100k)
E01281,57500,0,5,6,Low (<60k)
E01282,85000,10,4,3,Mid (60-100k)
E01283,128500,5,3,6,High (100k+)
E01284,69000,10,3,7,Mid (60-100k)
E01285,148000,15,3,9,High (100k+)
E01286,113500,10,5,7,High (100k+)
E01287,100500,0,3,7,High (100k+)
E01288,79500,5,3,8,Mid (60-100k)
E01289,112000,0,5,7,High (100k+)
E01290,58500,10,3,9,Low (<60k)
E01291,210500,15,4,7,High (100k+)
E01292,53500,0,2,6,Low (<60k)
E01293,92500,0,5,7,Mid (60-100k)
E01294,243000,5,3,10,High (100k+)
E01295,138000,5,4,6,High (100k+)
E01296,168000,20,3,7,High (100k+)
E01297,111000,15,4,4,High (100k+)
E01298,116000,0,4,8,High (100k+)
E01299,141000,0,5,10,High (100k+)
E01300,57000,10,4,5,Low (<60k)
E01301,92000,0,3,9,Mid (60-100k)
E01302,82500,0,5,10,Mid (60-100k)
E01303,84000,5,5,5,Mid (60-100k)
E01304,125000,0,3,5,High (100k+)
E01305,41000,0,3,7,Low (<60k)
E01306,71000,5,4,10,Mid (60-100k)
E01307,111500,10,3,7,High (100k+)
E01308,158500,5,3,5,High (100k+)
E01309,118000,10,5,6,High (100k+)
E01310,71000,15,3,5,Mid (60-100k)
E01311,156000,5,4,3,High (100k+)
E01312,114000,5,5,3,High (100k+)
E01313,91500,0,4,6,Mid (60-100k)
E01314,112000,5,3,7,High (100k+)
E01315,110500,15,3,7,High (100k+)
E01316,154000,0,2,6,High (100k+)
E01317,67500,15,4,7,Mid (60-100k)
E01318,105500,0,5,6,High (100k+)
E01319,73500,0,2,8,Mid (60-100k)
E01320,92500,0,3,6,Mid (60-100k)
E01321,80500,5,3,7,Mid (60-100k)
E01322,113000,0,4,4,High (100k+)
E01323,57000,0,5,6,Low (<60k)
E01324,71000,10,4,4,Mid (60-100k)
E01325,146000,0,4,4,High (100k+)
E01326,116500,0,3,8,High (100k+)
E01327,108000,0,3,5,High (100k+)
E01328,60500,0,4,5,Mid (60-100k)
E01329,150000,0,5,6,High (100k+)
E01330,126000,0,3,5,High (100k+)
E01331,108500,10,3,1,High (100k+)
E01332,47500,5,4,8,Low (<60k)
E01333,68500,0,4,10,Mid (60-100k)
E01334,74000,0,3,4,Mid (60-100k)
E01335,103500,15,4,6,High (100k+)
E01336,92000,5,4,5,Mid (60-100k)
E01337,134500,5,1,7,High (100k+)
E01338,108000,15,3,6,High (100k+)
E01339,91500,0,4,7,Mid (60-100k)
E01340,124000,5,4,6,High (100k+)
E01341,94500,0,3,9,Mid (60-100k)
E01342,105000,5,4,6,High (100k+)
E01343,92000,5,4,6,Mid (60-100k)
E01344,171000,5,4,6,High (100k+)
E01345,95500,5,4,8,Mid (60-100k)
E01346,108000,15,3,9,High (100k+)
E01347,135000,10,3,5,High (100k+)
E01348,65000,0,3,6,Mid (60-100k)
E01349,123500,15,3,3,High (100k+)
E01350,181500,5,3,7,High (100k+)
E01351,129500,5,4,5,High (100k+)
E01352,117000,10,4,8,High (100k+)
E01353,101500,15,3,6,High (100k+)
E01354,79000,0,4,7,Mid (60-100k)
E01355,76500,10,3,4,Mid (60-100k)
E01356,121500,15,4,7,High (100k+)
E01357,76000,15,5,7,Mid (60-100k)
E01358,159500,0,3,6,High (100k+)
E01359,77000,15,3,7,Mid (60-100k)
E01360,69500,5,5,5,Mid (60-100k)
E01361,92500,10,4,4,Mid (60-100k)
E01362,63000,5,3,5,Mid (60-100k)
E01363,120500,10,4,6,High (100k+)
E01364,146500,5,2,6,High (100k+)
E01365,56000,5,4,3,Low (<60k)
E01366,76000,5,4,8,Mid (60-100k)
E01367,305500,5,3,6,High (100k+)
E01368,62500,15,3,7,Mid (60-100k)
E01369,80000,0,3,9,Mid (60-100k)
E01370,116000,0,3,7,High (100k+)
E01371,96000,5,4,4,Mid (60-100k)
E01372,189000,0,2,6,High (100k+)
E01373,211500,0,1,10,High (100k+)
E01374,136500,0,3,5,High (100k+)
E01375,117000,0,4,6,High (100k+)
E01376,76500,20,3,6,Mid (60-100k)
E01377,83500,15,4,6,Mid (60-100k)
E01378,64500,10,3,6,Mid (60-100k)
E01379,85500,0,3,7,Mid (60-100k)
E01380,193500,5,4,7,High (100k+)
E01381,81500,5,3,3,Mid (60-100k)
E01382,151000,5,3,7,High (100k+)
E01383,135000,0,2,5,High (100k+)
E01384,82500,10,4,6,Mid (60-100k)
E01385,83000,0,4,4,Mid (60-100k)
E01386,54000,15,3,4,Low (<60k)
E01387,165500,10,4,7,High (100k+)
E01388,79000,10,1,7,Mid (60-100k)
E01389,106500,0,3,5,High (100k+)
E01390,59000,0,3,10,Low (<60k)
E01391,74000,0,4,6,Mid (60-100k)
E01392,67000,10,3,7,Mid (60-100k)
E01393,115000,15,5,5,High (100k+)
E01394,86000,10,2,8,Mid (60-100k)
E01395,75000,0,3,7,Mid (60-100k)
E01396,146000,0,3,8,High (100k+)
E01397,151500,5,4,5,High (100k+)
E01398,83500,0,3,6,Mid (60-100k)
E01399,142000,5,4,5,High (100k+)
E01400,55500,0,4,5,Low (<60k)
E01401,63000,0,3,5,Mid (60-100k)
E01402,113500,20,5,4,High (100k+)
E01403,81500,20,4,7,Mid (60-100k)
E01404,93500,0,4,7,Mid (60-100k)
E01405,106500,0,5,3,High (100k+)
E01406,106000,0,3,6,High (100k+)
E01407,105000,0,4,3,High (100k+)
E01408,147000,5,4,9,High (100k+)
E01409,122500,10,2,7,High (100k+)
E01410,175000,5,2,7,High (100k+)
E01411,108000,0,4,6,High (100k+)
E01412,85000,10,1,7,Mid (60-100k)
E01413,59000,10,5,5,Low (<60k)
E01414,195500,10,5,5,High (100k+)
E01415,189000,0,2,8,High (100k+)
E01416,124000,0,4,6,High (100k+)
E01417,80500,10,3,7,Mid (60-100k)
E01418,173500,0,5,7,High (100k+)
E01419,260000,0,4,6,High (100k+)
E01420,75000,0,3,5,Mid (60-100k)
E01421,94500,0,5,7,Mid (60-100k)
E01422,77500,0,3,5,Mid (60-100k)
E01423,83000,5,3,5,Mid (60-100k)
E01424,76500,0,5,5,Mid (60-100k)
E01425,140000,10,3,8,High (100k+)
E01426,139000,0,4,9,High (100k+)
E01427,74500,15,5,8,Mid (60-100k)
E01428,59000,0,4,9,Low (<60k)
E01429,119500,20,3,7,High (100k+)
E01430,70500,0,5,6,Mid (60-100k)
E01431,88000,5,4,9,Mid (60-100k)
E01432,122500,0,3,6,High (100k+)
E01433,118000,5,3,8,High (100k+)
E01434,96000,0,4,8,Mid (60-100k)
E01435,167000,15,4,5,High (100k+)
E01436,120000,0,4,3,High (100k+)
E01437,138000,0,4,6,High (100k+)
E01438,64500,15,4,4,Mid (60-100k)
E01439,139500,0,3,3,High (100k+)
E01440,75000,5,4,7,Mid (60-100k)
E01441,118500,0,2,2,High (100k+)
E01442,126000,0,3,4,High (100k+)
E01443,113500,15,2,4,High (100k+)
E01444,77000,10,3,3,Mid (60-100k)
E01445,97000,5,4,4,Mid (60-100k)
E01446,105000,5,4,6,High (100k+)
E01447,121000,20,3,7,High (100k+)
E01448,68500,0,5,5,Mid (60-100k)
E01449,102500,10,2,6,High (100k+)
E01450,145500,0,5,6,High (100k+)
E01451,85500,0,3,5,Mid (60-100k)
E01452,187500,5,2,8,High (100k+)
E01453,123000,0,5,6,High (100k+)
E01454,251500,20,4,4,High (100k+)
E01455,109500,10,5,8,High (100k+)
E01456,67500,20,5,6,Mid (60-100k)
E01457,121000,10,5,8,High (100k+)
E01458,114000,10,3,6,High (100k+)
E01459,149500,5,5,9,High (100k+)
E01460,178000,0,3,4,High (100k+)
E01461,80500,10,3,6,Mid (60-100k)
E01462,91500,10,4,6,Mid (60-100k)
E01463,88500,0,4,6,Mid (60-100k)
E01464,56500,0,3,4,Low (<60k)
E01465,118500,5,4,7,High (100k+)
E01466,83500,0,4,5,Mid (60-100k)
E01467,134500,0,3,7,High (100k+)
E01468,80000,10,1,4,Mid (60-100k)
E01469,91000,15,3,3,Mid (60-100k)
E01470,60500,0,3,7,Mid (60-100k)
E01471,94000,10,2,6,Mid (60-100k)
E01472,108500,10,4,5,High (100k+)
E01473,66500,20,4,8,Mid (60-100k)
E01474,299500,0,4,7,High (100k+)
E01475,90000,5,3,5,Mid (60-100k)
E01476,94500,5,4,3,Mid (60-100k)
E01477,153500,0,3,10,High (100k+)
E01478,131000,5,4,9,High (100k+)
E01479,269500,10,3,5,High (100k+)
E01480,108500,20,3,9,High (100k+)
E01481,153000,0,2,7,High (100k+)
E01482,64000,15,4,4,Mid (60-100k)
E01483,140000,5,3,2,High (100k+)
E01484,146500,10,4,8,High (100k+)
E01485,53000,5,4,8,Low (<60k)
E01486,139500,5,5,6,High (100k+)
E01487,92500,15,5,7,Mid (60-100k)
E01488,98000,10,3,10,Mid (60-100k)
E01489,90000,0,2,10,Mid (60-100k)
E01490,79500,5,5,5,Mid (60-100k)
E01491,64500,5,3,8,Mid (60-100k)
E01492,149500,0,4,7,High (100k+)
E01493,112500,0,4,8,High (100k+)
E01494,95500,0,2,5,Mid (60-100k)
E01495,184500,15,4,4,High (100k+)
E01496,206500,10,4,6,High (100k+)
E01497,65500,10,4,4,Mid (60-100k)
E01498,156000,5,2,5,High (100k+)
E01499,86500,10,5,4,Mid (60-100k)
E01500,138000,0,5,6,High (100k+)
E01501,98000,10,4,6,Mid (60-100k)
E01502,140000,5,5,8,High (100k+)
E01503,120500,15,3,6,High (100k+)
E01504,116500,0,5,8,High (100k+)
E01505,160500,5,3,5,High (100k+)
E01506,73000,10,3,7,Mid (60-100k)
E01507,108000,0,4,7,High (100k+)
E01508,83500,0,4,6,Mid (60-100k)
E01509,84000,10,3,3,Mid (60-100k)
E01510,101000,15,5,6,High (100k+)
E01511,172500,15,3,6,High (100k+)
E01512,106500,15,3,6,High (100k+)
E01513,135000,0,3,4,High (100k+)
E01514,82500,10,2,5,Mid (60-100k)
E01515,86500,0,5,5,Mid (60-100k)
E01516,185500,0,2,9,High (100k+)
E01517,94000,0,4,9,Mid (60-100k)
E01518,116000,5,4,8,High (100k+)
E01519,76000,5,5,8,Mid (60-100k)
E01520,102500,5,3,5,High (100k+)
E01521,92000,10,3,5,Mid (60-100k)
E01522,112000,5,4,7,High (100k+)
E01523,84000,5,3,6,Mid (60-100k)
E01524,110000,0,3,4,High (100k+)
E01525,82000,0,4,6,Mid (60-100k)
E01526,76000,0,4,9,Mid (60-100k)
E01527,76500,0,5,4,Mid (60-100k)
E01528,89500,0,5,6,Mid (60-100k)
E01529,101500,5,4,5,High (100k+)
E01530,131500,0,4,6,High (100k+)
E01531,81000,10,2,7,Mid (60-100k)
E01532,77500,0,3,4,Mid (60-100k)
E01533,130000,15,4,7,High (100k+)
E01534,283500,0,4,4,High (100k+)
E01535,101500,10,4,6,High (100k+)
E01536,112000,5,4,7,High (100k+)
E01537,122000,15,2,10,High (100k+)
E01538,153500,10,5,6,High (100k+)
E01539,134500,5,5,9,High (100k+)
E01540,66500,15,4,7,Mid (60-100k)
E01541,140500,5,3,5,High (100k+)
E01542,112500,10,5,5,High (100k+)
E01543,64500,10,2,5,Mid (60-100k)
E01544,95000,0,3,8,Mid (60-100k)
E01545,114000,0,3,9,High (100k+)
E01546,158500,0,2,2,High (100k+)
E01547,174500,10,3,7,High (100k+)
E01548,186000,0,4,2,High (100k+)
E01549,78500,5,4,6,Mid (60-100k)
E01550,134000,10,4,4,High (100k+)
E01551,49500,0,2,5,Low (<60k)
E01552,103000,0,3,6,High (100k+)
E01553,48000,0,5,7,Low (<60k)
E01554,227000,10,3,5,High (100k+)
E01555,93500,0,5,9,Mid (60-100k)
E01556,56000,15,3,3,Low (<60k)
E01557,137500,0,4,9,High (100k+)
E01558,58500,0,2,5,Low (<60k)
E01559,72000,20,5,6,Mid (60-100k)
E01560,89500,0,5,5,Mid (60-100k)
E01561,64000,15,3,7,Mid (60-100k)
E01562,102500,0,4,5,High (100k+)
E01563,117500,0,3,6,High (100k+)
E01564,130500,15,3,3,High (100k+)
E01565,109000,5,3,9,High (100k+)
E01566,113000,0,4,2,High (100k+)
E01567,229000,5,4,5,High (100k+)
E01568,72000,20,3,3,Mid (60-100k)
E01569,170000,15,2,4,High (100k+)
E01570,61500,10,2,7,Mid (60-100k)
E01571,139000,5,3,6,High (100k+)
E01572,97500,0,3,4,Mid (60-100k)
E01573,121000,10,1,4,High (100k+)
E01574,90500,0,4,8,Mid (60-100k)
E01575,116000,5,2,6,High (100k+)
E01576,63000,5,4,4,Mid (60-100k)
E01577,129000,0,3,6,High (100k+)
E01578,166000,5,3,4,High (100k+)
E01579,87000,0,1,4,Mid (60-100k)
E01580,74500,0,3,6,Mid (60-100k)
E01581,151000,0,3,5,High (100k+)
E01582,81500,5,1,7,Mid (60-100k)
E01583,120500,5,4,3,High (100k+)
E01584,223500,10,5,5,High (100k+)
E01585,110500,20,3,8,High (100k+)
E01586,112000,5,4,4,High (100k+)
E01587,83500,5,3,5,Mid (60-100k)
E01588,140000,20,4,3,High (100k+)
E01589,104000,5,4,5,High (100k+)
E01590,93500,0,3,7,Mid (60-100k)
E01591,107000,0,3,6,High (100k+)
E01592,115000,5,4,6,High (100k+)
E01593,210000,5,3,7,High (100k+)
E01594,82000,15,2,5,Mid (60-100k)
E01595,105000,15,4,3,High (100k+)
E01596,60500,10,3,6,Mid (60-100k)
E01597,108000,0,3,7,High (100k+)
E01598,60000,0,4,6,Mid (60-100k)
E01599,124500,0,3,8,High (100k+)
E01600,133000,5,4,6,High (100k+)
E01601,63000,0,4,2,Mid (60-100k)
E01602,59500,5,4,7,Low (<60k)
E01603,98500,5,2,6,Mid (60-100k)
E01604,76500,0,4,7,Mid (60-100k)
E01605,103500,0,5,6,High (100k+)
E01606,98000,10,3,4,Mid (60-100k)
E01607,100500,10,3,6,High (100k+)
E01608,79000,0,3,7,Mid (60-100k)
E01609,142000,10,2,5,High (100k+)
E01610,104500,5,5,6,High (100k+)
E01611,124000,5,5,5,High (100k+)
E01612,155500,0,3,2,High (100k+)
E01613,93000,10,5,5,Mid (60-100k)
E01614,96500,5,3,7,Mid (60-100k)
E01615,122500,20,5,6,High (100k+)
E01616,142000,15,4,7,High (100k+)
E01617,157000,0,3,3,High (100k+)
E01618,91500,5,2,6,Mid (60-100k)
E01619,92000,5,5,5,Mid (60-100k)
E01620,109000,0,4,5,High (100k+)
E01621,126500,10,4,6,High (100k+)
E01622,62500,5,4,5,Mid (60-100k)
E01623,178500,10,3,7,High (100k+)
E01624,87500,0,3,6,Mid (60-100k)
E01625,140500,5,3,5,High (100k+)
E01626,76500,0,2,4,Mid (60-100k)
E01627,75500,0,5,5,Mid (60-100k)
E01628,69500,5,4,4,Mid (60-100k)
E01629,161500,5,5,7,High (100k+)
E01630,86500,0,3,6,Mid (60-100k)
E01631,113000,10,2,7,High (100k+)
E01632,136500,5,3,7,High (100k+)
E01633,107500,0,4,7,High (100k+)
E01634,60500,15,4,5,Mid (60-100k)
E01635,134000,20,5,4,High (100k+)
E01636,106500,0,2,8,High (100k+)
E01637,85500,20,5,9,Mid (60-100k)
E01638,41500,5,5,9,Low (<60k)
E01639,203000,20,3,8,High (100k+)
E01640,74000,0,5,5,Mid (60-100k)
E01641,144000,0,3,4,High (100k+)
E01642,179500,20,4,9,High (100k+)
E01643,96000,0,3,4,Mid (60-100k)
E01644,48000,5,5,6,Low (<60k)
E01645,105000,5,5,10,High (100k+)
E01646,55500,0,3,5,Low (<60k)
E01647,79500,15,3,6,Mid (60-100k)
E01648,118500,15,4,3,High (100k+)
E01649,165000,0,4,10,High (100k+)
E01650,168500,0,4,6,High (100k+)
E01651,112500,0,2,7,High (100k+)
E01652,55500,15,3,2,Low (<60k)
E01653,100500,0,3,3,High (100k+)
E01654,152500,5,5,5,High (100k+)
E01655,207000,15,5,8,High (100k+)
E01656,64000,10,2,4,Mid (60-100k)
E01657,100500,0,5,4,High (100k+)
E01658,111000,5,4,6,High (100k+)
E01659,292000,20,5,3,High (100k+)
E01660,110500,15,5,6,High (100k+)
E01661,126500,15,2,5,High (100k+)
E01662,184500,10,5,4,High (100k+)
E01663,187500,15,3,2,High (100k+)
E01664,84500,0,4,6,Mid (60-100k)
E01665,136500,5,4,5,High (100k+)
E01666,69000,5,4,7,Mid (60-100k)
E01667,101500,15,2,6,High (100k+)
E01668,164500,10,4,10,High (100k+)
E01669,79000,5,3,6,Mid (60-100k)
E01670,82000,0,4,7,Mid (60-100k)
E01671,131000,15,3,4,High (100k+)
E01672,99000,15,5,6,Mid (60-100k)
E01673,94000,0,4,9,Mid (60-100k)
E01674,98000,0,3,5,Mid (60-100k)
E01675,111000,5,4,6,High (100k+)
E01676,135000,0,3,6,High (100k+)
E01677,74500,15,4,10,Mid (60-100k)
E01678,124500,0,3,5,High (100k+)
E01679,83000,10,4,5,Mid (60-100k)
E01680,99000,5,2,6,Mid (60-100k)
E01681,75000,0,4,7,Mid (60-100k)
E01682,268000,15,3,4,High (100k+)
E01683,73500,10,4,4,Mid (60-100k)
E01684,93500,5,3,8,Mid (60-100k)
E01685,119500,5,5,7,High (100k+)
E01686,108000,0,3,10,High (100k+)
E01687,90500,0,4,5,Mid (60-100k)
E01688,88000,10,3,7,Mid (60-100k)
E01689,120500,0,3,7,High (100k+)
E01690,102500,15,4,6,High (100k+)
E01691,63500,0,3,5,Mid (60-100k)
E01692,79000,5,2,9,Mid (60-100k)
E01693,85500,0,3,4,Mid (60-100k)
E01694,69500,0,4,5,Mid (60-100k)
E01695,103500,0,3,4,High (100k+)
E01696,97000,0,4,5,Mid (60-100k)
E01697,224500,5,4,2,High (100k+)
E01698,71500,0,3,5,Mid (60-100k)
E01699,158500,15,5,10,High (100k+)
E01700,93500,5,4,8,Mid (60-100k)
E01701,86500,0,2,5,Mid (60-100k)
E01702,71000,20,3,6,Mid (60-100k)
E01703,158500,10,2,7,High (100k+)
E01704,158500,10,5,8,High (100k+)
E01705,104500,10,5,4,High (100k+)
E01706,73500,10,2,6,Mid (60-100k)
E01707,77500,10,3,7,Mid (60-100k)
E01708,93500,0,5,6,Mid (60-100k)
E01709,108000,10,3,8,High (100k+)
E01710,96500,0,5,7,Mid (60-100k)
E01711,117000,10,2,8,High (100k+)
E01712,91500,15,3,4,Mid (60-100k)
E01713,127500,10,5,7,High (100k+)
E01714,72500,5,3,5,Mid (60-100k)
E01715,77500,0,3,7,Mid (60-100k)
E01716,72000,0,3,10,Mid (60-100k)
E01717,96000,15,4,6,Mid (60-100k)
E01718,181500,10,5,5,High (100k+)
E01719,100000,0,4,7,High (100k+)
E01720,151500,20,3,9,High (100k+)
E01721,177500,10,5,4,High (100k+)
E01722,98500,5,5,5,Mid (60-100k)
E01723,66500,10,4,5,Mid (60-100k)
E01724,72000,0,3,5,Mid (60-100k)
E01725,113500,5,3,8,High (100k+)
E01726,68000,15,4,10,Mid (60-100k)
E01727,83500,0,5,8,Mid (60-100k)
E01728,129000,10,4,7,High (100k+)
E01729,78500,0,3,7,Mid (60-100k)
E01730,71000,15,4,7,Mid (60-100k)
E01731,119000,5,4,4,High (100k+)
E01732,181000,0,4,5,High (100k+)
E01733,151500,0,1,3,High (100k+)
E01734,129000,0,5,7,High (100k+)
E01735,98000,15,3,6,Mid (60-100k)
E01736,117000,0,3,8,High (100k+)
E01737,162500,0,4,3,High (100k+)
E01738,50500,0,4,8,Low (<60k)
E01739,82000,15,2,7,Mid (60-100k)
E01740,123000,10,3,3,High (100k+)
E01741,103500,15,3,10,High (100k+)
E01742,113500,5,4,9,High (100k+)
E01743,107500,10,3,8,High (100k+)
E01744,92000,0,5,1,Mid (60-100k)
E01745,168500,0,4,5,High (100k+)
E01746,75500,5,3,4,Mid (60-100k)
E01747,139500,0,4,5,High (100k+)
E01748,175500,0,3,6,High (100k+)
E01749,98500,10,1,8,Mid (60-100k)
E01750,83500,0,5,3,Mid (60-100k)
E01751,136000,20,5,7,High (100k+)
E01752,133500,0,4,3,High (100k+)
E01753,92000,0,4,5,Mid (60-100k)
E01754,135000,0,3,6,High (100k+)
E01755,90000,0,5,4,Mid (60-100k)
E01756,209000,0,3,9,High (100k+)
E01757,210500,10,5,9,High (100k+)
E01758,128500,5,3,4,High (100k+)
E01759,202000,5,5,2,High (100k+)
E01760,107500,0,5,6,High (100k+)
E01761,173000,20,2,4,High (100k+)
E01762,155000,0,4,10,High (100k+)
E01763,93500,5,4,6,Mid (60-100k)
E01764,132000,0,4,5,High (100k+)
E01765,197500,20,3,7,High (100k+)
E01766,102000,10,4,3,High (100k+)
E01767,103000,0,1,7,High (100k+)
E01768,116000,0,3,3,High (100k+)
E01769,122000,10,3,7,High (100k+)
E01770,92500,0,4,3,Mid (60-100k)
E01771,89500,20,4,6,Mid (60-100k)
E01772,109000,5,3,6,High (100k+)
E01773,168000,0,3,6,High (100k+)
E01774,77000,20,5,7,Mid (60-100k)
E01775,145500,5,3,7,High (100k+)
E01776,129500,10,3,4,High (100k+)
E01777,91000,15,3,6,Mid (60-100k)
E01778,78000,0,4,3,Mid (60-100k)
E01779,107500,5,4,7,High (100k+)
E01780,162500,5,5,9,High (100k+)
E01781,55000,0,4,4,Low (<60k)
E01782,191000,5,3,6,High (100k+)
E01783,152500,15,4,8,High (100k+)
E01784,43500,0,3,6,Low (<60k)
E01785,96000,10,3,5,Mid (60-100k)
E01786,94000,15,3,6,Mid (60-100k)
E01787,178500,0,5,5,High (100k+)
E01788,239000,5,2,9,High (100k+)
E01789,131500,5,3,4,High (100k+)
E01790,73000,5,4,4,Mid (60-100k)
E01791,112500,20,3,6,High (100k+)
E01792,243500,0,2,3,High (100k+)
E01793,78500,10,4,7,Mid (60-100k)
E01794,112000,5,4,5,High (100k+)
E01795,185000,0,4,3,High (100k+)
E01796,58000,5,3,5,Low (<60k)
E01797,58500,5,4,4,Low (<60k)
E01798,76500,0,3,6,Mid (60-100k)
E01799,127500,10,3,6,High (100k+)
E01800,99000,15,2,8,Mid (60-100k)
E01801,89500,15,4,5,Mid (60-100k)
E01802,125500,0,4,3,High (100k+)
E01803,88500,10,4,6,Mid (60-100k)
E01804,95000,15,4,7,Mid (60-100k)
E01805,108500,0,3,5,High (100k+)
E01806,147500,0,3,5,High (100k+)
E01807,79000,20,3,4,Mid (60-100k)
E01808,138500,0,4,6,High (100k+)
E01809,92500,0,4,9,Mid (60-100k)
E01810,85000,0,3,6,Mid (60-100k)
E01811,53000,0,4,6,Low (<60k)
E01812,126000,0,4,6,High (100k+)
E01813,109000,5,2,6,High (100k+)
E01814,102000,20,4,8,High (100k+)
E01815,125000,20,3,5,High (100k+)
E01816,96000,0,4,4,Mid (60-100k)
E01817,189500,0,3,6,High (100k+)
E01818,72000,0,4,5,Mid (60-100k)
E01819,134000,10,5,6,High (100k+)
E01820,131500,10,3,6,High (100k+)
E01821,148000,5,4,6,High (100k+)
E01822,148000,0,1,6,High (100k+)
E01823,68500,10,4,7,Mid (60-100k)
E01824,87500,10,5,4,Mid (60-100k)
E01825,73500,0,3,7,Mid (60-100k)
E01826,102000,0,3,6,High (100k+)
E01827,58000,10,3,8,Low (<60k)
E01828,104500,0,3,6,High (100k+)
E01829,109000,5,3,5,High (100k+)
E01830,75000,10,4,5,Mid (60-100k)
E01831,211000,5,4,6,High (100k+)
E01832,81000,5,3,6,Mid (60-100k)
E01833,72500,10,5,7,Mid (60-100k)
E01834,144000,10,2,7,High (100k+)
E01835,95500,15,5,5,Mid (60-100k)
E01836,74500,10,5,4,Mid (60-100k)
E01837,147000,0,3,6,High (100k+)
E01838,148500,5,1,6,High (100k+)
E01839,145000,5,4,5,High (100k+)
E01840,100000,10,3,5,High (100k+)
E01841,80000,0,4,4,Mid (60-100k)
E01842,88500,0,3,6,Mid (60-100k)
E01843,336000,10,3,4,High (100k+)
E01844,166000,10,3,8,High (100k+)
E01845,109500,20,3,7,High (100k+)
E01846,66000,10,3,9,Mid (60-100k)
E01847,88000,10,5,7,Mid (60-100k)
E01848,80000,5,4,6,Mid (60-100k)
E01849,120500,0,3,6,High (100k+)
E01850,163500,5,4,6,High (100k+)
E01851,147500,0,5,7,High (100k+)
E01852,115500,10,4,7,High (100k+)
E01853,254500,5,3,4,High (100k+)
E01854,63500,5,2,8,Mid (60-100k)
E01855,146000,10,4,4,High (100k+)
E01856,174500,10,4,8,High (100k+)
E01857,133500,5,5,5,High (100k+)
E01858,94500,0,2,8,Mid (60-100k)
E01859,77000,0,5,1,Mid (60-100k)
E01860,84500,0,4,6,Mid (60-100k)
E01861,52000,5,2,10,Low (<60k)
E01862,170000,0,3,10,High (100k+)
E01863,95500,5,4,5,Mid (60-100k)
E01864,46000,0,4,6,Low (<60k)
E01865,69500,0,4,5,Mid (60-100k)
E01866,179000,0,3,6,High (100k+)
E01867,108000,0,3,5,High (100k+)
E01868,173000,0,3,7,High (100k+)
E01869,169000,0,2,5,High (100k+)
E01870,55000,5,5,6,Low (<60k)
E01871,71000,5,5,5,Mid (60-100k)
E01872,85500,0,3,7,Mid (60-100k)
E01873,140500,0,2,4,High (100k+)
E01874,93000,10,3,3,Mid (60-100k)
E01875,117500,0,3,3,High (100k+)
E01876,75000,20,5,4,Mid (60-100k)
E01877,78000,10,3,9,Mid (60-100k)
E01878,164500,5,5,5,High (100k+)
E01879,96000,10,5,6,Mid (60-100k)
E01880,71000,10,4,4,Mid (60-100k)
E01881,119500,15,3,9,High (100k+)
E01882,62500,10,4,5,Mid (60-100k)
E01883,70000,10,3,10,Mid (60-100k)
E01884,71500,15,4,6,Mid (60-100k)
E01885,88000,10,4,6,Mid (60-100k)
E01886,97500,5,3,5,Mid (60-100k)
E01887,230500,0,3,8,High (100k+)
E01888,129500,15,4,8,High (100k+)
E01889,73000,5,3,2,Mid (60-100k)
E01890,210500,5,5,5,High (100k+)
E01891,154500,0,4,6,High (100k+)
E01892,167000,5,1,7,High (100k+)
E01893,188000,5,3,3,High (100k+)
E01894,68500,5,2,6,Mid (60-100k)
E01895,111000,0,3,8,High (100k+)
E01896,113500,20,5,4,High (100k+)
E01897,73000,0,4,3,Mid (60-100k)
E01898,103500,15,3,5,High (100k+)
E01899,75500,5,3,6,Mid (60-100k)
E01900,101000,15,3,6,High (100k+)
E01901,147500,0,5,4,High (100k+)
E01902,96500,10,3,4,Mid (60-100k)
E01903,165500,15,4,7,High (100k+)
E01904,148000,5,5,1,High (100k+)
E01905,157500,0,3,3,High (100k+)
E01906,180000,10,5,9,High (100k+)
E01907,118500,20,3,4,High (100k+)
E01908,126500,20,4,3,High (100k+)
E01909,70000,0,3,5,Mid (60-100k)
E01910,91500,15,5,5,Mid (60-100k)
E01911,93000,10,3,4,Mid (60-100k)
E01912,119000,5,5,8,High (100k+)
E01913,93500,0,3,7,Mid (60-100k)
E01914,153500,0,3,3,High (100k+)
E01915,144500,10,3,4,High (100k+)
E01916,140500,20,5,5,High (100k+)
E01917,80000,0,5,6,Mid (60-100k)
E01918,43500,5,4,8,Low (<60k)
E01919,70000,0,5,9,Mid (60-100k)
E01920,112000,15,3,5,High (100k+)
E01921,204500,15,1,5,High (100k+)
E01922,98500,5,3,8,Mid (60-100k)
E01923,105500,0,4,5,High (100k+)
E01924,135500,10,2,4,High (100k+)
E01925,83500,10,3,7,Mid (60-100k)
E01926,77000,0,4,7,Mid (60-100k)
E01927,91000,10,3,3,Mid (60-100k)
E01928,81500,0,4,8,Mid (60-100k)
E01929,237000,20,3,3,High (100k+)
E01930,53500,10,3,7,Low (<60k)
E01931,144500,5,4,10,High (100k+)
E01932,101000,5,3,6,High (100k+)
E01933,167500,20,4,5,High (100k+)
E01934,148500,0,2,6,High (100k+)
E01935,127500,5,3,6,High (100k+)
E01936,136000,10,4,5,High (100k+)
E01937,184000,0,5,6,High (100k+)
E01938,127000,5,5,6,High (100k+)
E01939,78500,5,3,2,Mid (60-100k)
E01940,130500,0,2,7,High (100k+)
E01941,99000,0,3,6,Mid (60-100k)
E01942,93000,0,4,6,Mid (60-100k)
E01943,79000,10,4,8,Mid (60-100k)
E01944,74000,0,4,4,Mid (60-100k)
E01945,61500,5,3,5,Mid (60-100k)
E01946,241500,5,5,7,High (100k+)
E01947,69500,15,5,5,Mid (60-100k)
E01948,139000,5,5,2,High (100k+)
E01949,121000,5,3,6,High (100k+)
E01950,267000,0,5,7,High (100k+)
E01951,87500,10,3,6,Mid (60-100k)
E01952,145000,10,5,4,High (100k+)
E01953,126500,0,3,7,High (100k+)
E01954,90000,10,5,5,Mid (60-100k)
E01955,131500,5,5,7,High (100k+)
E01956,81000,10,4,6,Mid (60-100k)
E01957,95000,5,3,8,Mid (60-100k)
E01958,128000,5,4,5,High (100k+)
E01959,116000,0,3,8,High (100k+)
E01960,94000,0,4,7,Mid (60-100k)
E01961,163500,15,4,6,High (100k+)
E01962,113500,15,3,5,High (100k+)
E01963,88000,0,4,5,Mid (60-100k)
E01964,66500,10,1,6,Mid (60-100k)
E01965,110000,0,4,6,High (100k+)
E01966,112000,15,3,5,High (100k+)
E01967,136500,20,2,8,High (100k+)
E01968,257000,15,5,6,High (100k+)
E01969,117500,15,3,10,High (100k+)
E01970,118500,15,3,10,High (100k+)
E01971,83000,15,5,8,Mid (60-100k)
E01972,102500,0,4,5,High (100k+)
E01973,120000,5,3,5,High (100k+)
E01974,94000,0,4,7,Mid (60-100k)
E01975,65500,15,4,6,Mid (60-100k)
E01976,97000,5,3,4,Mid (60-100k)
E01977,67500,15,5,9,Mid (60-100k)
E01978,69500,5,4,7,Mid (60-100k)
E01979,108000,0,4,7,High (100k+)
E01980,86500,0,4,6,Mid (60-100k)
E01981,177000,0,3,6,High (100k+)
E01982,148500,10,4,7,High (100k+)
E01983,84500,15,4,7,Mid (60-100k)
E01984,69500,10,4,8,Mid (60-100k)
E01985,109000,0,4,6,High (100k+)
E01986,73500,0,4,9,Mid (60-100k)
E01987,133500,10,3,2,High (100k+)
E01988,152000,0,4,6,High (100k+)
E01989,103000,0,2,8,High (100k+)
E01990,190000,10,4,5,High (100k+)
E01991,159000,0,2,3,High (100k+)
E01992,161500,0,4,1,High (100k+)
E01993,141000,20,5,6,High (100k+)
E01994,133500,0,4,4,High (100k+)
E01995,75500,0,5,8,Mid (60-100k)
E01996,158000,10,5,5,High (100k+)
E01997,92000,5,3,5,Mid (60-100k)
E01998,258000,10,4,1,High (100k+)
E01999,81000,5,5,4,Mid (60-100k)
E02000,113500,15,3,8,High (100k+)
E02001,90500,5,4,6,Mid (60-100k)
E02002,73000,5,4,7,Mid (60-100k)
E02003,69500,15,4,9,Mid (60-100k)
E02004,110500,15,5,5,High (100k+)
E02005,168000,0,4,7,High (100k+)
E02006,74000,0,4,4,Mid (60-100k)
E02007,94500,5,3,4,Mid (60-100k)
E02008,106500,0,3,4,High (100k+)
E02009,87500,10,5,5,Mid (60-100k)
E02010,174000,15,5,4,High (100k+)
E02011,138000,5,1,8,High (100k+)
E02012,60000,5,4,4,Mid (60-100k)
E02013,93000,10,3,4,Mid (60-100k)
E02014,124000,5,5,6,High (100k+)
E02015,61500,0,4,7,Mid (60-100k)
E02016,106500,0,2,8,High (100k+)
E02017,93000,15,3,4,Mid (60-100k)
E02018,173500,0,3,7,High (100k+)
E02019,74500,5,5,3,Mid (60-100k)
E02020,106000,0,3,5,High (100k+)
E02021,77500,0,5,3,Mid (60-100k)
E02022,69500,5,3,6,Mid (60-100k)
E02023,141500,0,2,2,High (100k+)
E02024,81000,15,3,6,Mid (60-100k)
E02025,110000,5,4,5,High (100k+)
E02026,75000,0,4,6,Mid (60-100k)
E02027,163000,10,5,7,High (100k+)
E02028,105000,0,4,4,High (100k+)
E02029,63500,5,2,4,Mid (60-100k)
E02030,159000,15,3,7,High (100k+)
E02031,113000,0,4,4,High (100k+)
E02032,71000,10,3,3,Mid (60-100k)
E02033,74000,0,3,7,Mid (60-100k)
E02034,71000,15,3,7,Mid (60-100k)
E02035,104500,10,4,9,High (100k+)
E02036,113500,5,5,4,High (100k+)
E02037,67500,5,5,6,Mid (60-100k)
E02038,88500,15,3,6,Mid (60-100k)
E02039,114000,15,4,6,High (100k+)
E02040,85000,0,3,8,Mid (60-100k)
E02041,57500,0,4,7,Low (<60k)
E02042,118000,0,3,4,High (100k+)
E02043,60500,0,4,7,Mid (60-100k)
E02044,71000,10,5,3,Mid (60-100k)
E02045,103000,5,5,8,High (100k+)
E02046,145500,0,2,8,High (100k+)
E02047,182000,5,3,6,High (100k+)
E02048,303000,10,3,6,High (100k+)
E02049,91500,15,2,9,Mid (60-100k)
E02050,137000,0,4,9,High (100k+)
E02051,75500,0,3,6,Mid (60-100k)
E02052,59000,10,4,7,Low (<60k)
E02053,77500,0,3,7,Mid (60-100k)
E02054,110500,10,4,9,High (100k+)
E02055,169000,10,3,6,High (100k+)
E02056,84000,10,4,2,Mid (60-100k)
E02057,106500,10,4,10,High (100k+)
E02058,81500,20,4,8,Mid (60-100k)
E02059,78500,10,3,5,Mid (60-100k)
E02060,149500,10,4,5,High (100k+)
E02061,180000,15,4,7,High (100k+)
E02062,257500,0,5,4,High (100k+)
E02063,110500,0,4,6,High (100k+)
E02064,103500,5,5,6,High (100k+)
E02065,162500,0,4,7,High (100k+)
E02066,130000,5,3,5,High (100k+)
E02067,211500,0,3,7,High (100k+)
E02068,81500,0,4,5,Mid (60-100k)
E02069,117000,0,3,2,High (100k+)
E02070,61000,5,3,7,Mid (60-100k)
E02071,69500,0,4,5,Mid (60-100k)
E02072,89000,10,3,6,Mid (60-100k)
E02073,70000,0,3,5,Mid (60-100k)
E02074,125000,0,4,3,High (100k+)
E02075,100500,5,4,6,High (100k+)
E02076,85000,0,3,6,Mid (60-100k)
E02077,87000,0,3,7,Mid (60-100k)
E02078,57500,5,1,6,Low (<60k)
E02079,101500,10,5,5,High (100k+)
E02080,114000,0,3,3,High (100k+)
E02081,178000,10,2,4,High (100k+)
E02082,256000,0,5,6,High (100k+)
E02083,143000,0,3,6,High (100k+)
E02084,95000,0,3,5,Mid (60-100k)
E02085,109500,0,4,4,High (100k+)
E02086,103000,10,3,6,High (100k+)
E02087,215000,5,5,5,High (100k+)
E02088,158500,0,3,8,High (100k+)
E02089,117500,10,4,4,High (100k+)
E02090,62000,0,4,5,Mid (60-100k)
E02091,165500,15,5,10,High (100k+)
E02092,64000,5,2,5,Mid (60-100k)
E02093,109000,0,3,2,High (100k+)
E02094,81000,15,4,6,Mid (60-100k)
E02095,87000,5,4,6,Mid (60-100k)
E02096,125000,10,3,5,High (100k+)
E02097,134000,10,3,6,High (100k+)
E02098,87500,5,5,6,Mid (60-100k)
E02099,100500,15,5,7,High (100k+)
E02100,64500,5,4,4,Mid (60-100k)
E02101,66500,15,4,8,Mid (60-100k)
E02102,73000,15,4,8,Mid (60-100k)
E02103,101000,5,4,6,High (100k+)
E02104,100500,0,2,6,High (100k+)
E02105,85000,15,3,8,Mid (60-100k)
E02106,92000,5,4,8,Mid (60-100k)
E02107,139000,5,5,5,High (100k+)
E02108,106000,10,5,9,High (100k+)
E02109,110000,10,3,7,High (100k+)
E02110,98000,0,5,7,Mid (60-100k)
E02111,139000,5,5,5,High (100k+)
E02112,141000,0,4,4,High (100k+)
E02113,89000,15,4,7,Mid (60-100k)
E02114,170500,0,3,6,High (100k+)
E02115,109000,0,4,9,High (100k+)
E02116,101500,0,4,3,High (100k+)
E02117,45000,0,4,6,Low (<60k)
E02118,90500,5,4,6,Mid (60-100k)
E02119,73000,0,5,8,Mid (60-100k)
E02120,68500,10,4,6,Mid (60-100k)
E02121,161000,0,4,6,High (100k+)
E02122,113000,0,3,8,High (100k+)
E02123,128500,0,3,6,High (100k+)
E02124,80500,5,3,4,Mid (60-100k)
E02125,122500,10,2,5,High (100k+)
E02126,61500,5,3,7,Mid (60-100k)
E02127,142000,0,3,5,High (100k+)
E02128,178500,0,3,9,High (100k+)
E02129,282000,0,3,4,High (100k+)
E02130,109000,0,4,5,High (100k+)
E02131,91500,0,4,7,Mid (60-100k)
E02132,91000,15,3,4,Mid (60-100k)
E02133,94500,5,3,8,Mid (60-100k)
E02134,252000,0,5,5,High (100k+)
E02135,81500,5,3,5,Mid (60-100k)
E02136,95500,20,4,6,Mid (60-100k)
E02137,102500,0,5,8,High (100k+)
E02138,107500,0,4,5,High (100k+)
E02139,99000,0,2,4,Mid (60-100k)
E02140,95500,10,5,4,Mid (60-100k)
E02141,140000,5,4,7,High (100k+)
E02142,120500,10,2,3,High (100k+)
E02143,117000,0,5,9,High (100k+)
E02144,103000,0,4,8,High (100k+)
E02145,110500,0,2,9,High (100k+)
E02146,72000,5,4,5,Mid (60-100k)
E02147,95500,10,4,6,Mid (60-100k)
E02148,148500,5,4,6,High (100k+)
E02149,107000,0,5,6,High (100k+)
E02150,198500,0,4,4,High (100k+)
E02151,144500,10,3,8,High (100k+)
E02152,48000,0,1,6,Low (<60k)
E02153,104000,10,4,6,High (100k+)
E02154,61500,10,3,4,Mid (60-100k)
E02155,91500,20,3,8,Mid (60-100k)
E02156,92500,10,5,4,Mid (60-100k)
E02157,159500,15,4,6,High (100k+)
E02158,64000,10,4,5,Mid (60-100k)
E02159,95000,5,5,7,Mid (60-100k)
E02160,54000,10,5,7,Low (<60k)
E02161,169500,0,3,7,High (100k+)
E02162,52000,0,5,7,Low (<60k)
E02163,101500,0,4,7,High (100k+)
E02164,76000,5,3,5,Mid (60-100k)
E02165,147000,5,5,9,High (100k+)
E02166,70500,5,2,3,Mid (60-100k)
E02167,143500,10,5,8,High (100k+)
E02168,96000,0,4,4,Mid (60-100k)
E02169,89000,15,2,6,Mid (60-100k)
E02170,152500,0,1,7,High (100k+)
E02171,185000,5,3,8,High (100k+)
E02172,78500,10,5,2,Mid (60-100k)
E02173,62000,10,3,6,Mid (60-100k)
E02174,189000,5,4,9,High (100k+)
E02175,110500,5,5,4,High (100k+)
E02176,67500,15,2,7,Mid (60-100k)
E02177,86500,0,5,5,Mid (60-100k)
E02178,80000,20,3,9,Mid (60-100k)
E02179,113500,20,3,4,High (100k+)
E02180,114000,0,4,6,High (100k+)
E02181,109500,0,4,6,High (100k+)
E02182,73500,5,4,5,Mid (60-100k)
E02183,146500,15,4,9,High (100k+)
E02184,63000,0,3,5,Mid (60-100k)
E02185,93500,10,4,4,Mid (60-100k)
E02186,92500,15,5,6,Mid (60-100k)
E02187,83000,0,2,4,Mid (60-100k)
E02188,163000,5,4,5,High (100k+)
E02189,94500,5,4,10,Mid (60-100k)
E02190,100000,0,4,7,High (100k+)
E02191,92000,5,2,5,Mid (60-100k)
E02192,81000,5,3,5,Mid (60-100k)
E02193,125500,0,5,5,High (100k+)
E02194,81500,10,5,8,Mid (60-100k)
E02195,89500,5,3,6,Mid (60-100k)
E02196,73000,0,3,7,Mid (60-100k)
E02197,73000,10,3,8,Mid (60-100k)
E02198,174000,20,3,4,High (100k+)
E02199,79000,0,5,7,Mid (60-100k)
E02200,52500,10,4,5,Low (<60k)
E02201,177500,10,5,5,High (100k+)
E02202,54500,10,4,5,Low (<60k)
E02203,121500,15,3,1,High (100k+)
E02204,177500,0,4,5,High (100k+)
E02205,191500,0,4,7,High (100k+)
E02206,86000,5,2,6,Mid (60-100k)
E02207,89000,10,3,2,Mid (60-100k)
E02208,65500,0,3,7,Mid (60-100k)
E02209,94000,20,2,7,Mid (60-100k)
E02210,124500,0,3,5,High (100k+)
E02211,85000,0,4,4,Mid (60-100k)
E02212,100000,0,5,6,High (100k+)
E02213,68000,5,3,5,Mid (60-100k)
E02214,104000,15,3,5,High (100k+)
E02215,183500,10,3,9,High (100k+)
E02216,84000,0,4,5,Mid (60-100k)
E02217,88500,0,5,6,Mid (60-100k)
E02218,82000,5,4,5,Mid (60-100k)
E02219,68500,0,1,7,Mid (60-100k)
E02220,101500,0,4,7,High (100k+)
E02221,76000,0,4,4,Mid (60-100k)
E02222,179500,20,3,5,High (100k+)
E02223,93000,0,3,6,Mid (60-100k)
E02224,50000,20,5,4,Low (<60k)
E02225,156000,5,4,6,High (100k+)
E02226,104000,5,3,8,High (100k+)
E02227,60500,0,3,4,Mid (60-100k)
E02228,168500,5,2,5,High (100k+)
E02229,160500,0,4,10,High (100k+)
E02230,100000,10,3,8,High (100k+)
E02231,73500,0,4,8,Mid (60-100k)
E02232,172000,0,3,4,High (100k+)
E02233,301500,10,4,8,High (100k+)
E02234,79500,5,5,8,Mid (60-100k)
E02235,161000,0,5,4,High (100k+)
E02236,119500,5,5,4,High (100k+)
E02237,71500,5,3,3,Mid (60-100k)
E02238,78000,10,3,8,Mid (60-100k)
E02239,59000,15,2,3,Low (<60k)
E02240,90500,0,3,8,Mid (60-100k)
E02241,140500,0,5,6,High (100k+)
E02242,155000,15,3,5,High (100k+)
E02243,106000,0,4,4,High (100k+)
E02244,84000,10,1,8,Mid (60-100k)
E02245,158000,5,3,6,High (100k+)
E02246,63000,0,3,3,Mid (60-100k)
E02247,61500,5,4,6,Mid (60-100k)
E02248,96500,10,3,7,Mid (60-100k)
E02249,102000,0,3,4,High (100k+)
E02250,98000,10,4,9,Mid (60-100k)
E02251,98000,0,3,9,Mid (60-100k)
E02252,90500,5,5,7,Mid (60-100k)
E02253,82000,5,3,6,Mid (60-100k)
E02254,126000,10,5,6,High (100k+)
E02255,101000,0,5,5,High (100k+)
E02256,224000,10,3,6,High (100k+)
E02257,113000,5,4,4,High (100k+)
E02258,239000,15,4,8,High (100k+)
E02259,138500,5,5,6,High (100k+)
E02260,130000,10,3,6,High (100k+)
E02261,97500,5,3,9,Mid (60-100k)
E02262,88000,0,4,3,Mid (60-100k)
E02263,61000,0,3,4,Mid (60-100k)
E02264,98500,5,4,5,Mid (60-100k)
E02265,344500,10,4,7,High (100k+)
E02266,104000,15,5,6,High (100k+)
E02267,135500,0,3,8,High (100k+)
E02268,98500,0,3,6,Mid (60-100k)
E02269,124500,5,3,4,High (100k+)
E02270,126000,0,5,5,High (100k+)
E02271,254000,0,4,5,High (100k+)
E02272,122500,0,4,6,High (100k+)
E02273,125500,15,3,2,High (100k+)
E02274,132500,10,3,6,High (100k+)
E02275,184500,0,3,7,High (100k+)
E02276,90000,5,4,5,Mid (60-100k)
E02277,105500,0,3,8,High (100k+)
E02278,68500,5,3,7,Mid (60-100k)
E02279,273500,0,4,4,High (100k+)
E02280,99000,5,5,6,Mid (60-100k)
E02281,159500,0,3,5,High (100k+)
E02282,65500,0,5,6,Mid (60-100k)
E02283,91500,5,4,6,Mid (60-100k)
E02284,237500,10,3,4,High (100k+)
E02285,111000,5,2,8,High (100k+)
E02286,100000,0,5,8,High (100k+)
E02287,171000,10,5,9,High (100k+)
E02288,121000,15,4,8,High (100k+)
E02289,41500,0,3,6,Low (<60k)
E02290,150500,10,3,7,High (100k+)
E02291,83500,10,4,4,Mid (60-100k)
E02292,186000,0,4,6,High (100k+)
E02293,140000,5,4,6,High (100k+)
E02294,116000,15,4,5,High (100k+)
E02295,149000,0,5,7,High (100k+)
E02296,67500,0,5,5,Mid (60-100k)
E02297,112000,15,2,7,High (100k+)
E02298,109000,15,3,8,High (100k+)
E02299,140500,5,4,5,High (100k+)
E02300,57500,10,3,2,Low (<60k)
E02301,106000,20,5,6,High (100k+)
E02302,51000,10,3,5,Low (<60k)
E02303,114500,0,2,5,High (100k+)
E02304,63000,10,4,7,Mid (60-100k)
E02305,91500,0,4,7,Mid (60-100k)
E02306,89000,5,3,4,Mid (60-100k)
E02307,109000,10,3,7,High (100k+)
E02308,81000,5,5,7,Mid (60-100k)
E02309,110500,0,3,8,High (100k+)
E02310,45000,5,2,7,Low (<60k)
E02311,206000,0,4,9,High (100k+)
E02312,65000,10,4,6,Mid (60-100k)
E02313,63000,0,1,6,Mid (60-100k)
E02314,206500,10,3,8,High (100k+)
E02315,133500,5,4,6,High (100k+)
E02316,123500,0,4,6,High (100k+)
E02317,99000,5,4,9,Mid (60-100k)
E02318,90000,5,4,7,Mid (60-100k)
E02319,123500,5,3,8,High (100k+)
E02320,164500,15,5,5,High (100k+)
E02321,71500,0,5,6,Mid (60-100k)
E02322,87000,0,4,7,Mid (60-100k)
E02323,54000,0,3,6,Low (<60k)
E02324,65500,10,5,6,Mid (60-100k)
E02325,86000,5,3,8,Mid (60-100k)
E02326,107000,15,2,6,High (100k+)
E02327,91000,0,4,6,Mid (60-100k)
E02328,52500,5,3,3,Low (<60k)
E02329,69000,0,1,7,Mid (60-100k)
E02330,136500,5,3,5,High (100k+)
E02331,133000,0,2,9,High (100k+)
E02332,87000,15,4,5,Mid (60-100k)
E02333,102000,15,2,4,High (100k+)
E02334,131000,10,4,6,High (100k+)
E02335,129000,5,3,6,High (100k+)
E02336,68000,5,5,6,Mid (60-100k)
E02337,66500,0,4,8,Mid (60-100k)
E02338,96500,0,1,6,Mid (60-100k)
E02339,177000,5,4,7,High (100k+)
E02340,111000,5,3,7,High (100k+)
E02341,255500,10,3,7,High (100k+)
E02342,50000,5,3,8,Low (<60k)
E02343,154000,5,3,8,High (100k+)
E02344,82500,0,5,6,Mid (60-100k)
E02345,64500,0,3,6,Mid (60-100k)
E02346,127000,0,3,8,High (100k+)
E02347,108500,5,3,6,High (100k+)
E02348,102000,10,5,4,High (100k+)
E02349,89500,0,3,6,Mid (60-100k)
E02350,193500,15,4,4,High (100k+)
E02351,209000,0,2,10,High (100k+)
E02352,110500,0,3,7,High (100k+)
E02353,125500,15,3,5,High (100k+)
E02354,117000,10,4,3,High (100k+)
E02355,136000,20,4,7,High (100k+)
E02356,108000,5,3,6,High (100k+)
E02357,96000,5,3,8,Mid (60-100k)
E02358,107500,10,3,5,High (100k+)
E02359,100000,15,3,8,High (100k+)
E02360,88500,5,5,5,Mid (60-100k)
E02361,64000,0,5,6,Mid (60-100k)
E02362,146500,0,5,5,High (100k+)
E02363,189000,5,2,3,High (100k+)
E02364,150000,10,4,4,High (100k+)
E02365,79000,0,5,4,Mid (60-100k)
E02366,60500,0,5,5,Mid (60-100k)
E02367,77000,5,3,9,Mid (60-100k)
E02368,96500,0,3,5,Mid (60-100k)
E02369,132000,15,5,4,High (100k+)
E02370,58500,0,3,6,Low (<60k)
E02371,80000,5,4,3,Mid (60-100k)
E02372,72500,20,3,3,Mid (60-100k)
E02373,68500,10,4,6,Mid (60-100k)
E02374,126500,0,3,7,High (100k+)
E02375,69000,0,3,5,Mid (60-100k)
E02376,98500,5,4,7,Mid (60-100k)
E02377,69500,0,3,10,Mid (60-100k)
E02378,141500,5,3,6,High (100k+)
E02379,166000,0,4,6,High (100k+)
E02380,105500,0,4,4,High (100k+)
E02381,84500,0,4,8,Mid (60-100k)
E02382,137500,10,5,9,High (100k+)
E02383,91000,5,5,5,Mid (60-100k)
E02384,102500,0,5,4,High (100k+)
E02385,83000,0,5,2,Mid (60-100k)
E02386,108500,5,3,2,High (100k+)
E02387,183500,0,2,6,High (100k+)
E02388,98500,0,5,5,Mid (60-100k)
E02389,91500,0,3,4,Mid (60-100k)
E02390,100000,0,4,7,High (100k+)
E02391,160500,5,4,6,High (100k+)
E02392,110500,0,3,7,High (100k+)
E02393,54000,5,4,6,Low (<60k)
E02394,116500,10,3,6,High (100k+)
E02395,99500,15,3,9,Mid (60-100k)
E02396,80000,5,3,2,Mid (60-100k)
E02397,138000,5,4,5,High (100k+)
E02398,174500,0,3,6,High (100k+)
E02399,190500,10,5,7,High (100k+)
E02400,61500,0,5,6,Mid (60-100k)
E02401,144500,0,3,6,High (100k+)
E02402,81000,10,5,6,Mid (60-100k)
E02403,114500,10,3,4,High (100k+)
E02404,107000,0,2,4,High (100k+)
E02405,134000,0,5,5,High (100k+)
E02406,149500,0,4,8,High (100k+)
E02407,195500,15,3,4,High (100k+)
E02408,70000,5,3,7,Mid (60-100k)
E02409,89500,0,5,7,Mid (60-100k)
E02410,192500,0,4,7,High (100k+)
E02411,49000,5,5,8,Low (<60k)
E02412,137000,20,3,10,High (100k+)
E02413,64000,0,1,8,Mid (60-100k)
E02414,153000,10,2,7,High (100k+)
E02415,122500,5,4,6,High (100k+)
E02416,97500,0,4,5,Mid (60-100k)
E02417,85000,5,4,5,Mid (60-100k)
E02418,67000,15,2,6,Mid (60-100k)
E02419,140500,0,2,7,High (100k+)
E02420,65500,15,5,6,Mid (60-100k)
E02421,76000,0,3,5,Mid (60-100k)
E02422,93500,20,3,5,Mid (60-100k)
E02423,133000,0,4,8,High (100k+)
E02424,103500,0,3,8,High (100k+)
E02425,118500,5,3,3,High (100k+)
E02426,129000,5,4,4,High (100k+)
E02427,137000,10,4,6,High (100k+)
E02428,77000,10,5,6,Mid (60-100k)
E02429,100000,10,4,4,High (100k+)
E02430,99500,0,4,8,Mid (60-100k)
E02431,165500,0,5,8,High (100k+)
E02432,189500,0,3,5,High (100k+)
E02433,83500,0,3,5,Mid (60-100k)
E02434,55500,10,1,4,Low (<60k)
E02435,91000,5,3,7,Mid (60-100k)
E02436,79000,0,4,7,Mid (60-100k)
E02437,213500,5,3,4,High (100k+)
E02438,101500,0,3,5,High (100k+)
E02439,110500,0,3,6,High (100k+)
E02440,122500,0,4,8,High (100k+)
E02441,78000,5,2,6,Mid (60-100k)
E02442,110000,0,4,8,High (100k+)
E02443,58000,0,3,6,Low (<60k)
E02444,399000,0,4,9,High (100k+)
E02445,115000,0,4,8,High (100k+)
E02446,63000,15,5,5,Mid (60-100k)
E02447,100500,0,2,4,High (100k+)
E02448,101500,5,3,2,High (100k+)
E02449,83500,0,3,9,Mid (60-100k)
E02450,49500,10,4,6,Low (<60k)
E02451,70500,5,4,3,Mid (60-100k)
E02452,120000,10,4,4,High (100k+)
E02453,84000,5,5,10,Mid (60-100k)
E02454,82500,15,5,5,Mid (60-100k)
E02455,75500,10,4,4,Mid (60-100k)
E02456,184000,15,5,10,High (100k+)
E02457,64000,0,5,6,Mid (60-100k)
E02458,71500,10,4,4,Mid (60-100k)
E02459,209000,0,5,9,High (100k+)
E02460,175000,5,3,7,High (100k+)
E02461,89500,0,4,6,Mid (60-100k)
E02462,104000,10,1,3,High (100k+)
E02463,125500,10,3,5,High (100k+)
E02464,74000,0,3,4,Mid (60-100k)
E02465,113500,20,5,7,High (100k+)
E02466,133500,10,3,4,High (100k+)
E02467,128500,10,4,8,High (100k+)
E02468,87500,0,3,8,Mid (60-100k)
E02469,209000,5,5,8,High (100k+)
E02470,92000,0,5,7,Mid (60-100k)
E02471,135500,10,3,4,High (100k+)
E02472,68000,0,3,6,Mid (60-100k)
E02473,70500,0,4,5,Mid (60-100k)
E02474,105500,10,3,10,High (100k+)
E02475,70500,5,4,6,Mid (60-100k)
E02476,137500,5,4,10,High (100k+)
E02477,89500,10,3,7,Mid (60-100k)
E02478,69000,5,4,6,Mid (60-100k)
E02479,156500,5,3,5,High (100k+)
E02480,101500,0,4,5,High (100k+)
E02481,80000,0,3,7,Mid (60-100k)
E02482,103000,5,4,7,High (100k+)
E02483,66500,10,2,6,Mid (60-100k)
E02484,65500,0,3,6,Mid (60-100k)
E02485,114500,20,4,7,High (100k+)
E02486,51500,10,4,6,Low (<60k)
E02487,99000,0,4,5,Mid (60-100k)
E02488,69000,15,1,8,Mid (60-100k)
E02489,117000,10,3,7,High (100k+)
E02490,212500,0,3,6,High (100k+)
E02491,138000,5,4,5,High (100k+)
E02492,109500,15,4,5,High (100k+)
E02493,105000,0,3,9,High (100k+)
E02494,51000,0,3,4,Low (<60k)
E02495,77000,5,4,3,Mid (60-100k)
E02496,108500,10,3,7,High (100k+)
E02497,85000,0,4,4,Mid (60-100k)
E02498,136000,10,5,8,High (100k+)
E02499,89500,0,3,3,Mid (60-100k)
E02500,72500,10,3,5,Mid (60-100k)
E02501,91000,5,3,3,Mid (60-100k)
E02502,75500,5,3,5,Mid (60-100k)
E02503,148500,20,2,7,High (100k+)
E02504,84000,10,4,5,Mid (60-100k)
E02505,110000,10,3,6,High (100k+)
E02506,106500,10,4,6,High (100k+)
E02507,117500,10,4,3,High (100k+)
E02508,89500,10,2,5,Mid (60-100k)
E02509,131000,15,3,3,High (100k+)
E02510,65000,5,4,7,Mid (60-100k)
E02511,90500,10,4,3,Mid (60-100k)
E02512,138500,0,4,8,High (100k+)
E02513,93500,0,4,6,Mid (60-100k)
E02514,75000,0,5,8,Mid (60-100k)
E02515,84500,5,3,7,Mid (60-100k)
E02516,152500,0,4,7,High (100k+)
E02517,108000,0,5,8,High (100k+)
E02518,77500,15,3,6,Mid (60-100k)
E02519,105000,0,4,8,High (100k+)
E02520,311500,0,4,8,High (100k+)
E02521,105000,0,1,4,High (100k+)
E02522,91500,0,4,6,Mid (60-100k)
E02523,210500,5,3,7,High (100k+)
E02524,96000,5,4,8,Mid (60-100k)
E02525,183500,0,3,4,High (100k+)
E02526,157000,5,1,6,High (100k+)
E02527,103500,0,3,5,High (100k+)
E02528,99000,0,4,7,Mid (60-100k)
E02529,179500,10,3,2,High (100k+)
E02530,69500,15,3,4,Mid (60-100k)
E02531,130500,15,3,10,High (100k+)
E02532,84000,5,4,8,Mid (60-100k)
E02533,140000,10,3,6,High (100k+)
E02534,62500,5,4,10,Mid (60-100k)
E02535,79500,0,4,7,Mid (60-100k)
E02536,167500,10,3,6,High (100k+)
E02537,55000,5,5,6,Low (<60k)
E02538,113500,10,3,6,High (100k+)
E02539,139500,0,3,6,High (100k+)
E02540,154500,10,2,6,High (100k+)
E02541,158500,0,5,6,High (100k+)
E02542,64000,5,2,5,Mid (60-100k)
E02543,121500,0,2,5,High (100k+)
E02544,166000,0,2,8,High (100k+)
E02545,89500,5,5,7,Mid (60-100k)
E02546,108000,5,4,6,High (100k+)
E02547,111000,0,4,6,High (100k+)
E02548,83500,0,5,7,Mid (60-100k)
E02549,110000,0,3,4,High (100k+)
E02550,165500,0,3,8,High (100k+)
E02551,88000,0,3,5,Mid (60-100k)
E02552,179000,0,4,8,High (100k+)
E02553,81000,5,3,9,Mid (60-100k)
E02554,106000,10,4,4,High (100k+)
E02555,98000,0,3,4,Mid (60-100k)
E02556,111500,0,2,6,High (100k+)
E02557,86500,20,3,2,Mid (60-100k)
E02558,90500,10,3,4,Mid (60-100k)
E02559,234000,5,3,6,High (100k+)
E02560,91500,0,2,8,Mid (60-100k)
E02561,72000,15,3,8,Mid (60-100k)
E02562,156000,10,4,9,High (100k+)
E02563,76000,0,5,4,Mid (60-100k)
E02564,82500,10,3,6,Mid (60-100k)
E02565,90500,0,2,1,Mid (60-100k)
E02566,108000,10,3,5,High (100k+)
E02567,78000,10,2,5,Mid (60-100k)
E02568,82000,0,5,7,Mid (60-100k)
E02569,102000,10,5,6,High (100k+)
E02570,121000,10,4,5,High (100k+)
E02571,72000,5,4,7,Mid (60-100k)
E02572,87500,0,3,6,Mid (60-100k)
E02573,93000,0,4,6,Mid (60-100k)
E02574,138000,5,4,7,High (100k+)
E02575,151500,0,5,8,High (100k+)
E02576,108500,0,5,6,High (100k+)
E02577,118000,5,3,7,High (100k+)
E02578,130500,0,3,5,High (100k+)
E02579,229000,10,3,3,High (100k+)
E02580,63500,5,3,4,Mid (60-100k)
E02581,70500,10,4,4,Mid (60-100k)
E02582,103500,10,4,6,High (100k+)
E02583,111500,0,4,5,High (100k+)
E02584,90500,0,5,8,Mid (60-100k)
E02585,61000,0,4,7,Mid (60-100k)
E02586,80000,0,2,5,Mid (60-100k)
E02587,77000,0,3,7,Mid (60-100k)
E02588,143000,0,5,5,High (100k+)
E02589,137000,0,4,7,High (100k+)
E02590,73500,0,5,3,Mid (60-100k)
E02591,61500,0,4,7,Mid (60-100k)
E02592,65500,5,3,5,Mid (60-100k)
E02593,107000,5,3,8,High (100k+)
E02594,148000,10,4,6,High (100k+)
E02595,72500,0,3,5,Mid (60-100k)
E02596,187500,10,3,4,High (100k+)
E02597,85500,5,3,5,Mid (60-100k)
E02598,148500,0,2,8,High (100k+)
E02599,182000,10,3,4,High (100k+)
E02600,141500,0,3,6,High (100k+)
E02601,107000,0,5,8,High (100k+)
E02602,198000,0,3,4,High (100k+)
E02603,73500,0,5,8,Mid (60-100k)
E02604,119000,15,4,6,High (100k+)
E02605,141500,15,4,7,High (100k+)
E02606,102000,5,4,6,High (100k+)
E02607,117000,15,4,6,High (100k+)
E02608,145000,10,3,6,High (100k+)
E02609,146000,10,4,3,High (100k+)
E02610,171000,0,5,7,High (100k+)
E02611,67500,15,3,4,Mid (60-100k)
E02612,102000,0,5,8,High (100k+)
E02613,96500,10,3,7,Mid (60-100k)
E02614,82000,5,3,7,Mid (60-100k)
E02615,122500,5,4,8,High (100k+)
E02616,100500,10,3,3,High (100k+)
E02617,75500,20,5,7,Mid (60-100k)
E02618,140500,5,3,3,High (100k+)
E02619,286500,10,3,8,High (100k+)
E02620,55500,5,3,6,Low (<60k)
E02621,45000,10,3,5,Low (<60k)
E02622,95500,0,4,6,Mid (60-100k)
E02623,79000,5,3,6,Mid (60-100k)
E02624,84500,0,4,6,Mid (60-100k)
E02625,120500,5,1,7,High (100k+)
E02626,57500,0,4,8,Low (<60k)
E02627,98000,0,4,6,Mid (60-100k)
E02628,127500,5,4,6,High (100k+)
E02629,93000,10,4,8,Mid (60-100k)
E02630,124000,5,3,6,High (100k+)
E02631,190000,10,2,8,High (100k+)
E02632,103500,0,3,6,High (100k+)
E02633,92500,5,4,6,Mid (60-100k)
E02634,91000,10,4,7,Mid (60-100k)
E02635,138000,5,5,7,High (100k+)
E02636,136000,0,5,10,High (100k+)
E02637,72000,5,4,3,Mid (60-100k)
E02638,77500,0,3,6,Mid (60-100k)
E02639,85500,0,3,10,Mid (60-100k)
E02640,130000,10,3,5,High (100k+)
E02641,91500,5,2,5,Mid (60-100k)
E02642,103000,10,4,5,High (100k+)
E02643,98000,20,1,7,Mid (60-100k)
E02644,162000,0,4,8,High (100k+)
E02645,156500,10,3,7,High (100k+)
E02646,83000,0,3,9,Mid (60-100k)
E02647,59500,15,4,8,Low (<60k)
E02648,132000,15,4,7,High (100k+)
E02649,50000,0,2,8,Low (<60k)
E02650,109000,0,3,6,High (100k+)
E02651,135500,0,3,3,High (100k+)
E02652,71000,5,5,10,Mid (60-100k)
E02653,99500,15,4,10,Mid (60-100k)
E02654,161000,10,4,10,High (100k+)
E02655,81500,10,5,3,Mid (60-100k)
E02656,78500,0,3,5,Mid (60-100k)
E02657,68500,0,4,5,Mid (60-100k)
E02658,138500,10,4,5,High (100k+)
E02659,154000,5,5,7,High (100k+)
E02660,60500,5,4,6,Mid (60-100k)
E02661,138000,5,4,6,High (100k+)
E02662,221000,5,5,5,High (100k+)
E02663,186000,15,4,4,High (100k+)
E02664,223500,0,4,3,High (100k+)
E02665,120500,5,3,7,High (100k+)
E02666,119500,0,2,7,High (100k+)
E02667,137500,10,3,7,High (100k+)
E02668,117500,0,3,8,High (100k+)
E02669,213000,10,5,3,High (100k+)
E02670,63500,10,3,6,Mid (60-100k)
E02671,110000,0,4,5,High (100k+)
E02672,69500,0,2,7,Mid (60-100k)
E02673,138500,10,4,7,High (100k+)
E02674,116500,20,3,6,High (100k+)
E02675,173500,20,4,7,High (100k+)
E02676,88000,10,4,7,Mid (60-100k)
E02677,90000,0,5,6,Mid (60-100k)
E02678,109000,0,4,5,High (100k+)
E02679,99000,5,5,5,Mid (60-100k)
E02680,63500,0,3,9,Mid (60-100k)
E02681,90500,10,3,8,Mid (60-100k)
E02682,158000,10,4,3,High (100k+)
E02683,62000,0,3,5,Mid (60-100k)
E02684,141500,10,4,6,High (100k+)
E02685,144000,20,4,6,High (100k+)
E02686,250000,10,4,8,High (100k+)
E02687,119500,5,2,8,High (100k+)
E02688,142000,10,4,7,High (100k+)
E02689,262000,10,2,7,High (100k+)
E02690,130000,0,5,8,High (100k+)
E02691,86000,10,4,4,Mid (60-100k)
E02692,130000,10,3,7,High (100k+)
E02693,192500,0,3,8,High (100k+)
E02694,73500,10,3,2,Mid (60-100k)
E02695,154500,0,4,4,High (100k+)
E02696,89500,0,4,8,Mid (60-100k)
E02697,101000,5,3,7,High (100k+)
E02698,108500,0,4,7,High (100k+)
E02699,76500,0,5,6,Mid (60-100k)
E02700,80500,5,3,7,Mid (60-100k)
E02701,105000,0,3,6,High (100k+)
E02702,101000,0,5,4,High (100k+)
E02703,122500,0,5,6,High (100k+)
E02704,109500,10,5,6,High (100k+)
E02705,64500,0,1,4,Mid (60-100k)
E02706,122000,15,3,5,High (100k+)
E02707,60500,5,3,10,Mid (60-100k)
E02708,74500,5,4,3,Mid (60-100k)
E02709,142500,0,4,8,High (100k+)
E02710,138500,5,5,5,High (100k+)
E02711,195500,10,4,5,High (100k+)
E02712,111500,20,3,7,High (100k+)
E02713,70500,0,3,6,Mid (60-100k)
E02714,69500,0,3,4,Mid (60-100k)
E02715,125500,10,4,6,High (100k+)
E02716,174500,20,3,8,High (100k+)
E02717,110000,0,2,5,High (100k+)
E02718,159500,5,3,8,High (100k+)
E02719,129500,5,3,8,High (100k+)
E02720,155500,0,3,7,High (100k+)
E02721,138000,5,3,8,High (100k+)
E02722,96000,5,4,10,Mid (60-100k)
E02723,75500,0,4,4,Mid (60-100k)
E02724,158000,10,5,3,High (100k+)
E02725,91000,10,3,4,Mid (60-100k)
E02726,94500,10,3,7,Mid (60-100k)
E02727,52500,0,3,6,Low (<60k)
E02728,134500,20,4,6,High (100k+)
E02729,70000,10,3,7,Mid (60-100k)
E02730,88000,0,5,8,Mid (60-100k)
E02731,156000,5,5,7,High (100k+)
E02732,107000,0,3,7,High (100k+)
E02733,98500,10,4,7,Mid (60-100k)
E02734,93500,0,5,6,Mid (60-100k)
E02735,127500,0,5,7,High (100k+)
E02736,107500,15,5,6,High (100k+)
E02737,97500,15,2,5,Mid (60-100k)
E02738,152000,5,1,9,High (100k+)
E02739,68000,0,4,5,Mid (60-100k)
E02740,178500,5,3,5,High (100k+)
E02741,80000,0,5,7,Mid (60-100k)
E02742,42500,5,3,7,Low (<60k)
E02743,102000,5,3,5,High (100k+)
E02744,143000,5,3,9,High (100k+)
E02745,71500,20,3,4,Mid (60-100k)
E02746,114000,5,3,5,High (100k+)
E02747,115000,0,3,4,High (100k+)
E02748,199000,5,2,7,High (100k+)
E02749,124000,20,4,6,High (100k+)
E02750,65500,15,3,9,Mid (60-100k)
E02751,53000,5,2,8,Low (<60k)
E02752,106500,10,3,6,High (100k+)
E02753,89000,0,4,6,Mid (60-100k)
E02754,177000,0,5,5,High (100k+)
E02755,71500,0,4,9,Mid (60-100k)
E02756,63000,10,3,8,Mid (60-100k)
E02757,66500,0,5,8,Mid (60-100k)
E02758,224000,5,5,4,High (100k+)
E02759,86500,5,3,1,Mid (60-100k)
E02760,111000,0,4,6,High (100k+)
E02761,69000,10,3,6,Mid (60-100k)
E02762,161000,5,4,6,High (100k+)
E02763,64500,0,4,5,Mid (60-100k)
E02764,74500,0,3,10,Mid (60-100k)
E02765,181500,0,4,6,High (100k+)
E02766,216000,0,4,6,High (100k+)
E02767,72500,5,3,5,Mid (60-100k)
E02768,168500,0,3,6,High (100k+)
E02769,74000,0,2,10,Mid (60-100k)
E02770,69000,10,2,2,Mid (60-100k)
E02771,65000,10,4,8,Mid (60-100k)
E02772,80500,10,4,7,Mid (60-100k)
E02773,104500,10,5,6,High (100k+)
E02774,139500,10,3,5,High (100k+)
E02775,108500,0,3,5,High (100k+)
E02776,76500,15,4,6,Mid (60-100k)
E02777,104000,0,3,5,High (100k+)
E02778,161500,0,4,5,High (100k+)
E02779,157500,10,3,6,High (100k+)
E02780,129000,10,2,7,High (100k+)
E02781,88500,5,4,6,Mid (60-100k)
E02782,111000,5,3,7,High (100k+)
E02783,122500,10,3,4,High (100k+)
E02784,155500,0,3,3,High (100k+)
E02785,137500,5,3,7,High (100k+)
E02786,133500,0,4,7,High (100k+)
E02787,159500,0,4,8,High (100k+)
E02788,93000,10,2,9,Mid (60-100k)
E02789,135500,5,5,8,High (100k+)
E02790,108500,0,4,9,High (100k+)
E02791,75000,5,3,7,Mid (60-100k)
E02792,159000,10,3,6,High (100k+)
E02793,182000,0,4,6,High (100k+)
E02794,126500,20,3,7,High (100k+)
E02795,100500,10,4,3,High (100k+)
E02796,101000,5,4,7,High (100k+)
E02797,181500,0,5,8,High (100k+)
E02798,105500,10,4,9,High (100k+)
E02799,71000,15,4,7,Mid (60-100k)
E02800,109500,5,4,7,High (100k+)
E02801,115500,10,5,8,High (100k+)
E02802,159500,5,2,5,High (100k+)
E02803,140000,0,4,5,High (100k+)
E02804,83500,0,4,9,Mid (60-100k)
E02805,125000,0,3,7,High (100k+)
E02806,59000,0,4,6,Low (<60k)
E02807,130000,5,4,4,High (100k+)
E02808,89000,0,4,7,Mid (60-100k)
E02809,101500,0,5,6,High (100k+)
E02810,88500,0,2,6,Mid (60-100k)
E02811,118500,20,3,6,High (100k+)
E02812,117000,5,4,5,High (100k+)
E02813,99500,10,4,5,Mid (60-100k)
E02814,114500,0,4,6,High (100k+)
E02815,129000,10,4,8,High (100k+)
E02816,203500,5,4,7,High (100k+)
E02817,43000,20,4,3,Low (<60k)
E02818,122500,15,4,8,High (100k+)
E02819,155500,0,4,6,High (100k+)
E02820,72000,5,5,8,Mid (60-100k)
E02821,149000,0,5,6,High (100k+)
E02822,144000,15,4,6,High (100k+)
E02823,75500,0,3,8,Mid (60-100k)
E02824,94000,0,4,7,Mid (60-100k)
E02825,169000,0,4,6,High (100k+)
E02826,120000,10,4,3,High (100k+)
E02827,50500,10,3,8,Low (<60k)
E02828,97500,5,4,8,Mid (60-100k)
E02829,75000,0,4,10,Mid (60-100k)
E02830,208000,20,5,3,High (100k+)
E02831,79500,20,5,5,Mid (60-100k)
E02832,188000,0,3,5,High (100k+)
E02833,92000,10,3,5,Mid (60-100k)
E02834,159500,15,5,5,High (100k+)
E02835,80000,10,4,5,Mid (60-100k)
E02836,71500,0,4,8,Mid (60-100k)
E02837,170000,20,3,5,High (100k+)
E02838,168500,15,3,4,High (100k+)
E02839,149500,5,2,4,High (100k+)
E02840,100500,0,4,4,High (100k+)
E02841,67000,0,3,7,Mid (60-100k)
E02842,123000,0,4,5,High (100k+)
E02843,72000,15,4,6,Mid (60-100k)
E02844,62500,0,3,7,Mid (60-100k)
E02845,93500,0,3,10,Mid (60-100k)
E02846,68500,20,4,3,Mid (60-100k)
E02847,78500,0,5,9,Mid (60-100k)
E02848,117500,5,3,8,High (100k+)
E02849,121500,0,4,5,High (100k+)
E02850,100500,15,4,6,High (100k+)
E02851,93500,5,5,4,Mid (60-100k)
E02852,76500,20,3,8,Mid (60-100k)
E02853,69500,10,1,7,Mid (60-100k)
E02854,135500,5,5,10,High (100k+)
E02855,105000,5,3,4,High (100k+)
E02856,72000,5,3,5,Mid (60-100k)
E02857,46500,0,4,5,Low (<60k)
E02858,113000,20,2,10,High (100k+)
E02859,98000,0,3,7,Mid (60-100k)
E02860,97500,5,3,7,Mid (60-100k)
E02861,74500,10,2,6,Mid (60-100k)
E02862,86500,15,3,7,Mid (60-100k)
E02863,130500,0,4,7,High (100k+)
E02864,93500,5,4,6,Mid (60-100k)
E02865,193500,0,3,7,High (100k+)
E02866,128000,0,4,8,High (100k+)
E02867,60000,0,4,9,Mid (60-100k)
E02868,103000,0,3,6,High (100k+)
E02869,69500,20,5,8,Mid (60-100k)
E02870,178500,10,5,8,High (100k+)
E02871,154500,0,4,8,High (100k+)
E02872,79000,0,5,8,Mid (60-100k)
E02873,160000,5,3,6,High (100k+)
E02874,147000,5,4,8,High (100k+)
E02875,121000,5,5,2,High (100k+)
E02876,109000,0,4,7,High (100k+)
E02877,143000,10,3,10,High (100k+)
E02878,69000,0,3,8,Mid (60-100k)
E02879,65500,0,3,5,Mid (60-100k)
E02880,78000,0,4,7,Mid (60-100k)
E02881,122000,15,4,10,High (100k+)
E02882,166500,0,4,7,High (100k+)
E02883,93500,0,4,6,Mid (60-100k)
E02884,212500,10,5,8,High (100k+)
E02885,90500,0,4,4,Mid (60-100k)
E02886,111000,0,5,5,High (100k+)
E02887,184500,5,4,5,High (100k+)
E02888,98000,5,3,5,Mid (60-100k)
E02889,112500,15,3,3,High (100k+)
E02890,109500,5,4,4,High (100k+)
E02891,97500,0,4,8,Mid (60-100k)
E02892,58500,15,3,7,Low (<60k)
E02893,133500,5,3,9,High (100k+)
E02894,224000,5,5,4,High (100k+)
E02895,94500,15,4,2,Mid (60-100k)
E02896,181500,0,5,5,High (100k+)
E02897,99000,5,4,4,Mid (60-100k)
E02898,59500,0,3,3,Low (<60k)
E02899,144000,5,3,7,High (100k+)
E02900,91500,0,5,7,Mid (60-100k)
E02901,91500,5,3,6,Mid (60-100k)
E02902,139000,15,3,5,High (100k+)
E02903,167000,0,3,6,High (100k+)
E02904,122000,0,4,2,High (100k+)
E02905,96000,0,3,2,Mid (60-100k)
E02906,117500,0,5,5,High (100k+)
E02907,62000,0,5,8,Mid (60-100k)
E02908,104000,20,3,8,High (100k+)
E02909,123000,20,3,6,High (100k+)
E02910,108500,0,4,7,High (100k+)
E02911,107000,10,3,10,High (100k+)
E02912,64000,0,5,3,Mid (60-100k)
E02913,159000,0,4,7,High (100k+)
E02914,51000,15,5,5,Low (<60k)
E02915,55500,0,3,6,Low (<60k)
E02916,117000,0,3,5,High (100k+)
E02917,100000,0,4,5,High (100k+)
E02918,140000,0,3,8,High (100k+)
E02919,55500,0,4,4,Low (<60k)
E02920,106500,10,5,6,High (100k+)
E02921,183500,5,3,8,High (100k+)
E02922,64000,10,4,7,Mid (60-100k)
E02923,163000,5,5,3,High (100k+)
E02924,61000,20,5,4,Mid (60-100k)
E02925,71000,5,5,4,Mid (60-100k)
E02926,167500,0,3,6,High (100k+)
E02927,95000,15,3,5,Mid (60-100k)
E02928,110500,10,2,9,High (100k+)
E02929,69000,20,4,6,Mid (60-100k)
E02930,137000,0,3,6,High (100k+)
E02931,64500,0,4,7,Mid (60-100k)
E02932,170500,15,2,4,High (100k+)
E02933,133500,5,4,5,High (100k+)
E02934,116500,0,3,4,High (100k+)
E02935,121500,20,4,8,High (100k+)
E02936,112500,10,3,6,High (100k+)
E02937,204000,0,4,6,High (100k+)
E02938,81000,5,2,2,Mid (60-100k)
E02939,142000,5,4,6,High (100k+)
E02940,110000,0,2,8,High (100k+)
E02941,113000,5,4,10,High (100k+)
E02942,66000,0,5,4,Mid (60-100k)
E02943,119000,0,3,6,High (100k+)
E02944,100000,5,4,10,High (100k+)
E02945,58000,5,3,5,Low (<60k)
E02946,112500,10,3,9,High (100k+)
E02947,90000,15,3,7,Mid (60-100k)
E02948,106000,0,5,4,High (100k+)
E02949,85500,5,3,6,Mid (60-100k)
E02950,186500,15,3,7,High (100k+)
E02951,125000,0,2,4,High (100k+)
E02952,163000,5,4,4,High (100k+)
E02953,151500,0,4,5,High (100k+)
E02954,86000,0,2,2,Mid (60-100k)
E02955,70500,0,4,3,Mid (60-100k)
E02956,148000,10,2,6,High (100k+)
E02957,72500,15,5,7,Mid (60-100k)
E02958,177000,0,4,7,High (100k+)
E02959,62500,0,4,7,Mid (60-100k)
E02960,52000,5,4,7,Low (<60k)
E02961,47000,20,3,5,Low (<60k)
E02962,183000,10,4,6,High (100k+)
E02963,111500,5,3,4,High (100k+)
E02964,102000,10,3,3,High (100k+)
E02965,100000,5,4,7,High (100k+)
E02966,98000,20,4,7,Mid (60-100k)
E02967,107500,0,4,6,High (100k+)
E02968,103500,0,3,7,High (100k+)
E02969,106000,15,2,4,High (100k+)
E02970,138500,5,4,6,High (100k+)
E02971,95500,20,3,7,Mid (60-100k)
E02972,111500,10,4,7,High (100k+)
E02973,126000,10,4,5,High (100k+)
E02974,61500,0,4,5,Mid (60-100k)
E02975,61000,5,4,2,Mid (60-100k)
E02976,156000,10,3,8,High (100k+)
E02977,144500,5,2,4,High (100k+)
E02978,65000,0,3,8,Mid (60-100k)
E02979,121500,5,5,5,High (100k+)
E02980,134000,5,5,6,High (100k+)
E02981,162500,5,5,4,High (100k+)
E02982,91000,0,3,5,Mid (60-100k)
E02983,137500,15,3,6,High (100k+)
E02984,211500,10,3,5,High (100k+)
E02985,88500,0,3,5,Mid (60-100k)
E02986,124000,10,5,4,High (100k+)
E02987,77000,0,4,7,Mid (60-100k)
E02988,70000,10,2,9,Mid (60-100k)
E02989,83500,5,3,5,Mid (60-100k)
E02990,95500,0,3,6,Mid (60-100k)
E02991,88500,20,3,6,Mid (60-100k)
E02992,165000,0,2,8,High (100k+)
E02993,108500,20,4,8,High (100k+)
E02994,66000,10,5,5,Mid (60-100k)
E02995,101500,10,3,3,High (100k+)
E02996,128000,20,3,4,High (100k+)
E02997,184500,10,5,8,High (100k+)
E02998,94500,20,3,8,Mid (60-100k)
E02999,96500,0,4,9,Mid (60-100k)
E03000,98500,5,4,1,Mid (60-100k)
