EventID,EmployeeID,EventType,EventDate,Detail
EVT-HIRE-E00001,E00001,Hire,2021-05-02,
EVT-HIRE-E00002,E00002,Hire,2021-03-29,
EVT-HIRE-E00003,E00003,Hire,2020-11-08,
EVT-HIRE-E00004,E00004,Hire,2024-06-21,
EVT-HIRE-E00005,E00005,Hire,2025-10-22,
EVT-HIRE-E00006,E00006,Hire,2025-02-14,
EVT-HIRE-E00007,E00007,Hire,2020-02-07,
EVT-HIRE-E00008,E00008,Hire,2020-05-17,
EVT-EXIT-E00008,E00008,Exit,2020-09-24,Resigned
EVT-HIRE-E00009,E00009,Hire,2022-12-27,
EVT-EXIT-E00009,E00009,Exit,2023-02-10,Resigned
EVT-HIRE-E00010,E00010,Hire,2021-05-09,
EVT-HIRE-E00011,E00011,Hire,2022-07-02,
EVT-HIRE-E00012,E00012,Hire,2025-10-31,
EVT-HIRE-E00013,E00013,Hire,2023-05-28,
EVT-HIRE-E00014,E00014,Hire,2024-06-22,
EVT-HIRE-E00015,E00015,Hire,2025-10-18,
EVT-EXIT-E00015,E00015,Exit,2025-12-30,Resigned
EVT-HIRE-E00016,E00016,Hire,2025-03-30,
EVT-EXIT-E00016,E00016,Exit,2025-07-18,Resigned
EVT-HIRE-E00017,E00017,Hire,2022-01-17,
EVT-HIRE-E00018,E00018,Hire,2021-06-27,
EVT-HIRE-E00019,E00019,Hire,2023-07-12,
EVT-HIRE-E00020,E00020,Hire,2023-12-05,
EVT-HIRE-E00021,E00021,Hire,2022-10-27,
EVT-HIRE-E00022,E00022,Hire,2020-03-24,
EVT-EXIT-E00022,E00022,Exit,2020-07-26,Layoff
EVT-HIRE-E00023,E00023,Hire,2023-12-29,
EVT-EXIT-E00023,E00023,Exit,2024-02-25,Performance / Termination
EVT-HIRE-E00024,E00024,Hire,2020-04-05,
EVT-HIRE-E00025,E00025,Hire,2023-07-24,
EVT-HIRE-E00026,E00026,Hire,2023-02-03,
EVT-HIRE-E00027,E00027,Hire,2025-11-13,
EVT-HIRE-E00028,E00028,Hire,2020-07-01,
EVT-HIRE-E00029,E00029,Hire,2022-02-16,
EVT-HIRE-E00030,E00030,Hire,2021-11-30,
EVT-HIRE-E00031,E00031,Hire,2025-12-19,
EVT-HIRE-E00032,E00032,Hire,2025-10-26,
EVT-HIRE-E00033,E00033,Hire,2023-08-24,
EVT-EXIT-E00033,E00033,Exit,2023-12-28,Retirement
EVT-HIRE-E00034,E00034,Hire,2024-04-12,
EVT-HIRE-E00035,E00035,Hire,2023-09-20,
EVT-EXIT-E00035,E00035,Exit,2023-11-27,Relocation
EVT-HIRE-E00036,E00036,Hire,2025-10-17,
EVT-HIRE-E00037,E00037,Hire,2023-10-19,
EVT-HIRE-E00038,E00038,Hire,2020-02-16,
EVT-HIRE-E00039,E00039,Hire,2020-07-01,
EVT-HIRE-E00040,E00040,Hire,2020-05-30,
EVT-EXIT-E00040,E00040,Exit,2020-08-22,Resigned
EVT-HIRE-E00041,E00041,Hire,2025-09-15,
EVT-HIRE-E00042,E00042,Hire,2022-11-20,
EVT-EXIT-E00042,E00042,Exit,2023-02-06,Resigned
EVT-HIRE-E00043,E00043,Hire,2025-06-24,
EVT-HIRE-E00044,E00044,Hire,2020-09-07,
EVT-HIRE-E00045,E00045,Hire,2021-09-22,
EVT-HIRE-E00046,E00046,Hire,2025-09-12,
EVT-EXIT-E00046,E00046,Exit,2025-12-30,Resigned
EVT-HIRE-E00047,E00047,Hire,2024-11-09,
EVT-HIRE-E00048,E00048,Hire,2024-12-09,
EVT-HIRE-E00049,E00049,Hire,2024-11-10,
EVT-HIRE-E00050,E00050,Hire,2021-07-19,
EVT-HIRE-E00051,E00051,Hire,2025-04-03,
EVT-EXIT-E00051,E00051,Exit,2025-08-31,Resigned
EVT-HIRE-E00052,E00052,Hire,2025-05-14,
EVT-HIRE-E00053,E00053,Hire,2023-10-03,
EVT-HIRE-E00054,E00054,Hire,2022-01-24,
EVT-HIRE-E00055,E00055,Hire,2022-12-30,
EVT-EXIT-E00055,E00055,Exit,2023-04-28,Resigned
EVT-HIRE-E00056,E00056,Hire,2021-03-30,
EVT-EXIT-E00056,E00056,Exit,2021-06-22,Retirement
EVT-HIRE-E00057,E00057,Hire,2021-04-18,
EVT-HIRE-E00058,E00058,Hire,2023-04-08,
EVT-HIRE-E00059,E00059,Hire,2022-09-01,
EVT-EXIT-E00059,E00059,Exit,2022-10-04,Retirement
EVT-HIRE-E00060,E00060,Hire,2022-03-27,
EVT-EXIT-E00060,E00060,Exit,2022-07-06,Retirement
EVT-HIRE-E00061,E00061,Hire,2021-09-02,
EVT-HIRE-E00062,E00062,Hire,2020-03-27,
EVT-HIRE-E00063,E00063,Hire,2021-12-19,
EVT-HIRE-E00064,E00064,Hire,2021-08-27,
EVT-EXIT-E00064,E00064,Exit,2021-10-03,Resigned
EVT-HIRE-E00065,E00065,Hire,2023-01-26,
EVT-HIRE-E00066,E00066,Hire,2024-07-10,
EVT-HIRE-E00067,E00067,Hire,2022-09-20,
EVT-HIRE-E00068,E00068,Hire,2020-05-28,
EVT-HIRE-E00069,E00069,Hire,2023-12-05,
EVT-HIRE-E00070,E00070,Hire,2020-04-29,
EVT-HIRE-E00071,E00071,Hire,2025-02-16,
EVT-EXIT-E00071,E00071,Exit,2025-05-03,Retirement
EVT-HIRE-E00072,E00072,Hire,2021-03-08,
EVT-EXIT-E00072,E00072,Exit,2021-06-15,Retirement
EVT-HIRE-E00073,E00073,Hire,2021-06-20,
EVT-HIRE-E00074,E00074,Hire,2025-11-16,
EVT-EXIT-E00074,E00074,Exit,2025-12-01,Retirement
EVT-HIRE-E00075,E00075,Hire,2024-08-08,
EVT-HIRE-E00076,E00076,Hire,2022-10-28,
EVT-HIRE-E00077,E00077,Hire,2020-01-08,
EVT-HIRE-E00078,E00078,Hire,2024-10-29,
EVT-HIRE-E00079,E00079,Hire,2020-04-04,
EVT-HIRE-E00080,E00080,Hire,2020-11-15,
EVT-HIRE-E00081,E00081,Hire,2020-09-30,
EVT-HIRE-E00082,E00082,Hire,2024-12-12,
EVT-HIRE-E00083,E00083,Hire,2021-08-24,
EVT-HIRE-E00084,E00084,Hire,2021-02-26,
EVT-HIRE-E00085,E00085,Hire,2021-03-31,
EVT-HIRE-E00086,E00086,Hire,2025-04-12,
EVT-HIRE-E00087,E00087,Hire,2023-02-04,
EVT-HIRE-E00088,E00088,Hire,2025-05-15,
EVT-HIRE-E00089,E00089,Hire,2023-07-14,
EVT-HIRE-E00090,E00090,Hire,2024-10-22,
EVT-HIRE-E00091,E00091,Hire,2025-03-22,
EVT-EXIT-E00091,E00091,Exit,2025-07-04,Resigned
EVT-HIRE-E00092,E00092,Hire,2022-07-12,
EVT-HIRE-E00093,E00093,Hire,2022-01-04,
EVT-HIRE-E00094,E00094,Hire,2022-09-05,
EVT-HIRE-E00095,E00095,Hire,2025-03-25,
EVT-EXIT-E00095,E00095,Exit,2025-07-07,Resigned
EVT-HIRE-E00096,E00096,Hire,2025-11-21,
EVT-EXIT-E00096,E00096,Exit,2025-12-06,Resigned
EVT-HIRE-E00097,E00097,Hire,2022-12-22,
EVT-HIRE-E00098,E00098,Hire,2022-12-27,
EVT-EXIT-E00098,E00098,Exit,2023-03-15,Resigned
EVT-HIRE-E00099,E00099,Hire,2023-07-08,
EVT-HIRE-E00100,E00100,Hire,2024-03-09,
EVT-HIRE-E00101,E00101,Hire,2024-06-29,
EVT-EXIT-E00101,E00101,Exit,2024-09-28,Resigned
EVT-HIRE-E00102,E00102,Hire,2024-05-16,
EVT-HIRE-E00103,E00103,Hire,2021-01-18,
EVT-HIRE-E00104,E00104,Hire,2022-02-18,
EVT-HIRE-E00105,E00105,Hire,2024-07-07,
EVT-HIRE-E00106,E00106,Hire,2023-07-20,
EVT-HIRE-E00107,E00107,Hire,2024-07-23,
EVT-HIRE-E00108,E00108,Hire,2021-09-25,
EVT-EXIT-E00108,E00108,Exit,2021-11-23,Relocation
EVT-HIRE-E00109,E00109,Hire,2021-05-06,
EVT-HIRE-E00110,E00110,Hire,2021-12-30,
EVT-HIRE-E00111,E00111,Hire,2025-09-25,
EVT-HIRE-E00112,E00112,Hire,2024-07-15,
EVT-HIRE-E00113,E00113,Hire,2024-01-22,
EVT-HIRE-E00114,E00114,Hire,2023-01-11,
EVT-HIRE-E00115,E00115,Hire,2024-05-03,
EVT-HIRE-E00116,E00116,Hire,2022-10-23,
EVT-HIRE-E00117,E00117,Hire,2021-04-11,
EVT-HIRE-E00118,E00118,Hire,2020-02-18,
EVT-HIRE-E00119,E00119,Hire,2025-06-30,
EVT-EXIT-E00119,E00119,Exit,2025-11-07,Resigned
EVT-HIRE-E00120,E00120,Hire,2023-03-11,
EVT-HIRE-E00121,E00121,Hire,2021-03-23,
EVT-HIRE-E00122,E00122,Hire,2021-06-06,
EVT-HIRE-E00123,E00123,Hire,2020-07-01,
EVT-HIRE-E00124,E00124,Hire,2025-10-21,
EVT-EXIT-E00124,E00124,Exit,2025-12-30,Layoff
EVT-HIRE-E00125,E00125,Hire,2021-08-16,
EVT-HIRE-E00126,E00126,Hire,2023-01-23,
EVT-HIRE-E00127,E00127,Hire,2023-04-02,
EVT-HIRE-E00128,E00128,Hire,2024-06-10,
EVT-HIRE-E00129,E00129,Hire,2024-03-01,
EVT-EXIT-E00129,E00129,Exit,2024-04-29,Layoff
EVT-HIRE-E00130,E00130,Hire,2025-04-07,
EVT-HIRE-E00131,E00131,Hire,2023-04-14,
EVT-HIRE-E00132,E00132,Hire,2025-11-05,
EVT-HIRE-E00133,E00133,Hire,2025-09-26,
EVT-HIRE-E00134,E00134,Hire,2023-06-18,
EVT-HIRE-E00135,E00135,Hire,2020-06-08,
EVT-HIRE-E00136,E00136,Hire,2020-11-06,
EVT-HIRE-E00137,E00137,Hire,2021-08-01,
EVT-HIRE-E00138,E00138,Hire,2021-07-18,
EVT-HIRE-E00139,E00139,Hire,2022-06-05,
EVT-HIRE-E00140,E00140,Hire,2025-03-24,
EVT-HIRE-E00141,E00141,Hire,2020-02-15,
EVT-HIRE-E00142,E00142,Hire,2022-07-21,
EVT-HIRE-E00143,E00143,Hire,2024-11-30,
EVT-EXIT-E00143,E00143,Exit,2025-01-07,Resigned
EVT-HIRE-E00144,E00144,Hire,2023-10-12,
EVT-HIRE-E00145,E00145,Hire,2025-10-02,
EVT-HIRE-E00146,E00146,Hire,2024-10-22,
EVT-HIRE-E00147,E00147,Hire,2025-07-16,
EVT-EXIT-E00147,E00147,Exit,2025-10-23,Layoff
EVT-HIRE-E00148,E00148,Hire,2022-03-29,
EVT-HIRE-E00149,E00149,Hire,2025-09-06,
EVT-HIRE-E00150,E00150,Hire,2025-12-14,
EVT-HIRE-E00151,E00151,Hire,2025-08-05,
EVT-EXIT-E00151,E00151,Exit,2025-10-21,Relocation
EVT-HIRE-E00152,E00152,Hire,2023-01-12,
EVT-HIRE-E00153,E00153,Hire,2024-08-30,
EVT-EXIT-E00153,E00153,Exit,2024-10-18,Resigned
EVT-HIRE-E00154,E00154,Hire,2023-04-02,
EVT-HIRE-E00155,E00155,Hire,2021-07-12,
EVT-HIRE-E00156,E00156,Hire,2022-08-21,
EVT-HIRE-E00157,E00157,Hire,2024-10-25,
EVT-HIRE-E00158,E00158,Hire,2025-01-15,
EVT-HIRE-E00159,E00159,Hire,2025-11-08,
EVT-HIRE-E00160,E00160,Hire,2021-08-08,
EVT-EXIT-E00160,E00160,Exit,2021-12-01,Layoff
EVT-HIRE-E00161,E00161,Hire,2024-01-17,
EVT-HIRE-E00162,E00162,Hire,2024-12-20,
EVT-HIRE-E00163,E00163,Hire,2025-04-22,
EVT-HIRE-E00164,E00164,Hire,2020-04-18,
EVT-HIRE-E00165,E00165,Hire,2020-02-15,
EVT-HIRE-E00166,E00166,Hire,2024-06-10,
EVT-HIRE-E00167,E00167,Hire,2023-11-23,
EVT-EXIT-E00167,E00167,Exit,2024-04-13,Resigned
EVT-HIRE-E00168,E00168,Hire,2023-11-04,
EVT-HIRE-E00169,E00169,Hire,2024-10-31,
EVT-EXIT-E00169,E00169,Exit,2025-01-11,Retirement
EVT-HIRE-E00170,E00170,Hire,2024-03-31,
EVT-HIRE-E00171,E00171,Hire,2022-02-08,
EVT-EXIT-E00171,E00171,Exit,2022-03-19,Resigned
EVT-HIRE-E00172,E00172,Hire,2025-09-04,
EVT-EXIT-E00172,E00172,Exit,2025-12-12,Resigned
EVT-HIRE-E00173,E00173,Hire,2024-08-27,
EVT-HIRE-E00174,E00174,Hire,2023-12-09,
EVT-HIRE-E00175,E00175,Hire,2024-08-28,
EVT-HIRE-E00176,E00176,Hire,2024-10-14,
EVT-HIRE-E00177,E00177,Hire,2022-05-13,
EVT-HIRE-E00178,E00178,Hire,2023-06-26,
EVT-HIRE-E00179,E00179,Hire,2022-10-29,
EVT-HIRE-E00180,E00180,Hire,2023-03-31,
EVT-HIRE-E00181,E00181,Hire,2024-06-14,
EVT-HIRE-E00182,E00182,Hire,2021-06-22,
EVT-HIRE-E00183,E00183,Hire,2024-11-30,
EVT-HIRE-E00184,E00184,Hire,2024-11-18,
EVT-HIRE-E00185,E00185,Hire,2020-06-28,
EVT-HIRE-E00186,E00186,Hire,2025-08-29,
EVT-HIRE-E00187,E00187,Hire,2021-06-01,
EVT-HIRE-E00188,E00188,Hire,2020-10-03,
EVT-HIRE-E00189,E00189,Hire,2020-07-23,
EVT-HIRE-E00190,E00190,Hire,2023-09-16,
EVT-HIRE-E00191,E00191,Hire,2021-01-01,
EVT-HIRE-E00192,E00192,Hire,2022-09-27,
EVT-HIRE-E00193,E00193,Hire,2023-03-10,
EVT-HIRE-E00194,E00194,Hire,2024-06-16,
EVT-HIRE-E00195,E00195,Hire,2025-06-15,
EVT-HIRE-E00196,E00196,Hire,2021-02-16,
EVT-HIRE-E00197,E00197,Hire,2025-11-05,
EVT-HIRE-E00198,E00198,Hire,2021-02-22,
EVT-HIRE-E00199,E00199,Hire,2020-09-13,
EVT-EXIT-E00199,E00199,Exit,2021-02-05,Layoff
EVT-HIRE-E00200,E00200,Hire,2023-04-21,
EVT-EXIT-E00200,E00200,Exit,2023-08-21,Resigned
EVT-HIRE-E00201,E00201,Hire,2024-04-18,
EVT-HIRE-E00202,E00202,Hire,2020-02-19,
EVT-EXIT-E00202,E00202,Exit,2020-06-04,Resigned
EVT-HIRE-E00203,E00203,Hire,2021-06-23,
EVT-HIRE-E00204,E00204,Hire,2020-05-04,
EVT-HIRE-E00205,E00205,Hire,2021-04-26,
EVT-HIRE-E00206,E00206,Hire,2023-01-29,
EVT-HIRE-E00207,E00207,Hire,2020-07-07,
EVT-HIRE-E00208,E00208,Hire,2025-04-01,
EVT-EXIT-E00208,E00208,Exit,2025-08-05,Retirement
EVT-HIRE-E00209,E00209,Hire,2020-05-25,
EVT-HIRE-E00210,E00210,Hire,2023-03-22,
EVT-HIRE-E00211,E00211,Hire,2024-10-20,
EVT-HIRE-E00212,E00212,Hire,2024-10-12,
EVT-EXIT-E00212,E00212,Exit,2024-12-19,Resigned
EVT-HIRE-E00213,E00213,Hire,2023-10-09,
EVT-HIRE-E00214,E00214,Hire,2024-04-21,
EVT-EXIT-E00214,E00214,Exit,2024-06-24,Resigned
EVT-HIRE-E00215,E00215,Hire,2025-12-07,
EVT-HIRE-E00216,E00216,Hire,2024-03-25,
EVT-HIRE-E00217,E00217,Hire,2024-08-11,
EVT-HIRE-E00218,E00218,Hire,2022-11-14,
EVT-EXIT-E00218,E00218,Exit,2022-12-22,Performance / Termination
EVT-HIRE-E00219,E00219,Hire,2021-02-13,
EVT-HIRE-E00220,E00220,Hire,2024-01-18,
EVT-HIRE-E00221,E00221,Hire,2025-03-18,
EVT-HIRE-E00222,E00222,Hire,2023-01-02,
EVT-HIRE-E00223,E00223,Hire,2021-09-28,
EVT-HIRE-E00224,E00224,Hire,2020-03-20,
EVT-HIRE-E00225,E00225,Hire,2023-08-10,
EVT-EXIT-E00225,E00225,Exit,2023-11-10,Resigned
EVT-HIRE-E00226,E00226,Hire,2021-09-28,
EVT-HIRE-E00227,E00227,Hire,2025-12-24,
EVT-EXIT-E00227,E00227,Exit,2025-12-30,Retirement
EVT-HIRE-E00228,E00228,Hire,2024-10-09,
EVT-HIRE-E00229,E00229,Hire,2020-03-29,
EVT-HIRE-E00230,E00230,Hire,2022-03-24,
EVT-EXIT-E00230,E00230,Exit,2022-04-23,Layoff
EVT-HIRE-E00231,E00231,Hire,2024-04-27,
EVT-HIRE-E00232,E00232,Hire,2025-03-19,
EVT-HIRE-E00233,E00233,Hire,2021-08-22,
EVT-HIRE-E00234,E00234,Hire,2024-05-06,
EVT-EXIT-E00234,E00234,Exit,2024-09-06,Resigned
EVT-HIRE-E00235,E00235,Hire,2021-12-15,
EVT-EXIT-E00235,E00235,Exit,2022-01-18,Retirement
EVT-HIRE-E00236,E00236,Hire,2025-06-09,
EVT-HIRE-E00237,E00237,Hire,2020-04-14,
EVT-EXIT-E00237,E00237,Exit,2020-06-22,Performance / Termination
EVT-HIRE-E00238,E00238,Hire,2025-01-19,
EVT-HIRE-E00239,E00239,Hire,2021-11-24,
EVT-EXIT-E00239,E00239,Exit,2022-04-01,Resigned
EVT-HIRE-E00240,E00240,Hire,2022-11-27,
EVT-HIRE-E00241,E00241,Hire,2024-09-16,
EVT-EXIT-E00241,E00241,Exit,2024-10-31,Performance / Termination
EVT-HIRE-E00242,E00242,Hire,2023-01-23,
EVT-HIRE-E00243,E00243,Hire,2022-06-17,
EVT-HIRE-E00244,E00244,Hire,2022-05-14,
EVT-HIRE-E00245,E00245,Hire,2020-07-01,
EVT-HIRE-E00246,E00246,Hire,2022-05-24,
EVT-HIRE-E00247,E00247,Hire,2020-06-05,
EVT-HIRE-E00248,E00248,Hire,2024-04-21,
EVT-EXIT-E00248,E00248,Exit,2024-06-04,Layoff
EVT-HIRE-E00249,E00249,Hire,2020-09-19,
EVT-HIRE-E00250,E00250,Hire,2022-06-23,
EVT-HIRE-E00251,E00251,Hire,2020-02-03,
EVT-EXIT-E00251,E00251,Exit,2020-06-16,Resigned
EVT-HIRE-E00252,E00252,Hire,2025-04-04,
EVT-HIRE-E00253,E00253,Hire,2023-06-27,
EVT-HIRE-E00254,E00254,Hire,2023-08-05,
EVT-HIRE-E00255,E00255,Hire,2021-11-26,
EVT-HIRE-E00256,E00256,Hire,2022-03-13,
EVT-HIRE-E00257,E00257,Hire,2021-10-17,
EVT-EXIT-E00257,E00257,Exit,2022-01-18,Retirement
EVT-HIRE-E00258,E00258,Hire,2020-10-25,
EVT-HIRE-E00259,E00259,Hire,2023-06-20,
EVT-HIRE-E00260,E00260,Hire,2025-07-24,
EVT-EXIT-E00260,E00260,Exit,2025-11-25,Layoff
EVT-HIRE-E00261,E00261,Hire,2025-11-28,
EVT-HIRE-E00262,E00262,Hire,2021-04-15,
EVT-HIRE-E00263,E00263,Hire,2022-10-30,
EVT-HIRE-E00264,E00264,Hire,2025-07-10,
EVT-HIRE-E00265,E00265,Hire,2024-08-29,
EVT-HIRE-E00266,E00266,Hire,2022-03-25,
EVT-HIRE-E00267,E00267,Hire,2023-06-24,
EVT-HIRE-E00268,E00268,Hire,2021-11-22,
EVT-HIRE-E00269,E00269,Hire,2025-03-31,
EVT-HIRE-E00270,E00270,Hire,2023-10-02,
EVT-HIRE-E00271,E00271,Hire,2021-08-15,
EVT-HIRE-E00272,E00272,Hire,2025-08-12,
EVT-HIRE-E00273,E00273,Hire,2020-04-21,
EVT-HIRE-E00274,E00274,Hire,2025-04-25,
EVT-HIRE-E00275,E00275,Hire,2022-02-10,
EVT-HIRE-E00276,E00276,Hire,2022-04-21,
EVT-HIRE-E00277,E00277,Hire,2021-02-01,
EVT-HIRE-E00278,E00278,Hire,2023-10-01,
EVT-HIRE-E00279,E00279,Hire,2024-09-02,
EVT-HIRE-E00280,E00280,Hire,2023-11-22,
EVT-HIRE-E00281,E00281,Hire,2024-02-06,
EVT-HIRE-E00282,E00282,Hire,2025-04-27,
EVT-HIRE-E00283,E00283,Hire,2022-08-02,
EVT-HIRE-E00284,E00284,Hire,2022-06-12,
EVT-HIRE-E00285,E00285,Hire,2025-01-16,
EVT-EXIT-E00285,E00285,Exit,2025-03-24,Layoff
EVT-HIRE-E00286,E00286,Hire,2025-10-18,
EVT-HIRE-E00287,E00287,Hire,2024-12-13,
EVT-HIRE-E00288,E00288,Hire,2020-12-30,
EVT-HIRE-E00289,E00289,Hire,2024-03-14,
EVT-EXIT-E00289,E00289,Exit,2024-08-11,Performance / Termination
EVT-HIRE-E00290,E00290,Hire,2023-10-23,
EVT-HIRE-E00291,E00291,Hire,2022-10-24,
EVT-HIRE-E00292,E00292,Hire,2020-10-19,
EVT-HIRE-E00293,E00293,Hire,2024-04-13,
EVT-EXIT-E00293,E00293,Exit,2024-08-24,Layoff
EVT-HIRE-E00294,E00294,Hire,2024-01-19,
EVT-HIRE-E00295,E00295,Hire,2024-08-18,
EVT-HIRE-E00296,E00296,Hire,2025-07-21,
EVT-HIRE-E00297,E00297,Hire,2023-07-06,
EVT-HIRE-E00298,E00298,Hire,2023-09-12,
EVT-HIRE-E00299,E00299,Hire,2021-08-10,
EVT-HIRE-E00300,E00300,Hire,2024-02-07,
EVT-HIRE-E00301,E00301,Hire,2020-08-26,
EVT-HIRE-E00302,E00302,Hire,2025-07-26,
EVT-HIRE-E00303,E00303,Hire,2021-02-06,
EVT-EXIT-E00303,E00303,Exit,2021-04-25,Performance / Termination
EVT-HIRE-E00304,E00304,Hire,2025-04-18,
EVT-EXIT-E00304,E00304,Exit,2025-07-08,Resigned
EVT-HIRE-E00305,E00305,Hire,2020-10-27,
EVT-HIRE-E00306,E00306,Hire,2022-04-14,
EVT-EXIT-E00306,E00306,Exit,2022-07-18,Performance / Termination
EVT-HIRE-E00307,E00307,Hire,2025-05-06,
EVT-HIRE-E00308,E00308,Hire,2022-07-17,
EVT-HIRE-E00309,E00309,Hire,2023-02-08,
EVT-EXIT-E00309,E00309,Exit,2023-04-20,Resigned
EVT-HIRE-E00310,E00310,Hire,2024-02-20,
EVT-HIRE-E00311,E00311,Hire,2022-09-23,
EVT-EXIT-E00311,E00311,Exit,2022-12-28,Resigned
EVT-HIRE-E00312,E00312,Hire,2021-12-19,
EVT-HIRE-E00313,E00313,Hire,2025-07-26,
EVT-HIRE-E00314,E00314,Hire,2024-12-01,
EVT-HIRE-E00315,E00315,Hire,2023-07-27,
EVT-EXIT-E00315,E00315,Exit,2023-12-12,Performance / Termination
EVT-HIRE-E00316,E00316,Hire,2020-05-23,
EVT-HIRE-E00317,E00317,Hire,2023-10-09,
EVT-HIRE-E00318,E00318,Hire,2025-01-09,
EVT-EXIT-E00318,E00318,Exit,2025-03-10,Resigned
EVT-HIRE-E00319,E00319,Hire,2024-04-24,
EVT-HIRE-E00320,E00320,Hire,2025-01-31,
EVT-HIRE-E00321,E00321,Hire,2021-03-28,
EVT-HIRE-E00322,E00322,Hire,2020-11-30,
EVT-HIRE-E00323,E00323,Hire,2021-10-30,
EVT-HIRE-E00324,E00324,Hire,2024-12-14,
EVT-HIRE-E00325,E00325,Hire,2024-01-05,
EVT-EXIT-E00325,E00325,Exit,2024-04-05,Retirement
EVT-HIRE-E00326,E00326,Hire,2020-09-24,
EVT-HIRE-E00327,E00327,Hire,2020-10-01,
EVT-HIRE-E00328,E00328,Hire,2023-06-24,
EVT-HIRE-E00329,E00329,Hire,2022-11-12,
EVT-HIRE-E00330,E00330,Hire,2022-04-22,
EVT-HIRE-E00331,E00331,Hire,2023-01-10,
EVT-EXIT-E00331,E00331,Exit,2023-04-21,Relocation
EVT-HIRE-E00332,E00332,Hire,2022-09-14,
EVT-HIRE-E00333,E00333,Hire,2023-08-12,
EVT-HIRE-E00334,E00334,Hire,2023-08-02,
EVT-HIRE-E00335,E00335,Hire,2022-01-07,
EVT-EXIT-E00335,E00335,Exit,2022-05-11,Relocation
EVT-HIRE-E00336,E00336,Hire,2025-05-14,
EVT-HIRE-E00337,E00337,Hire,2022-06-10,
EVT-HIRE-E00338,E00338,Hire,2023-02-18,
EVT-HIRE-E00339,E00339,Hire,2025-01-22,
EVT-HIRE-E00340,E00340,Hire,2021-03-19,
EVT-HIRE-E00341,E00341,Hire,2022-07-22,
EVT-HIRE-E00342,E00342,Hire,2024-10-15,
EVT-HIRE-E00343,E00343,Hire,2024-04-24,
EVT-HIRE-E00344,E00344,Hire,2020-09-18,
EVT-HIRE-E00345,E00345,Hire,2021-05-22,
EVT-HIRE-E00346,E00346,Hire,2020-05-15,
EVT-EXIT-E00346,E00346,Exit,2020-08-19,Retirement
EVT-HIRE-E00347,E00347,Hire,2020-08-07,
EVT-HIRE-E00348,E00348,Hire,2022-01-09,
EVT-EXIT-E00348,E00348,Exit,2022-03-20,Resigned
EVT-HIRE-E00349,E00349,Hire,2021-04-05,
EVT-EXIT-E00349,E00349,Exit,2021-06-15,Retirement
EVT-HIRE-E00350,E00350,Hire,2023-01-12,
EVT-HIRE-E00351,E00351,Hire,2021-08-23,
EVT-HIRE-E00352,E00352,Hire,2024-10-07,
EVT-EXIT-E00352,E00352,Exit,2025-01-14,Retirement
EVT-HIRE-E00353,E00353,Hire,2022-01-29,
EVT-HIRE-E00354,E00354,Hire,2024-02-05,
EVT-HIRE-E00355,E00355,Hire,2022-09-14,
EVT-HIRE-E00356,E00356,Hire,2025-08-22,
EVT-HIRE-E00357,E00357,Hire,2020-01-01,
EVT-EXIT-E00357,E00357,Exit,2020-03-18,Resigned
EVT-HIRE-E00358,E00358,Hire,2022-06-01,
EVT-HIRE-E00359,E00359,Hire,2024-05-02,
EVT-HIRE-E00360,E00360,Hire,2020-06-11,
EVT-HIRE-E00361,E00361,Hire,2021-07-24,
EVT-EXIT-E00361,E00361,Exit,2021-10-09,Resigned
EVT-HIRE-E00362,E00362,Hire,2022-06-18,
EVT-HIRE-E00363,E00363,Hire,2023-09-28,
EVT-HIRE-E00364,E00364,Hire,2022-05-03,
EVT-EXIT-E00364,E00364,Exit,2022-07-08,Performance / Termination
EVT-HIRE-E00365,E00365,Hire,2024-10-05,
EVT-HIRE-E00366,E00366,Hire,2021-05-08,
EVT-EXIT-E00366,E00366,Exit,2021-07-06,Resigned
EVT-HIRE-E00367,E00367,Hire,2021-05-29,
EVT-HIRE-E00368,E00368,Hire,2020-04-18,
EVT-HIRE-E00369,E00369,Hire,2022-09-06,
EVT-HIRE-E00370,E00370,Hire,2025-11-10,
EVT-HIRE-E00371,E00371,Hire,2023-07-20,
EVT-HIRE-E00372,E00372,Hire,2020-10-09,
EVT-HIRE-E00373,E00373,Hire,2020-09-28,
EVT-HIRE-E00374,E00374,Hire,2024-11-21,
EVT-EXIT-E00374,E00374,Exit,2025-01-17,Layoff
EVT-HIRE-E00375,E00375,Hire,2023-09-17,
EVT-HIRE-E00376,E00376,Hire,2022-03-04,
EVT-HIRE-E00377,E00377,Hire,2023-01-06,
EVT-HIRE-E00378,E00378,Hire,2020-04-06,
EVT-HIRE-E00379,E00379,Hire,2023-05-23,
EVT-HIRE-E00380,E00380,Hire,2020-03-01,
EVT-HIRE-E00381,E00381,Hire,2021-08-23,
EVT-HIRE-E00382,E00382,Hire,2024-05-21,
EVT-EXIT-E00382,E00382,Exit,2024-07-12,Resigned
EVT-HIRE-E00383,E00383,Hire,2024-03-18,
EVT-EXIT-E00383,E00383,Exit,2024-06-06,Resigned
EVT-HIRE-E00384,E00384,Hire,2025-08-02,
EVT-HIRE-E00385,E00385,Hire,2021-05-25,
EVT-HIRE-E00386,E00386,Hire,2025-12-04,
EVT-HIRE-E00387,E00387,Hire,2022-07-29,
EVT-HIRE-E00388,E00388,Hire,2023-11-28,
EVT-HIRE-E00389,E00389,Hire,2024-12-06,
EVT-EXIT-E00389,E00389,Exit,2025-01-17,Resigned
EVT-HIRE-E00390,E00390,Hire,2020-11-28,
EVT-HIRE-E00391,E00391,Hire,2023-06-05,
EVT-HIRE-E00392,E00392,Hire,2022-03-20,
EVT-EXIT-E00392,E00392,Exit,2022-07-06,Resigned
EVT-HIRE-E00393,E00393,Hire,2020-01-04,
EVT-HIRE-E00394,E00394,Hire,2024-09-21,
EVT-HIRE-E00395,E00395,Hire,2025-02-15,
EVT-HIRE-E00396,E00396,Hire,2022-01-31,
EVT-HIRE-E00397,E00397,Hire,2025-04-21,
EVT-HIRE-E00398,E00398,Hire,2020-09-06,
EVT-HIRE-E00399,E00399,Hire,2021-08-01,
EVT-HIRE-E00400,E00400,Hire,2025-06-04,
EVT-HIRE-E00401,E00401,Hire,2020-02-06,
EVT-HIRE-E00402,E00402,Hire,2025-09-26,
EVT-HIRE-E00403,E00403,Hire,2020-01-02,
EVT-EXIT-E00403,E00403,Exit,2020-03-31,Resigned
EVT-HIRE-E00404,E00404,Hire,2023-11-14,
EVT-HIRE-E00405,E00405,Hire,2025-04-26,
EVT-HIRE-E00406,E00406,Hire,2021-03-18,
EVT-HIRE-E00407,E00407,Hire,2023-11-13,
EVT-HIRE-E00408,E00408,Hire,2021-03-11,
EVT-HIRE-E00409,E00409,Hire,2021-05-26,
EVT-HIRE-E00410,E00410,Hire,2021-12-08,
EVT-HIRE-E00411,E00411,Hire,2022-06-14,
EVT-HIRE-E00412,E00412,Hire,2023-01-21,
EVT-EXIT-E00412,E00412,Exit,2023-03-18,Layoff
EVT-HIRE-E00413,E00413,Hire,2021-12-13,
EVT-HIRE-E00414,E00414,Hire,2021-04-28,
EVT-EXIT-E00414,E00414,Exit,2021-09-06,Retirement
EVT-HIRE-E00415,E00415,Hire,2021-10-08,
EVT-EXIT-E00415,E00415,Exit,2021-12-28,Resigned
EVT-HIRE-E00416,E00416,Hire,2020-09-12,
EVT-HIRE-E00417,E00417,Hire,2020-09-02,
EVT-HIRE-E00418,E00418,Hire,2024-10-29,
EVT-EXIT-E00418,E00418,Exit,2025-02-03,Retirement
EVT-HIRE-E00419,E00419,Hire,2020-02-12,
EVT-HIRE-E00420,E00420,Hire,2020-01-26,
EVT-HIRE-E00421,E00421,Hire,2024-04-30,
EVT-HIRE-E00422,E00422,Hire,2020-10-03,
EVT-HIRE-E00423,E00423,Hire,2023-12-19,
EVT-HIRE-E00424,E00424,Hire,2021-06-08,
EVT-HIRE-E00425,E00425,Hire,2023-08-09,
EVT-HIRE-E00426,E00426,Hire,2020-05-30,
EVT-HIRE-E00427,E00427,Hire,2023-11-14,
EVT-EXIT-E00427,E00427,Exit,2024-03-12,Retirement
EVT-HIRE-E00428,E00428,Hire,2022-10-25,
EVT-EXIT-E00428,E00428,Exit,2023-03-07,Layoff
EVT-HIRE-E00429,E00429,Hire,2024-10-25,
EVT-HIRE-E00430,E00430,Hire,2022-11-18,
EVT-EXIT-E00430,E00430,Exit,2023-01-22,Resigned
EVT-HIRE-E00431,E00431,Hire,2021-08-25,
EVT-HIRE-E00432,E00432,Hire,2024-10-02,
EVT-HIRE-E00433,E00433,Hire,2023-07-06,
EVT-HIRE-E00434,E00434,Hire,2024-05-18,
EVT-HIRE-E00435,E00435,Hire,2023-10-28,
EVT-HIRE-E00436,E00436,Hire,2021-07-22,
EVT-HIRE-E00437,E00437,Hire,2023-05-24,
EVT-HIRE-E00438,E00438,Hire,2025-06-09,
EVT-HIRE-E00439,E00439,Hire,2024-01-18,
EVT-HIRE-E00440,E00440,Hire,2022-11-01,
EVT-HIRE-E00441,E00441,Hire,2021-09-17,
EVT-HIRE-E00442,E00442,Hire,2022-05-05,
EVT-HIRE-E00443,E00443,Hire,2025-10-16,
EVT-HIRE-E00444,E00444,Hire,2023-04-06,
EVT-HIRE-E00445,E00445,Hire,2023-02-20,
EVT-HIRE-E00446,E00446,Hire,2021-07-09,
EVT-HIRE-E00447,E00447,Hire,2020-02-28,
EVT-HIRE-E00448,E00448,Hire,2024-12-07,
EVT-HIRE-E00449,E00449,Hire,2023-05-05,
EVT-HIRE-E00450,E00450,Hire,2020-02-23,
EVT-HIRE-E00451,E00451,Hire,2020-01-15,
EVT-HIRE-E00452,E00452,Hire,2021-08-18,
EVT-HIRE-E00453,E00453,Hire,2025-01-07,
EVT-HIRE-E00454,E00454,Hire,2021-09-09,
EVT-HIRE-E00455,E00455,Hire,2023-05-05,
EVT-HIRE-E00456,E00456,Hire,2020-02-02,
EVT-HIRE-E00457,E00457,Hire,2020-04-13,
EVT-HIRE-E00458,E00458,Hire,2025-02-14,
EVT-HIRE-E00459,E00459,Hire,2021-08-20,
EVT-HIRE-E00460,E00460,Hire,2022-08-20,
EVT-EXIT-E00460,E00460,Exit,2022-10-05,Resigned
EVT-HIRE-E00461,E00461,Hire,2020-04-05,
EVT-EXIT-E00461,E00461,Exit,2020-07-17,Resigned
EVT-HIRE-E00462,E00462,Hire,2022-08-07,
EVT-HIRE-E00463,E00463,Hire,2023-06-02,
EVT-HIRE-E00464,E00464,Hire,2025-03-07,
EVT-EXIT-E00464,E00464,Exit,2025-06-12,Layoff
EVT-HIRE-E00465,E00465,Hire,2023-03-27,
EVT-HIRE-E00466,E00466,Hire,2024-04-11,
EVT-HIRE-E00467,E00467,Hire,2022-03-27,
EVT-HIRE-E00468,E00468,Hire,2023-07-22,
EVT-HIRE-E00469,E00469,Hire,2025-12-10,
EVT-HIRE-E00470,E00470,Hire,2025-05-11,
EVT-HIRE-E00471,E00471,Hire,2020-08-16,
EVT-HIRE-E00472,E00472,Hire,2020-06-23,
EVT-HIRE-E00473,E00473,Hire,2024-02-12,
EVT-EXIT-E00473,E00473,Exit,2024-05-03,Resigned
EVT-HIRE-E00474,E00474,Hire,2025-06-08,
EVT-HIRE-E00475,E00475,Hire,2024-11-05,
EVT-HIRE-E00476,E00476,Hire,2022-05-17,
EVT-HIRE-E00477,E00477,Hire,2022-03-09,
EVT-HIRE-E00478,E00478,Hire,2022-06-13,
EVT-HIRE-E00479,E00479,Hire,2020-10-14,
EVT-EXIT-E00479,E00479,Exit,2021-01-02,Performance / Termination
EVT-HIRE-E00480,E00480,Hire,2022-07-14,
EVT-EXIT-E00480,E00480,Exit,2022-09-24,Resigned
EVT-HIRE-E00481,E00481,Hire,2023-01-06,
EVT-HIRE-E00482,E00482,Hire,2024-03-28,
EVT-HIRE-E00483,E00483,Hire,2020-01-23,
EVT-HIRE-E00484,E00484,Hire,2022-12-17,
EVT-EXIT-E00484,E00484,Exit,2023-04-10,Resigned
EVT-HIRE-E00485,E00485,Hire,2021-05-26,
EVT-HIRE-E00486,E00486,Hire,2021-08-31,
EVT-HIRE-E00487,E00487,Hire,2024-05-01,
EVT-HIRE-E00488,E00488,Hire,2021-03-15,
EVT-HIRE-E00489,E00489,Hire,2023-07-21,
EVT-EXIT-E00489,E00489,Exit,2023-10-05,Layoff
EVT-HIRE-E00490,E00490,Hire,2021-01-21,
EVT-EXIT-E00490,E00490,Exit,2021-03-13,Retirement
EVT-HIRE-E00491,E00491,Hire,2023-05-02,
EVT-HIRE-E00492,E00492,Hire,2021-06-30,
EVT-HIRE-E00493,E00493,Hire,2020-08-19,
EVT-EXIT-E00493,E00493,Exit,2020-11-12,Performance / Termination
EVT-HIRE-E00494,E00494,Hire,2022-04-23,
EVT-HIRE-E00495,E00495,Hire,2020-08-31,
EVT-EXIT-E00495,E00495,Exit,2020-11-30,Resigned
EVT-HIRE-E00496,E00496,Hire,2020-06-10,
EVT-HIRE-E00497,E00497,Hire,2020-04-05,
EVT-HIRE-E00498,E00498,Hire,2024-11-11,
EVT-HIRE-E00499,E00499,Hire,2020-09-17,
EVT-EXIT-E00499,E00499,Exit,2021-02-11,Relocation
EVT-HIRE-E00500,E00500,Hire,2023-12-26,
EVT-HIRE-E00501,E00501,Hire,2024-09-14,
EVT-HIRE-E00502,E00502,Hire,2024-06-25,
EVT-HIRE-E00503,E00503,Hire,2021-04-23,
EVT-HIRE-E00504,E00504,Hire,2020-02-28,
EVT-HIRE-E00505,E00505,Hire,2021-08-11,
EVT-EXIT-E00505,E00505,Exit,2021-10-24,Retirement
EVT-HIRE-E00506,E00506,Hire,2020-06-04,
EVT-HIRE-E00507,E00507,Hire,2024-01-18,
EVT-EXIT-E00507,E00507,Exit,2024-04-01,Relocation
EVT-HIRE-E00508,E00508,Hire,2023-02-03,
EVT-HIRE-E00509,E00509,Hire,2025-11-09,
EVT-EXIT-E00509,E00509,Exit,2025-11-24,Resigned
EVT-HIRE-E00510,E00510,Hire,2024-03-21,
EVT-EXIT-E00510,E00510,Exit,2024-07-18,Resigned
EVT-HIRE-E00511,E00511,Hire,2024-01-14,
EVT-HIRE-E00512,E00512,Hire,2021-12-04,
EVT-HIRE-E00513,E00513,Hire,2025-07-24,
EVT-HIRE-E00514,E00514,Hire,2020-08-26,
EVT-HIRE-E00515,E00515,Hire,2022-03-16,
EVT-EXIT-E00515,E00515,Exit,2022-07-31,Relocation
EVT-HIRE-E00516,E00516,Hire,2022-12-16,
EVT-HIRE-E00517,E00517,Hire,2023-12-29,
EVT-HIRE-E00518,E00518,Hire,2024-05-03,
EVT-EXIT-E00518,E00518,Exit,2024-06-30,Resigned
EVT-HIRE-E00519,E00519,Hire,2022-10-19,
EVT-HIRE-E00520,E00520,Hire,2022-07-07,
EVT-HIRE-E00521,E00521,Hire,2021-03-08,
EVT-HIRE-E00522,E00522,Hire,2022-08-21,
EVT-HIRE-E00523,E00523,Hire,2020-04-02,
EVT-HIRE-E00524,E00524,Hire,2022-12-28,
EVT-HIRE-E00525,E00525,Hire,2024-01-19,
EVT-HIRE-E00526,E00526,Hire,2021-09-21,
EVT-HIRE-E00527,E00527,Hire,2022-11-23,
EVT-HIRE-E00528,E00528,Hire,2022-07-23,
EVT-HIRE-E00529,E00529,Hire,2020-05-24,
EVT-EXIT-E00529,E00529,Exit,2020-09-30,Retirement
EVT-HIRE-E00530,E00530,Hire,2024-05-12,
EVT-HIRE-E00531,E00531,Hire,2021-10-04,
EVT-HIRE-E00532,E00532,Hire,2023-03-04,
EVT-HIRE-E00533,E00533,Hire,2020-05-07,
EVT-HIRE-E00534,E00534,Hire,2025-07-30,
EVT-HIRE-E00535,E00535,Hire,2024-12-26,
EVT-HIRE-E00536,E00536,Hire,2023-02-20,
EVT-HIRE-E00537,E00537,Hire,2022-12-08,
EVT-HIRE-E00538,E00538,Hire,2025-11-13,
EVT-HIRE-E00539,E00539,Hire,2020-03-13,
EVT-HIRE-E00540,E00540,Hire,2024-06-29,
EVT-HIRE-E00541,E00541,Hire,2023-12-12,
EVT-HIRE-E00542,E00542,Hire,2024-02-04,
EVT-HIRE-E00543,E00543,Hire,2025-12-09,
EVT-HIRE-E00544,E00544,Hire,2025-01-04,
EVT-HIRE-E00545,E00545,Hire,2020-06-25,
EVT-EXIT-E00545,E00545,Exit,2020-10-20,Retirement
EVT-HIRE-E00546,E00546,Hire,2022-04-25,
EVT-EXIT-E00546,E00546,Exit,2022-07-05,Retirement
EVT-HIRE-E00547,E00547,Hire,2024-12-30,
EVT-HIRE-E00548,E00548,Hire,2025-03-01,
EVT-HIRE-E00549,E00549,Hire,2021-12-21,
EVT-HIRE-E00550,E00550,Hire,2021-10-06,
EVT-EXIT-E00550,E00550,Exit,2022-01-01,Retirement
EVT-HIRE-E00551,E00551,Hire,2025-12-26,
EVT-EXIT-E00551,E00551,Exit,2025-12-30,Resigned
EVT-HIRE-E00552,E00552,Hire,2025-08-10,
EVT-EXIT-E00552,E00552,Exit,2025-11-19,Resigned
EVT-HIRE-E00553,E00553,Hire,2025-11-04,
EVT-HIRE-E00554,E00554,Hire,2021-06-21,
EVT-HIRE-E00555,E00555,Hire,2023-05-10,
EVT-HIRE-E00556,E00556,Hire,2020-12-21,
EVT-EXIT-E00556,E00556,Exit,2021-01-30,Retirement
EVT-HIRE-E00557,E00557,Hire,2025-07-14,
EVT-HIRE-E00558,E00558,Hire,2022-08-08,
EVT-HIRE-E00559,E00559,Hire,2022-08-02,
EVT-EXIT-E00559,E00559,Exit,2022-11-01,Resigned
EVT-HIRE-E00560,E00560,Hire,2020-03-11,
EVT-HIRE-E00561,E00561,Hire,2025-09-26,
EVT-HIRE-E00562,E00562,Hire,2021-01-20,
EVT-HIRE-E00563,E00563,Hire,2024-03-20,
EVT-HIRE-E00564,E00564,Hire,2020-09-29,
EVT-EXIT-E00564,E00564,Exit,2020-11-10,Resigned
EVT-HIRE-E00565,E00565,Hire,2020-08-06,
EVT-HIRE-E00566,E00566,Hire,2023-11-06,
EVT-HIRE-E00567,E00567,Hire,2023-03-13,
EVT-HIRE-E00568,E00568,Hire,2022-10-29,
EVT-HIRE-E00569,E00569,Hire,2025-03-04,
EVT-HIRE-E00570,E00570,Hire,2021-02-14,
EVT-HIRE-E00571,E00571,Hire,2023-05-27,
EVT-EXIT-E00571,E00571,Exit,2023-07-08,Resigned
EVT-HIRE-E00572,E00572,Hire,2022-10-31,
EVT-HIRE-E00573,E00573,Hire,2021-07-05,
EVT-HIRE-E00574,E00574,Hire,2025-09-07,
EVT-HIRE-E00575,E00575,Hire,2022-09-20,
EVT-HIRE-E00576,E00576,Hire,2020-06-29,
EVT-HIRE-E00577,E00577,Hire,2022-03-07,
EVT-HIRE-E00578,E00578,Hire,2025-04-07,
EVT-HIRE-E00579,E00579,Hire,2020-01-30,
EVT-HIRE-E00580,E00580,Hire,2025-05-06,
EVT-EXIT-E00580,E00580,Exit,2025-08-17,Performance / Termination
EVT-HIRE-E00581,E00581,Hire,2020-06-09,
EVT-HIRE-E00582,E00582,Hire,2024-05-13,
EVT-HIRE-E00583,E00583,Hire,2024-05-28,
EVT-HIRE-E00584,E00584,Hire,2022-04-06,
EVT-EXIT-E00584,E00584,Exit,2022-07-25,Resigned
EVT-HIRE-E00585,E00585,Hire,2023-11-15,
EVT-HIRE-E00586,E00586,Hire,2021-09-07,
EVT-HIRE-E00587,E00587,Hire,2024-01-21,
EVT-HIRE-E00588,E00588,Hire,2024-05-05,
EVT-HIRE-E00589,E00589,Hire,2022-03-25,
EVT-HIRE-E00590,E00590,Hire,2024-04-06,
EVT-HIRE-E00591,E00591,Hire,2021-09-09,
EVT-HIRE-E00592,E00592,Hire,2022-07-02,
EVT-HIRE-E00593,E00593,Hire,2024-06-09,
EVT-HIRE-E00594,E00594,Hire,2022-02-11,
EVT-EXIT-E00594,E00594,Exit,2022-03-20,Resigned
EVT-HIRE-E00595,E00595,Hire,2023-05-30,
EVT-HIRE-E00596,E00596,Hire,2024-02-07,
EVT-EXIT-E00596,E00596,Exit,2024-06-30,Resigned
EVT-HIRE-E00597,E00597,Hire,2025-04-02,
EVT-HIRE-E00598,E00598,Hire,2025-04-26,
EVT-HIRE-E00599,E00599,Hire,2020-02-15,
EVT-EXIT-E00599,E00599,Exit,2020-05-03,Retirement
EVT-HIRE-E00600,E00600,Hire,2023-01-06,
EVT-HIRE-E00601,E00601,Hire,2023-04-14,
EVT-HIRE-E00602,E00602,Hire,2024-10-10,
EVT-HIRE-E00603,E00603,Hire,2024-11-19,
EVT-HIRE-E00604,E00604,Hire,2025-11-07,
EVT-HIRE-E00605,E00605,Hire,2025-08-28,
EVT-EXIT-E00605,E00605,Exit,2025-10-30,Resigned
EVT-HIRE-E00606,E00606,Hire,2020-04-03,
EVT-HIRE-E00607,E00607,Hire,2022-05-02,
EVT-HIRE-E00608,E00608,Hire,2024-09-01,
EVT-EXIT-E00608,E00608,Exit,2024-12-17,Resigned
EVT-HIRE-E00609,E00609,Hire,2024-06-08,
EVT-HIRE-E00610,E00610,Hire,2025-10-06,
EVT-EXIT-E00610,E00610,Exit,2025-12-01,Resigned
EVT-HIRE-E00611,E00611,Hire,2021-12-17,
EVT-HIRE-E00612,E00612,Hire,2023-12-20,
EVT-HIRE-E00613,E00613,Hire,2020-05-01,
EVT-HIRE-E00614,E00614,Hire,2020-07-08,
EVT-HIRE-E00615,E00615,Hire,2025-02-07,
EVT-HIRE-E00616,E00616,Hire,2022-05-03,
EVT-HIRE-E00617,E00617,Hire,2021-09-18,
EVT-EXIT-E00617,E00617,Exit,2022-01-14,Resigned
EVT-HIRE-E00618,E00618,Hire,2022-11-14,
EVT-HIRE-E00619,E00619,Hire,2025-03-04,
EVT-HIRE-E00620,E00620,Hire,2023-04-26,
EVT-EXIT-E00620,E00620,Exit,2023-07-10,Retirement
EVT-HIRE-E00621,E00621,Hire,2021-03-14,
EVT-HIRE-E00622,E00622,Hire,2023-06-04,
EVT-HIRE-E00623,E00623,Hire,2022-08-02,
EVT-HIRE-E00624,E00624,Hire,2020-09-02,
EVT-EXIT-E00624,E00624,Exit,2020-12-04,Retirement
EVT-HIRE-E00625,E00625,Hire,2023-12-17,
EVT-HIRE-E00626,E00626,Hire,2022-03-24,
EVT-HIRE-E00627,E00627,Hire,2024-08-24,
EVT-HIRE-E00628,E00628,Hire,2024-03-12,
EVT-HIRE-E00629,E00629,Hire,2022-12-21,
EVT-HIRE-E00630,E00630,Hire,2020-08-14,
EVT-EXIT-E00630,E00630,Exit,2020-09-29,Resigned
EVT-HIRE-E00631,E00631,Hire,2023-01-25,
EVT-HIRE-E00632,E00632,Hire,2024-01-25,
EVT-HIRE-E00633,E00633,Hire,2022-01-20,
EVT-EXIT-E00633,E00633,Exit,2022-06-19,Performance / Termination
EVT-HIRE-E00634,E00634,Hire,2020-04-14,
EVT-HIRE-E00635,E00635,Hire,2020-01-10,
EVT-HIRE-E00636,E00636,Hire,2020-10-21,
EVT-HIRE-E00637,E00637,Hire,2023-08-12,
EVT-HIRE-E00638,E00638,Hire,2021-04-03,
EVT-HIRE-E00639,E00639,Hire,2024-10-16,
EVT-HIRE-E00640,E00640,Hire,2025-01-06,
EVT-HIRE-E00641,E00641,Hire,2025-11-03,
EVT-HIRE-E00642,E00642,Hire,2023-01-18,
EVT-HIRE-E00643,E00643,Hire,2025-09-26,
EVT-HIRE-E00644,E00644,Hire,2025-04-13,
EVT-HIRE-E00645,E00645,Hire,2024-03-18,
EVT-HIRE-E00646,E00646,Hire,2020-01-05,
EVT-HIRE-E00647,E00647,Hire,2025-04-28,
EVT-HIRE-E00648,E00648,Hire,2025-02-15,
EVT-EXIT-E00648,E00648,Exit,2025-06-16,Resigned
EVT-HIRE-E00649,E00649,Hire,2021-09-13,
EVT-EXIT-E00649,E00649,Exit,2021-11-07,Retirement
EVT-HIRE-E00650,E00650,Hire,2020-03-17,
EVT-HIRE-E00651,E00651,Hire,2025-02-24,
EVT-EXIT-E00651,E00651,Exit,2025-06-04,Retirement
EVT-HIRE-E00652,E00652,Hire,2021-09-19,
EVT-HIRE-E00653,E00653,Hire,2025-07-13,
EVT-HIRE-E00654,E00654,Hire,2024-01-04,
EVT-EXIT-E00654,E00654,Exit,2024-03-07,Resigned
EVT-HIRE-E00655,E00655,Hire,2024-05-12,
EVT-HIRE-E00656,E00656,Hire,2025-09-15,
EVT-HIRE-E00657,E00657,Hire,2020-09-05,
EVT-HIRE-E00658,E00658,Hire,2022-03-02,
EVT-HIRE-E00659,E00659,Hire,2025-08-03,
EVT-HIRE-E00660,E00660,Hire,2023-05-25,
EVT-HIRE-E00661,E00661,Hire,2021-08-15,
EVT-HIRE-E00662,E00662,Hire,2024-03-28,
EVT-HIRE-E00663,E00663,Hire,2020-11-14,
EVT-HIRE-E00664,E00664,Hire,2020-08-15,
EVT-HIRE-E00665,E00665,Hire,2021-02-28,
EVT-EXIT-E00665,E00665,Exit,2021-07-17,Resigned
EVT-HIRE-E00666,E00666,Hire,2022-08-28,
EVT-EXIT-E00666,E00666,Exit,2022-12-21,Resigned
EVT-HIRE-E00667,E00667,Hire,2022-04-17,
EVT-HIRE-E00668,E00668,Hire,2025-11-22,
EVT-HIRE-E00669,E00669,Hire,2022-01-29,
EVT-HIRE-E00670,E00670,Hire,2023-12-08,
EVT-HIRE-E00671,E00671,Hire,2023-05-26,
EVT-HIRE-E00672,E00672,Hire,2023-02-19,
EVT-HIRE-E00673,E00673,Hire,2020-12-11,
EVT-HIRE-E00674,E00674,Hire,2025-07-01,
EVT-EXIT-E00674,E00674,Exit,2025-09-24,Performance / Termination
EVT-HIRE-E00675,E00675,Hire,2020-02-13,
EVT-HIRE-E00676,E00676,Hire,2022-12-12,
EVT-EXIT-E00676,E00676,Exit,2023-04-15,Layoff
EVT-HIRE-E00677,E00677,Hire,2020-12-14,
EVT-HIRE-E00678,E00678,Hire,2020-08-29,
EVT-EXIT-E00678,E00678,Exit,2020-11-20,Resigned
EVT-HIRE-E00679,E00679,Hire,2020-01-07,
EVT-EXIT-E00679,E00679,Exit,2020-03-28,Performance / Termination
EVT-HIRE-E00680,E00680,Hire,2023-11-22,
EVT-HIRE-E00681,E00681,Hire,2022-07-05,
EVT-HIRE-E00682,E00682,Hire,2022-10-23,
EVT-HIRE-E00683,E00683,Hire,2023-01-23,
EVT-EXIT-E00683,E00683,Exit,2023-05-20,Relocation
EVT-HIRE-E00684,E00684,Hire,2023-08-16,
EVT-HIRE-E00685,E00685,Hire,2020-03-17,
EVT-HIRE-E00686,E00686,Hire,2023-01-24,
EVT-HIRE-E00687,E00687,Hire,2025-08-09,
EVT-HIRE-E00688,E00688,Hire,2025-09-28,
EVT-HIRE-E00689,E00689,Hire,2025-09-03,
EVT-HIRE-E00690,E00690,Hire,2020-01-16,
EVT-HIRE-E00691,E00691,Hire,2023-05-26,
EVT-HIRE-E00692,E00692,Hire,2022-12-23,
EVT-HIRE-E00693,E00693,Hire,2025-11-16,
EVT-EXIT-E00693,E00693,Exit,2025-12-01,Retirement
EVT-HIRE-E00694,E00694,Hire,2022-03-23,
EVT-HIRE-E00695,E00695,Hire,2023-07-17,
EVT-HIRE-E00696,E00696,Hire,2021-02-18,
EVT-HIRE-E00697,E00697,Hire,2024-04-20,
EVT-HIRE-E00698,E00698,Hire,2023-12-01,
EVT-EXIT-E00698,E00698,Exit,2024-03-02,Relocation
EVT-HIRE-E00699,E00699,Hire,2022-02-27,
EVT-EXIT-E00699,E00699,Exit,2022-04-06,Resigned
EVT-HIRE-E00700,E00700,Hire,2024-07-29,
EVT-HIRE-E00701,E00701,Hire,2022-01-03,
EVT-HIRE-E00702,E00702,Hire,2020-09-26,
EVT-EXIT-E00702,E00702,Exit,2021-02-05,Resigned
EVT-HIRE-E00703,E00703,Hire,2023-12-21,
EVT-HIRE-E00704,E00704,Hire,2022-05-24,
EVT-HIRE-E00705,E00705,Hire,2023-12-21,
EVT-HIRE-E00706,E00706,Hire,2020-06-28,
EVT-EXIT-E00706,E00706,Exit,2020-08-14,Resigned
EVT-HIRE-E00707,E00707,Hire,2025-04-11,
EVT-HIRE-E00708,E00708,Hire,2020-10-04,
EVT-HIRE-E00709,E00709,Hire,2023-12-14,
EVT-HIRE-E00710,E00710,Hire,2024-08-28,
EVT-HIRE-E00711,E00711,Hire,2024-02-05,
EVT-HIRE-E00712,E00712,Hire,2020-10-07,
EVT-EXIT-E00712,E00712,Exit,2020-11-14,Resigned
EVT-HIRE-E00713,E00713,Hire,2020-11-10,
EVT-HIRE-E00714,E00714,Hire,2023-12-04,
EVT-HIRE-E00715,E00715,Hire,2020-08-29,
EVT-EXIT-E00715,E00715,Exit,2020-10-27,Retirement
EVT-HIRE-E00716,E00716,Hire,2020-08-25,
EVT-HIRE-E00717,E00717,Hire,2020-01-20,
EVT-EXIT-E00717,E00717,Exit,2020-05-30,Retirement
EVT-HIRE-E00718,E00718,Hire,2022-07-30,
EVT-HIRE-E00719,E00719,Hire,2022-05-11,
EVT-EXIT-E00719,E00719,Exit,2022-08-11,Resigned
EVT-HIRE-E00720,E00720,Hire,2025-10-28,
EVT-HIRE-E00721,E00721,Hire,2022-12-25,
EVT-HIRE-E00722,E00722,Hire,2022-12-02,
EVT-HIRE-E00723,E00723,Hire,2020-12-04,
EVT-HIRE-E00724,E00724,Hire,2024-07-11,
EVT-EXIT-E00724,E00724,Exit,2024-10-11,Retirement
EVT-HIRE-E00725,E00725,Hire,2021-07-21,
EVT-HIRE-E00726,E00726,Hire,2022-06-22,
EVT-HIRE-E00727,E00727,Hire,2021-01-02,
EVT-HIRE-E00728,E00728,Hire,2022-07-05,
EVT-EXIT-E00728,E00728,Exit,2022-10-01,Relocation
EVT-HIRE-E00729,E00729,Hire,2023-05-21,
EVT-HIRE-E00730,E00730,Hire,2022-06-17,
EVT-HIRE-E00731,E00731,Hire,2023-06-29,
EVT-EXIT-E00731,E00731,Exit,2023-09-09,Retirement
EVT-HIRE-E00732,E00732,Hire,2022-01-14,
EVT-HIRE-E00733,E00733,Hire,2023-07-13,
EVT-HIRE-E00734,E00734,Hire,2024-06-25,
EVT-HIRE-E00735,E00735,Hire,2021-06-24,
EVT-HIRE-E00736,E00736,Hire,2020-08-05,
EVT-HIRE-E00737,E00737,Hire,2025-05-27,
EVT-HIRE-E00738,E00738,Hire,2020-06-03,
EVT-HIRE-E00739,E00739,Hire,2024-10-28,
EVT-EXIT-E00739,E00739,Exit,2025-02-05,Resigned
EVT-HIRE-E00740,E00740,Hire,2022-11-08,
EVT-HIRE-E00741,E00741,Hire,2021-08-16,
EVT-HIRE-E00742,E00742,Hire,2020-06-12,
EVT-HIRE-E00743,E00743,Hire,2023-01-15,
EVT-HIRE-E00744,E00744,Hire,2023-10-06,
EVT-HIRE-E00745,E00745,Hire,2022-03-17,
EVT-HIRE-E00746,E00746,Hire,2023-06-10,
EVT-HIRE-E00747,E00747,Hire,2024-05-31,
EVT-HIRE-E00748,E00748,Hire,2020-09-06,
EVT-HIRE-E00749,E00749,Hire,2023-03-21,
EVT-HIRE-E00750,E00750,Hire,2021-04-29,
EVT-HIRE-E00751,E00751,Hire,2025-12-18,
EVT-EXIT-E00751,E00751,Exit,2025-12-30,Resigned
EVT-HIRE-E00752,E00752,Hire,2022-03-26,
EVT-HIRE-E00753,E00753,Hire,2022-07-22,
EVT-HIRE-E00754,E00754,Hire,2023-12-22,
EVT-HIRE-E00755,E00755,Hire,2025-03-04,
EVT-HIRE-E00756,E00756,Hire,2021-05-22,
EVT-HIRE-E00757,E00757,Hire,2024-10-22,
EVT-HIRE-E00758,E00758,Hire,2023-10-05,
EVT-HIRE-E00759,E00759,Hire,2025-08-02,
EVT-HIRE-E00760,E00760,Hire,2023-10-29,
EVT-HIRE-E00761,E00761,Hire,2024-06-10,
EVT-HIRE-E00762,E00762,Hire,2022-05-23,
EVT-HIRE-E00763,E00763,Hire,2022-03-07,
EVT-HIRE-E00764,E00764,Hire,2024-12-19,
EVT-HIRE-E00765,E00765,Hire,2025-09-05,
EVT-HIRE-E00766,E00766,Hire,2022-04-02,
EVT-HIRE-E00767,E00767,Hire,2022-09-17,
EVT-HIRE-E00768,E00768,Hire,2024-12-06,
EVT-EXIT-E00768,E00768,Exit,2025-02-07,Resigned
EVT-HIRE-E00769,E00769,Hire,2021-08-24,
EVT-HIRE-E00770,E00770,Hire,2023-12-07,
EVT-EXIT-E00770,E00770,Exit,2024-01-17,Resigned
EVT-HIRE-E00771,E00771,Hire,2024-06-19,
EVT-HIRE-E00772,E00772,Hire,2025-09-15,
EVT-HIRE-E00773,E00773,Hire,2022-05-05,
EVT-HIRE-E00774,E00774,Hire,2024-06-01,
EVT-HIRE-E00775,E00775,Hire,2020-09-10,
EVT-HIRE-E00776,E00776,Hire,2020-05-04,
EVT-EXIT-E00776,E00776,Exit,2020-08-08,Resigned
EVT-HIRE-E00777,E00777,Hire,2024-11-24,
EVT-HIRE-E00778,E00778,Hire,2024-07-28,
EVT-HIRE-E00779,E00779,Hire,2022-04-02,
EVT-HIRE-E00780,E00780,Hire,2024-09-23,
EVT-EXIT-E00780,E00780,Exit,2025-01-13,Resigned
EVT-HIRE-E00781,E00781,Hire,2025-10-16,
EVT-EXIT-E00781,E00781,Exit,2025-12-30,Performance / Termination
EVT-HIRE-E00782,E00782,Hire,2023-11-26,
EVT-HIRE-E00783,E00783,Hire,2025-09-04,
EVT-HIRE-E00784,E00784,Hire,2022-06-19,
EVT-HIRE-E00785,E00785,Hire,2025-03-27,
EVT-HIRE-E00786,E00786,Hire,2021-01-25,
EVT-HIRE-E00787,E00787,Hire,2022-08-08,
EVT-HIRE-E00788,E00788,Hire,2022-08-31,
EVT-EXIT-E00788,E00788,Exit,2022-12-17,Retirement
EVT-HIRE-E00789,E00789,Hire,2020-11-22,
EVT-HIRE-E00790,E00790,Hire,2021-02-18,
EVT-HIRE-E00791,E00791,Hire,2025-07-22,
EVT-HIRE-E00792,E00792,Hire,2020-10-02,
EVT-EXIT-E00792,E00792,Exit,2020-12-20,Resigned
EVT-HIRE-E00793,E00793,Hire,2022-05-22,
EVT-EXIT-E00793,E00793,Exit,2022-07-04,Resigned
EVT-HIRE-E00794,E00794,Hire,2022-08-14,
EVT-HIRE-E00795,E00795,Hire,2021-11-18,
EVT-HIRE-E00796,E00796,Hire,2024-03-08,
EVT-HIRE-E00797,E00797,Hire,2025-12-13,
EVT-HIRE-E00798,E00798,Hire,2023-11-02,
EVT-HIRE-E00799,E00799,Hire,2025-05-31,
EVT-HIRE-E00800,E00800,Hire,2025-02-07,
EVT-HIRE-E00801,E00801,Hire,2020-08-01,
EVT-HIRE-E00802,E00802,Hire,2025-06-06,
EVT-HIRE-E00803,E00803,Hire,2021-05-10,
EVT-HIRE-E00804,E00804,Hire,2020-07-02,
EVT-HIRE-E00805,E00805,Hire,2024-03-12,
EVT-HIRE-E00806,E00806,Hire,2023-03-12,
EVT-HIRE-E00807,E00807,Hire,2023-10-30,
EVT-EXIT-E00807,E00807,Exit,2024-01-19,Layoff
EVT-HIRE-E00808,E00808,Hire,2025-07-08,
EVT-HIRE-E00809,E00809,Hire,2025-10-08,
EVT-HIRE-E00810,E00810,Hire,2022-09-03,
EVT-HIRE-E00811,E00811,Hire,2023-04-28,
EVT-HIRE-E00812,E00812,Hire,2021-10-17,
EVT-HIRE-E00813,E00813,Hire,2024-12-23,
EVT-HIRE-E00814,E00814,Hire,2020-02-14,
EVT-HIRE-E00815,E00815,Hire,2025-10-13,
EVT-HIRE-E00816,E00816,Hire,2021-09-05,
EVT-HIRE-E00817,E00817,Hire,2023-01-28,
EVT-HIRE-E00818,E00818,Hire,2021-01-24,
EVT-HIRE-E00819,E00819,Hire,2020-05-28,
EVT-HIRE-E00820,E00820,Hire,2020-11-25,
EVT-HIRE-E00821,E00821,Hire,2023-11-29,
EVT-HIRE-E00822,E00822,Hire,2025-08-18,
EVT-HIRE-E00823,E00823,Hire,2021-04-27,
EVT-HIRE-E00824,E00824,Hire,2021-06-13,
EVT-HIRE-E00825,E00825,Hire,2023-11-06,
EVT-HIRE-E00826,E00826,Hire,2020-09-02,
EVT-EXIT-E00826,E00826,Exit,2021-01-21,Layoff
EVT-HIRE-E00827,E00827,Hire,2020-02-27,
EVT-HIRE-E00828,E00828,Hire,2025-06-30,
EVT-EXIT-E00828,E00828,Exit,2025-09-29,Resigned
EVT-HIRE-E00829,E00829,Hire,2022-02-10,
EVT-HIRE-E00830,E00830,Hire,2025-06-23,
EVT-EXIT-E00830,E00830,Exit,2025-09-18,Resigned
EVT-HIRE-E00831,E00831,Hire,2023-03-10,
EVT-HIRE-E00832,E00832,Hire,2025-07-22,
EVT-HIRE-E00833,E00833,Hire,2023-02-25,
EVT-HIRE-E00834,E00834,Hire,2022-05-16,
EVT-HIRE-E00835,E00835,Hire,2021-09-27,
EVT-HIRE-E00836,E00836,Hire,2020-11-16,
EVT-HIRE-E00837,E00837,Hire,2025-07-25,
EVT-HIRE-E00838,E00838,Hire,2024-11-11,
EVT-HIRE-E00839,E00839,Hire,2022-12-07,
EVT-HIRE-E00840,E00840,Hire,2023-07-16,
EVT-EXIT-E00840,E00840,Exit,2023-09-17,Resigned
EVT-HIRE-E00841,E00841,Hire,2020-01-13,
EVT-HIRE-E00842,E00842,Hire,2024-01-15,
EVT-HIRE-E00843,E00843,Hire,2024-11-28,
EVT-HIRE-E00844,E00844,Hire,2025-09-22,
EVT-HIRE-E00845,E00845,Hire,2024-10-05,
EVT-HIRE-E00846,E00846,Hire,2023-10-15,
EVT-HIRE-E00847,E00847,Hire,2022-07-20,
EVT-HIRE-E00848,E00848,Hire,2021-05-20,
EVT-HIRE-E00849,E00849,Hire,2021-07-24,
EVT-HIRE-E00850,E00850,Hire,2022-08-09,
EVT-HIRE-E00851,E00851,Hire,2022-03-22,
EVT-HIRE-E00852,E00852,Hire,2022-04-27,
EVT-HIRE-E00853,E00853,Hire,2023-03-18,
EVT-HIRE-E00854,E00854,Hire,2023-09-05,
EVT-HIRE-E00855,E00855,Hire,2021-01-28,
EVT-HIRE-E00856,E00856,Hire,2022-08-21,
EVT-EXIT-E00856,E00856,Exit,2022-09-29,Resigned
EVT-HIRE-E00857,E00857,Hire,2020-06-21,
EVT-HIRE-E00858,E00858,Hire,2020-01-09,
EVT-HIRE-E00859,E00859,Hire,2022-03-18,
EVT-HIRE-E00860,E00860,Hire,2024-03-10,
EVT-HIRE-E00861,E00861,Hire,2022-05-17,
EVT-EXIT-E00861,E00861,Exit,2022-09-19,Resigned
EVT-HIRE-E00862,E00862,Hire,2021-02-15,
EVT-HIRE-E00863,E00863,Hire,2020-10-08,
EVT-EXIT-E00863,E00863,Exit,2020-11-12,Layoff
EVT-HIRE-E00864,E00864,Hire,2022-05-04,
EVT-HIRE-E00865,E00865,Hire,2024-05-11,
EVT-HIRE-E00866,E00866,Hire,2025-12-21,
EVT-HIRE-E00867,E00867,Hire,2020-04-20,
EVT-HIRE-E00868,E00868,Hire,2024-06-03,
EVT-HIRE-E00869,E00869,Hire,2025-05-31,
EVT-EXIT-E00869,E00869,Exit,2025-08-10,Performance / Termination
EVT-HIRE-E00870,E00870,Hire,2022-03-04,
EVT-EXIT-E00870,E00870,Exit,2022-07-04,Performance / Termination
EVT-HIRE-E00871,E00871,Hire,2021-04-04,
EVT-HIRE-E00872,E00872,Hire,2023-09-08,
EVT-HIRE-E00873,E00873,Hire,2021-10-29,
EVT-HIRE-E00874,E00874,Hire,2020-09-28,
EVT-HIRE-E00875,E00875,Hire,2022-07-09,
EVT-HIRE-E00876,E00876,Hire,2022-06-20,
EVT-HIRE-E00877,E00877,Hire,2020-10-23,
EVT-HIRE-E00878,E00878,Hire,2024-03-05,
EVT-HIRE-E00879,E00879,Hire,2024-07-28,
EVT-HIRE-E00880,E00880,Hire,2024-07-28,
EVT-HIRE-E00881,E00881,Hire,2025-03-31,
EVT-HIRE-E00882,E00882,Hire,2021-02-12,
EVT-HIRE-E00883,E00883,Hire,2021-04-18,
EVT-HIRE-E00884,E00884,Hire,2024-01-16,
EVT-HIRE-E00885,E00885,Hire,2023-05-17,
EVT-HIRE-E00886,E00886,Hire,2023-04-29,
EVT-HIRE-E00887,E00887,Hire,2025-06-05,
EVT-HIRE-E00888,E00888,Hire,2024-10-24,
EVT-EXIT-E00888,E00888,Exit,2024-12-18,Resigned
EVT-HIRE-E00889,E00889,Hire,2023-05-25,
EVT-HIRE-E00890,E00890,Hire,2024-05-31,
EVT-EXIT-E00890,E00890,Exit,2024-07-10,Resigned
EVT-HIRE-E00891,E00891,Hire,2020-07-19,
EVT-HIRE-E00892,E00892,Hire,2025-03-09,
EVT-EXIT-E00892,E00892,Exit,2025-06-09,Resigned
EVT-HIRE-E00893,E00893,Hire,2022-09-20,
EVT-HIRE-E00894,E00894,Hire,2021-06-10,
EVT-HIRE-E00895,E00895,Hire,2020-11-19,
EVT-HIRE-E00896,E00896,Hire,2022-09-18,
EVT-HIRE-E00897,E00897,Hire,2022-03-14,
EVT-HIRE-E00898,E00898,Hire,2023-11-21,
EVT-HIRE-E00899,E00899,Hire,2023-03-15,
EVT-HIRE-E00900,E00900,Hire,2022-05-31,
EVT-HIRE-E00901,E00901,Hire,2022-04-25,
EVT-HIRE-E00902,E00902,Hire,2024-03-31,
EVT-HIRE-E00903,E00903,Hire,2020-12-23,
EVT-HIRE-E00904,E00904,Hire,2021-07-28,
EVT-HIRE-E00905,E00905,Hire,2021-11-21,
EVT-HIRE-E00906,E00906,Hire,2025-02-22,
EVT-EXIT-E00906,E00906,Exit,2025-05-23,Performance / Termination
EVT-HIRE-E00907,E00907,Hire,2021-06-13,
EVT-HIRE-E00908,E00908,Hire,2023-01-08,
EVT-HIRE-E00909,E00909,Hire,2023-11-07,
EVT-HIRE-E00910,E00910,Hire,2023-09-26,
EVT-HIRE-E00911,E00911,Hire,2023-07-03,
EVT-EXIT-E00911,E00911,Exit,2023-09-03,Retirement
EVT-HIRE-E00912,E00912,Hire,2023-01-11,
EVT-EXIT-E00912,E00912,Exit,2023-03-15,Relocation
EVT-HIRE-E00913,E00913,Hire,2023-06-01,
EVT-HIRE-E00914,E00914,Hire,2024-08-16,
EVT-EXIT-E00914,E00914,Exit,2024-11-28,Retirement
EVT-HIRE-E00915,E00915,Hire,2021-08-23,
EVT-EXIT-E00915,E00915,Exit,2021-10-04,Resigned
EVT-HIRE-E00916,E00916,Hire,2022-10-16,
EVT-HIRE-E00917,E00917,Hire,2025-07-05,
EVT-HIRE-E00918,E00918,Hire,2024-10-29,
EVT-HIRE-E00919,E00919,Hire,2020-01-06,
EVT-HIRE-E00920,E00920,Hire,2025-08-09,
EVT-EXIT-E00920,E00920,Exit,2025-10-05,Relocation
EVT-HIRE-E00921,E00921,Hire,2023-05-28,
EVT-EXIT-E00921,E00921,Exit,2023-09-19,Relocation
EVT-HIRE-E00922,E00922,Hire,2025-03-11,
EVT-EXIT-E00922,E00922,Exit,2025-07-23,Resigned
EVT-HIRE-E00923,E00923,Hire,2025-05-02,
EVT-HIRE-E00924,E00924,Hire,2022-02-16,
EVT-HIRE-E00925,E00925,Hire,2024-03-09,
EVT-HIRE-E00926,E00926,Hire,2022-03-07,
EVT-HIRE-E00927,E00927,Hire,2023-09-16,
EVT-HIRE-E00928,E00928,Hire,2024-02-28,
EVT-EXIT-E00928,E00928,Exit,2024-04-16,Resigned
EVT-HIRE-E00929,E00929,Hire,2023-07-04,
EVT-EXIT-E00929,E00929,Exit,2023-10-20,Retirement
EVT-HIRE-E00930,E00930,Hire,2024-07-25,
EVT-HIRE-E00931,E00931,Hire,2021-07-23,
EVT-HIRE-E00932,E00932,Hire,2022-09-16,
EVT-EXIT-E00932,E00932,Exit,2023-01-18,Resigned
EVT-HIRE-E00933,E00933,Hire,2024-10-05,
EVT-EXIT-E00933,E00933,Exit,2024-12-16,Resigned
EVT-HIRE-E00934,E00934,Hire,2021-07-20,
EVT-HIRE-E00935,E00935,Hire,2021-11-08,
EVT-EXIT-E00935,E00935,Exit,2022-02-08,Resigned
EVT-HIRE-E00936,E00936,Hire,2020-02-22,
EVT-HIRE-E00937,E00937,Hire,2021-01-26,
EVT-HIRE-E00938,E00938,Hire,2025-03-16,
EVT-HIRE-E00939,E00939,Hire,2024-02-01,
EVT-EXIT-E00939,E00939,Exit,2024-03-20,Resigned
EVT-HIRE-E00940,E00940,Hire,2020-06-18,
EVT-HIRE-E00941,E00941,Hire,2021-05-18,
EVT-HIRE-E00942,E00942,Hire,2020-07-19,
EVT-HIRE-E00943,E00943,Hire,2024-06-29,
EVT-HIRE-E00944,E00944,Hire,2021-06-13,
EVT-HIRE-E00945,E00945,Hire,2021-10-25,
EVT-HIRE-E00946,E00946,Hire,2024-05-22,
EVT-HIRE-E00947,E00947,Hire,2024-09-15,
EVT-HIRE-E00948,E00948,Hire,2023-03-14,
EVT-HIRE-E00949,E00949,Hire,2020-10-17,
EVT-HIRE-E00950,E00950,Hire,2020-08-19,
EVT-HIRE-E00951,E00951,Hire,2020-06-20,
EVT-HIRE-E00952,E00952,Hire,2021-06-16,
EVT-EXIT-E00952,E00952,Exit,2021-08-15,Retirement
EVT-HIRE-E00953,E00953,Hire,2020-04-08,
EVT-HIRE-E00954,E00954,Hire,2024-07-01,
EVT-HIRE-E00955,E00955,Hire,2025-05-02,
EVT-EXIT-E00955,E00955,Exit,2025-08-22,Layoff
EVT-HIRE-E00956,E00956,Hire,2023-04-14,
EVT-HIRE-E00957,E00957,Hire,2021-03-23,
EVT-HIRE-E00958,E00958,Hire,2025-04-20,
EVT-HIRE-E00959,E00959,Hire,2022-12-15,
EVT-HIRE-E00960,E00960,Hire,2020-06-01,
EVT-HIRE-E00961,E00961,Hire,2020-11-20,
EVT-HIRE-E00962,E00962,Hire,2023-11-01,
EVT-EXIT-E00962,E00962,Exit,2024-02-18,Resigned
EVT-HIRE-E00963,E00963,Hire,2020-04-17,
EVT-HIRE-E00964,E00964,Hire,2022-10-12,
EVT-HIRE-E00965,E00965,Hire,2025-03-23,
EVT-EXIT-E00965,E00965,Exit,2025-04-28,Layoff
EVT-HIRE-E00966,E00966,Hire,2022-01-19,
EVT-HIRE-E00967,E00967,Hire,2025-02-21,
EVT-HIRE-E00968,E00968,Hire,2023-12-04,
EVT-EXIT-E00968,E00968,Exit,2024-04-25,Resigned
EVT-HIRE-E00969,E00969,Hire,2025-03-15,
EVT-HIRE-E00970,E00970,Hire,2022-09-26,
EVT-HIRE-E00971,E00971,Hire,2021-11-11,
EVT-HIRE-E00972,E00972,Hire,2023-07-28,
EVT-EXIT-E00972,E00972,Exit,2023-11-26,Relocation
EVT-HIRE-E00973,E00973,Hire,2020-11-01,
EVT-HIRE-E00974,E00974,Hire,2022-05-06,
EVT-HIRE-E00975,E00975,Hire,2024-01-24,
EVT-HIRE-E00976,E00976,Hire,2024-09-25,
EVT-EXIT-E00976,E00976,Exit,2025-02-14,Retirement
EVT-HIRE-E00977,E00977,Hire,2021-10-11,
EVT-HIRE-E00978,E00978,Hire,2020-05-25,
EVT-EXIT-E00978,E00978,Exit,2020-06-26,Resigned
EVT-HIRE-E00979,E00979,Hire,2020-02-19,
EVT-HIRE-E00980,E00980,Hire,2024-10-20,
EVT-HIRE-E00981,E00981,Hire,2024-07-20,
EVT-EXIT-E00981,E00981,Exit,2024-10-01,Resigned
EVT-HIRE-E00982,E00982,Hire,2023-07-17,
EVT-HIRE-E00983,E00983,Hire,2020-08-29,
EVT-HIRE-E00984,E00984,Hire,2022-05-04,
EVT-HIRE-E00985,E00985,Hire,2022-07-07,
EVT-HIRE-E00986,E00986,Hire,2023-08-12,
EVT-HIRE-E00987,E00987,Hire,2023-09-16,
EVT-HIRE-E00988,E00988,Hire,2021-03-26,
EVT-HIRE-E00989,E00989,Hire,2025-11-23,
EVT-HIRE-E00990,E00990,Hire,2020-05-25,
EVT-EXIT-E00990,E00990,Exit,2020-07-24,Performance / Termination
EVT-HIRE-E00991,E00991,Hire,2022-03-10,
EVT-HIRE-E00992,E00992,Hire,2025-10-18,
EVT-EXIT-E00992,E00992,Exit,2025-12-30,Resigned
EVT-HIRE-E00993,E00993,Hire,2024-02-25,
EVT-HIRE-E00994,E00994,Hire,2023-12-25,
EVT-HIRE-E00995,E00995,Hire,2025-10-14,
EVT-HIRE-E00996,E00996,Hire,2025-06-20,
EVT-HIRE-E00997,E00997,Hire,2021-12-27,
EVT-EXIT-E00997,E00997,Exit,2022-05-06,Layoff
EVT-HIRE-E00998,E00998,Hire,2024-11-07,
EVT-HIRE-E00999,E00999,Hire,2021-12-08,
EVT-HIRE-E01000,E01000,Hire,2022-03-12,
EVT-HIRE-E01001,E01001,Hire,2022-07-06,
EVT-HIRE-E01002,E01002,Hire,2025-08-04,
EVT-HIRE-E01003,E01003,Hire,2024-04-11,
EVT-HIRE-E01004,E01004,Hire,2020-05-21,
EVT-HIRE-E01005,E01005,Hire,2024-07-05,
EVT-HIRE-E01006,E01006,Hire,2022-12-14,
EVT-HIRE-E01007,E01007,Hire,2020-05-04,
EVT-HIRE-E01008,E01008,Hire,2025-11-10,
EVT-HIRE-E01009,E01009,Hire,2021-02-24,
EVT-HIRE-E01010,E01010,Hire,2025-11-26,
EVT-EXIT-E01010,E01010,Exit,2025-12-11,Resigned
EVT-HIRE-E01011,E01011,Hire,2025-11-20,
EVT-HIRE-E01012,E01012,Hire,2020-05-11,
EVT-HIRE-E01013,E01013,Hire,2020-06-05,
EVT-HIRE-E01014,E01014,Hire,2023-09-13,
EVT-HIRE-E01015,E01015,Hire,2024-05-08,
EVT-HIRE-E01016,E01016,Hire,2024-08-02,
EVT-HIRE-E01017,E01017,Hire,2023-09-13,
EVT-HIRE-E01018,E01018,Hire,2023-05-17,
EVT-HIRE-E01019,E01019,Hire,2024-10-07,
EVT-HIRE-E01020,E01020,Hire,2022-02-10,
EVT-HIRE-E01021,E01021,Hire,2025-06-28,
EVT-EXIT-E01021,E01021,Exit,2025-10-03,Resigned
EVT-HIRE-E01022,E01022,Hire,2021-11-05,
EVT-HIRE-E01023,E01023,Hire,2024-06-29,
EVT-HIRE-E01024,E01024,Hire,2020-04-09,
EVT-HIRE-E01025,E01025,Hire,2025-09-03,
EVT-HIRE-E01026,E01026,Hire,2022-08-17,
EVT-HIRE-E01027,E01027,Hire,2025-09-14,
EVT-HIRE-E01028,E01028,Hire,2020-03-04,
EVT-HIRE-E01029,E01029,Hire,2020-08-26,
EVT-HIRE-E01030,E01030,Hire,2025-02-04,
EVT-HIRE-E01031,E01031,Hire,2023-11-11,
EVT-EXIT-E01031,E01031,Exit,2024-01-22,Retirement
EVT-HIRE-E01032,E01032,Hire,2025-07-24,
EVT-HIRE-E01033,E01033,Hire,2025-05-07,
EVT-HIRE-E01034,E01034,Hire,2023-11-21,
EVT-HIRE-E01035,E01035,Hire,2023-11-14,
EVT-HIRE-E01036,E01036,Hire,2021-09-06,
EVT-HIRE-E01037,E01037,Hire,2025-06-07,
EVT-EXIT-E01037,E01037,Exit,2025-08-27,Retirement
EVT-HIRE-E01038,E01038,Hire,2025-11-28,
EVT-HIRE-E01039,E01039,Hire,2023-07-06,
EVT-HIRE-E01040,E01040,Hire,2021-11-13,
EVT-HIRE-E01041,E01041,Hire,2020-02-07,
EVT-HIRE-E01042,E01042,Hire,2023-04-15,
EVT-HIRE-E01043,E01043,Hire,2020-09-02,
EVT-HIRE-E01044,E01044,Hire,2021-03-30,
EVT-HIRE-E01045,E01045,Hire,2023-12-15,
EVT-EXIT-E01045,E01045,Exit,2024-02-18,Resigned
EVT-HIRE-E01046,E01046,Hire,2023-01-18,
EVT-HIRE-E01047,E01047,Hire,2025-02-14,
EVT-EXIT-E01047,E01047,Exit,2025-07-09,Resigned
EVT-HIRE-E01048,E01048,Hire,2020-11-02,
EVT-HIRE-E01049,E01049,Hire,2020-07-16,
EVT-HIRE-E01050,E01050,Hire,2025-09-30,
EVT-HIRE-E01051,E01051,Hire,2023-03-26,
EVT-HIRE-E01052,E01052,Hire,2023-02-25,
EVT-HIRE-E01053,E01053,Hire,2025-09-16,
EVT-HIRE-E01054,E01054,Hire,2023-11-20,
EVT-HIRE-E01055,E01055,Hire,2023-12-04,
EVT-HIRE-E01056,E01056,Hire,2020-07-07,
EVT-HIRE-E01057,E01057,Hire,2022-08-08,
EVT-HIRE-E01058,E01058,Hire,2024-11-03,
EVT-HIRE-E01059,E01059,Hire,2024-02-19,
EVT-HIRE-E01060,E01060,Hire,2025-09-10,
EVT-HIRE-E01061,E01061,Hire,2020-11-30,
EVT-HIRE-E01062,E01062,Hire,2025-10-23,
EVT-HIRE-E01063,E01063,Hire,2024-02-18,
EVT-HIRE-E01064,E01064,Hire,2022-09-13,
EVT-HIRE-E01065,E01065,Hire,2021-01-30,
EVT-HIRE-E01066,E01066,Hire,2020-03-22,
EVT-HIRE-E01067,E01067,Hire,2024-04-12,
EVT-HIRE-E01068,E01068,Hire,2022-03-22,
EVT-EXIT-E01068,E01068,Exit,2022-06-20,Layoff
EVT-HIRE-E01069,E01069,Hire,2024-03-24,
EVT-HIRE-E01070,E01070,Hire,2022-07-13,
EVT-HIRE-E01071,E01071,Hire,2021-11-27,
EVT-HIRE-E01072,E01072,Hire,2024-04-15,
EVT-HIRE-E01073,E01073,Hire,2023-04-22,
EVT-HIRE-E01074,E01074,Hire,2021-09-20,
EVT-HIRE-E01075,E01075,Hire,2021-08-10,
EVT-HIRE-E01076,E01076,Hire,2023-12-25,
EVT-EXIT-E01076,E01076,Exit,2024-03-19,Resigned
EVT-HIRE-E01077,E01077,Hire,2023-04-20,
EVT-EXIT-E01077,E01077,Exit,2023-07-23,Resigned
EVT-HIRE-E01078,E01078,Hire,2020-07-22,
EVT-EXIT-E01078,E01078,Exit,2020-12-08,Resigned
EVT-HIRE-E01079,E01079,Hire,2021-02-04,
EVT-EXIT-E01079,E01079,Exit,2021-04-05,Relocation
EVT-HIRE-E01080,E01080,Hire,2022-11-06,
EVT-HIRE-E01081,E01081,Hire,2021-06-26,
EVT-HIRE-E01082,E01082,Hire,2025-07-10,
EVT-HIRE-E01083,E01083,Hire,2025-11-16,
EVT-HIRE-E01084,E01084,Hire,2021-12-14,
EVT-HIRE-E01085,E01085,Hire,2025-04-25,
EVT-EXIT-E01085,E01085,Exit,2025-06-22,Retirement
EVT-HIRE-E01086,E01086,Hire,2021-12-02,
EVT-EXIT-E01086,E01086,Exit,2022-04-07,Resigned
EVT-HIRE-E01087,E01087,Hire,2021-01-01,
EVT-HIRE-E01088,E01088,Hire,2022-12-31,
EVT-HIRE-E01089,E01089,Hire,2020-08-22,
EVT-HIRE-E01090,E01090,Hire,2023-10-03,
EVT-HIRE-E01091,E01091,Hire,2025-07-20,
EVT-EXIT-E01091,E01091,Exit,2025-08-27,Resigned
EVT-HIRE-E01092,E01092,Hire,2021-05-30,
EVT-HIRE-E01093,E01093,Hire,2023-05-19,
EVT-HIRE-E01094,E01094,Hire,2024-11-26,
EVT-HIRE-E01095,E01095,Hire,2021-11-04,
EVT-HIRE-E01096,E01096,Hire,2020-12-21,
EVT-HIRE-E01097,E01097,Hire,2021-06-13,
EVT-HIRE-E01098,E01098,Hire,2023-11-01,
EVT-HIRE-E01099,E01099,Hire,2023-02-09,
EVT-EXIT-E01099,E01099,Exit,2023-05-12,Resigned
EVT-HIRE-E01100,E01100,Hire,2021-04-01,
EVT-HIRE-E01101,E01101,Hire,2024-06-09,
EVT-HIRE-E01102,E01102,Hire,2023-04-01,
EVT-HIRE-E01103,E01103,Hire,2023-01-05,
EVT-HIRE-E01104,E01104,Hire,2022-03-09,
EVT-EXIT-E01104,E01104,Exit,2022-06-20,Resigned
EVT-HIRE-E01105,E01105,Hire,2022-09-15,
EVT-HIRE-E01106,E01106,Hire,2024-01-04,
EVT-HIRE-E01107,E01107,Hire,2025-05-20,
EVT-HIRE-E01108,E01108,Hire,2020-12-09,
EVT-EXIT-E01108,E01108,Exit,2021-04-07,Resigned
EVT-HIRE-E01109,E01109,Hire,2023-05-22,
EVT-HIRE-E01110,E01110,Hire,2020-10-13,
EVT-HIRE-E01111,E01111,Hire,2021-04-11,
EVT-HIRE-E01112,E01112,Hire,2022-02-01,
EVT-HIRE-E01113,E01113,Hire,2020-05-23,
EVT-HIRE-E01114,E01114,Hire,2020-06-30,
EVT-HIRE-E01115,E01115,Hire,2024-11-06,
EVT-EXIT-E01115,E01115,Exit,2025-03-17,Performance / Termination
EVT-HIRE-E01116,E01116,Hire,2022-12-31,
EVT-HIRE-E01117,E01117,Hire,2023-09-19,
EVT-HIRE-E01118,E01118,Hire,2023-03-06,
EVT-HIRE-E01119,E01119,Hire,2025-01-01,
EVT-EXIT-E01119,E01119,Exit,2025-02-02,Resigned
EVT-HIRE-E01120,E01120,Hire,2025-05-02,
EVT-HIRE-E01121,E01121,Hire,2022-05-10,
EVT-EXIT-E01121,E01121,Exit,2022-07-22,Performance / Termination
EVT-HIRE-E01122,E01122,Hire,2023-09-05,
EVT-HIRE-E01123,E01123,Hire,2022-11-29,
EVT-HIRE-E01124,E01124,Hire,2024-07-23,
EVT-HIRE-E01125,E01125,Hire,2023-11-05,
EVT-HIRE-E01126,E01126,Hire,2023-03-14,
EVT-HIRE-E01127,E01127,Hire,2025-01-18,
EVT-EXIT-E01127,E01127,Exit,2025-04-26,Performance / Termination
EVT-HIRE-E01128,E01128,Hire,2022-09-22,
EVT-HIRE-E01129,E01129,Hire,2022-12-21,
EVT-EXIT-E01129,E01129,Exit,2023-01-24,Retirement
EVT-HIRE-E01130,E01130,Hire,2025-04-01,
EVT-HIRE-E01131,E01131,Hire,2025-02-12,
EVT-HIRE-E01132,E01132,Hire,2025-04-10,
EVT-EXIT-E01132,E01132,Exit,2025-06-02,Resigned
EVT-HIRE-E01133,E01133,Hire,2022-09-13,
EVT-HIRE-E01134,E01134,Hire,2025-09-06,
EVT-HIRE-E01135,E01135,Hire,2021-09-30,
EVT-HIRE-E01136,E01136,Hire,2024-03-08,
EVT-HIRE-E01137,E01137,Hire,2022-08-30,
EVT-HIRE-E01138,E01138,Hire,2025-08-22,
EVT-HIRE-E01139,E01139,Hire,2020-03-17,
EVT-HIRE-E01140,E01140,Hire,2023-07-01,
EVT-EXIT-E01140,E01140,Exit,2023-09-10,Retirement
EVT-HIRE-E01141,E01141,Hire,2023-10-31,
EVT-HIRE-E01142,E01142,Hire,2020-02-17,
EVT-HIRE-E01143,E01143,Hire,2024-06-28,
EVT-HIRE-E01144,E01144,Hire,2022-06-03,
EVT-HIRE-E01145,E01145,Hire,2021-01-07,
EVT-HIRE-E01146,E01146,Hire,2025-05-20,
EVT-HIRE-E01147,E01147,Hire,2021-11-02,
EVT-EXIT-E01147,E01147,Exit,2022-01-13,Resigned
EVT-HIRE-E01148,E01148,Hire,2023-04-09,
EVT-HIRE-E01149,E01149,Hire,2020-12-21,
EVT-EXIT-E01149,E01149,Exit,2021-02-19,Retirement
EVT-HIRE-E01150,E01150,Hire,2021-10-14,
EVT-HIRE-E01151,E01151,Hire,2024-05-22,
EVT-HIRE-E01152,E01152,Hire,2021-06-22,
EVT-HIRE-E01153,E01153,Hire,2023-06-03,
EVT-EXIT-E01153,E01153,Exit,2023-10-27,Layoff
EVT-HIRE-E01154,E01154,Hire,2022-03-17,
EVT-EXIT-E01154,E01154,Exit,2022-05-13,Resigned
EVT-HIRE-E01155,E01155,Hire,2023-09-05,
EVT-HIRE-E01156,E01156,Hire,2020-12-12,
EVT-HIRE-E01157,E01157,Hire,2020-04-14,
EVT-EXIT-E01157,E01157,Exit,2020-06-29,Resigned
EVT-HIRE-E01158,E01158,Hire,2025-05-18,
EVT-HIRE-E01159,E01159,Hire,2025-03-03,
EVT-HIRE-E01160,E01160,Hire,2024-07-29,
EVT-HIRE-E01161,E01161,Hire,2023-02-02,
EVT-EXIT-E01161,E01161,Exit,2023-04-25,Resigned
EVT-HIRE-E01162,E01162,Hire,2021-09-09,
EVT-EXIT-E01162,E01162,Exit,2021-10-29,Resigned
EVT-HIRE-E01163,E01163,Hire,2022-05-11,
EVT-HIRE-E01164,E01164,Hire,2022-02-27,
EVT-HIRE-E01165,E01165,Hire,2021-10-15,
EVT-HIRE-E01166,E01166,Hire,2022-05-05,
EVT-HIRE-E01167,E01167,Hire,2022-09-20,
EVT-EXIT-E01167,E01167,Exit,2023-01-20,Resigned
EVT-HIRE-E01168,E01168,Hire,2024-03-16,
EVT-HIRE-E01169,E01169,Hire,2023-08-30,
EVT-EXIT-E01169,E01169,Exit,2024-01-11,Resigned
EVT-HIRE-E01170,E01170,Hire,2024-09-04,
EVT-HIRE-E01171,E01171,Hire,2025-09-22,
EVT-EXIT-E01171,E01171,Exit,2025-12-16,Resigned
EVT-HIRE-E01172,E01172,Hire,2022-12-16,
EVT-HIRE-E01173,E01173,Hire,2024-04-10,
EVT-HIRE-E01174,E01174,Hire,2022-10-31,
EVT-HIRE-E01175,E01175,Hire,2020-12-20,
EVT-EXIT-E01175,E01175,Exit,2021-01-26,Resigned
EVT-HIRE-E01176,E01176,Hire,2022-11-25,
EVT-HIRE-E01177,E01177,Hire,2025-04-28,
EVT-HIRE-E01178,E01178,Hire,2022-06-19,
EVT-HIRE-E01179,E01179,Hire,2020-04-04,
EVT-HIRE-E01180,E01180,Hire,2022-07-22,
EVT-HIRE-E01181,E01181,Hire,2021-09-04,
EVT-HIRE-E01182,E01182,Hire,2022-02-07,
EVT-HIRE-E01183,E01183,Hire,2023-10-26,
EVT-HIRE-E01184,E01184,Hire,2022-04-08,
EVT-HIRE-E01185,E01185,Hire,2020-01-06,
EVT-HIRE-E01186,E01186,Hire,2023-11-19,
EVT-EXIT-E01186,E01186,Exit,2024-04-05,Performance / Termination
EVT-HIRE-E01187,E01187,Hire,2025-01-04,
EVT-EXIT-E01187,E01187,Exit,2025-04-23,Resigned
EVT-HIRE-E01188,E01188,Hire,2023-11-14,
EVT-EXIT-E01188,E01188,Exit,2023-12-14,Relocation
EVT-HIRE-E01189,E01189,Hire,2021-06-05,
EVT-HIRE-E01190,E01190,Hire,2023-12-20,
EVT-HIRE-E01191,E01191,Hire,2021-10-07,
EVT-HIRE-E01192,E01192,Hire,2024-08-22,
EVT-EXIT-E01192,E01192,Exit,2024-10-17,Resigned
EVT-HIRE-E01193,E01193,Hire,2022-04-22,
EVT-HIRE-E01194,E01194,Hire,2022-11-28,
EVT-HIRE-E01195,E01195,Hire,2021-05-20,
EVT-HIRE-E01196,E01196,Hire,2024-08-30,
EVT-EXIT-E01196,E01196,Exit,2024-10-18,Retirement
EVT-HIRE-E01197,E01197,Hire,2025-09-21,
EVT-EXIT-E01197,E01197,Exit,2025-12-30,Resigned
EVT-HIRE-E01198,E01198,Hire,2025-05-11,
EVT-HIRE-E01199,E01199,Hire,2024-04-14,
EVT-HIRE-E01200,E01200,Hire,2023-07-16,
EVT-HIRE-E01201,E01201,Hire,2021-06-05,
EVT-EXIT-E01201,E01201,Exit,2021-10-21,Performance / Termination
EVT-HIRE-E01202,E01202,Hire,2024-11-23,
EVT-HIRE-E01203,E01203,Hire,2025-04-16,
EVT-HIRE-E01204,E01204,Hire,2020-06-08,
EVT-HIRE-E01205,E01205,Hire,2022-05-18,
EVT-EXIT-E01205,E01205,Exit,2022-09-06,Resigned
EVT-HIRE-E01206,E01206,Hire,2024-08-11,
EVT-HIRE-E01207,E01207,Hire,2024-07-18,
EVT-HIRE-E01208,E01208,Hire,2021-03-17,
EVT-EXIT-E01208,E01208,Exit,2021-07-27,Resigned
EVT-HIRE-E01209,E01209,Hire,2022-02-07,
EVT-HIRE-E01210,E01210,Hire,2024-08-04,
EVT-EXIT-E01210,E01210,Exit,2024-12-07,Resigned
EVT-HIRE-E01211,E01211,Hire,2020-02-04,
EVT-HIRE-E01212,E01212,Hire,2024-06-04,
EVT-HIRE-E01213,E01213,Hire,2023-06-15,
EVT-HIRE-E01214,E01214,Hire,2023-12-16,
EVT-HIRE-E01215,E01215,Hire,2023-02-14,
EVT-HIRE-E01216,E01216,Hire,2025-12-15,
EVT-HIRE-E01217,E01217,Hire,2024-11-06,
EVT-HIRE-E01218,E01218,Hire,2025-05-17,
EVT-EXIT-E01218,E01218,Exit,2025-07-30,Resigned
EVT-HIRE-E01219,E01219,Hire,2020-06-17,
EVT-HIRE-E01220,E01220,Hire,2023-03-10,
EVT-HIRE-E01221,E01221,Hire,2020-12-16,
EVT-HIRE-E01222,E01222,Hire,2023-10-06,
EVT-HIRE-E01223,E01223,Hire,2023-10-10,
EVT-HIRE-E01224,E01224,Hire,2022-02-24,
EVT-HIRE-E01225,E01225,Hire,2021-03-12,
EVT-HIRE-E01226,E01226,Hire,2023-11-23,
EVT-HIRE-E01227,E01227,Hire,2020-06-21,
EVT-HIRE-E01228,E01228,Hire,2022-10-15,
EVT-HIRE-E01229,E01229,Hire,2022-11-23,
EVT-HIRE-E01230,E01230,Hire,2025-08-05,
EVT-HIRE-E01231,E01231,Hire,2024-11-19,
EVT-HIRE-E01232,E01232,Hire,2021-01-28,
EVT-EXIT-E01232,E01232,Exit,2021-06-10,Resigned
EVT-HIRE-E01233,E01233,Hire,2023-10-10,
EVT-HIRE-E01234,E01234,Hire,2021-12-23,
EVT-HIRE-E01235,E01235,Hire,2024-07-25,
EVT-HIRE-E01236,E01236,Hire,2025-11-14,
EVT-HIRE-E01237,E01237,Hire,2023-02-01,
EVT-HIRE-E01238,E01238,Hire,2025-02-13,
EVT-HIRE-E01239,E01239,Hire,2023-10-06,
EVT-HIRE-E01240,E01240,Hire,2020-08-22,
EVT-HIRE-E01241,E01241,Hire,2023-08-17,
EVT-HIRE-E01242,E01242,Hire,2022-11-11,
EVT-EXIT-E01242,E01242,Exit,2023-03-31,Resigned
EVT-HIRE-E01243,E01243,Hire,2025-06-12,
EVT-HIRE-E01244,E01244,Hire,2023-06-13,
EVT-HIRE-E01245,E01245,Hire,2025-05-20,
EVT-EXIT-E01245,E01245,Exit,2025-09-17,Resigned
EVT-HIRE-E01246,E01246,Hire,2024-10-11,
EVT-EXIT-E01246,E01246,Exit,2025-01-11,Performance / Termination
EVT-HIRE-E01247,E01247,Hire,2023-02-17,
EVT-EXIT-E01247,E01247,Exit,2023-05-30,Retirement
EVT-HIRE-E01248,E01248,Hire,2025-06-16,
EVT-EXIT-E01248,E01248,Exit,2025-11-11,Resigned
EVT-HIRE-E01249,E01249,Hire,2021-01-21,
EVT-HIRE-E01250,E01250,Hire,2022-09-07,
EVT-HIRE-E01251,E01251,Hire,2024-06-22,
EVT-HIRE-E01252,E01252,Hire,2022-11-24,
EVT-HIRE-E01253,E01253,Hire,2025-07-13,
EVT-HIRE-E01254,E01254,Hire,2020-09-12,
EVT-HIRE-E01255,E01255,Hire,2022-12-07,
EVT-EXIT-E01255,E01255,Exit,2023-01-17,Resigned
EVT-HIRE-E01256,E01256,Hire,2020-06-24,
EVT-EXIT-E01256,E01256,Exit,2020-10-27,Resigned
EVT-HIRE-E01257,E01257,Hire,2024-02-11,
EVT-HIRE-E01258,E01258,Hire,2020-03-07,
EVT-HIRE-E01259,E01259,Hire,2020-02-28,
EVT-EXIT-E01259,E01259,Exit,2020-06-08,Relocation
EVT-HIRE-E01260,E01260,Hire,2022-02-28,
EVT-HIRE-E01261,E01261,Hire,2020-02-06,
EVT-HIRE-E01262,E01262,Hire,2021-11-26,
EVT-EXIT-E01262,E01262,Exit,2022-02-20,Resigned
EVT-HIRE-E01263,E01263,Hire,2024-12-04,
EVT-HIRE-E01264,E01264,Hire,2024-06-20,
EVT-HIRE-E01265,E01265,Hire,2021-01-03,
EVT-EXIT-E01265,E01265,Exit,2021-03-21,Resigned
EVT-HIRE-E01266,E01266,Hire,2023-07-14,
EVT-HIRE-E01267,E01267,Hire,2020-05-07,
EVT-HIRE-E01268,E01268,Hire,2025-11-24,
EVT-EXIT-E01268,E01268,Exit,2025-12-09,Resigned
EVT-HIRE-E01269,E01269,Hire,2021-10-25,
EVT-HIRE-E01270,E01270,Hire,2024-11-06,
EVT-HIRE-E01271,E01271,Hire,2023-02-06,
EVT-HIRE-E01272,E01272,Hire,2020-10-13,
EVT-HIRE-E01273,E01273,Hire,2025-09-12,
EVT-EXIT-E01273,E01273,Exit,2025-12-30,Layoff
EVT-HIRE-E01274,E01274,Hire,2021-01-04,
EVT-HIRE-E01275,E01275,Hire,2023-09-06,
EVT-HIRE-E01276,E01276,Hire,2022-09-30,
EVT-HIRE-E01277,E01277,Hire,2021-01-04,
EVT-HIRE-E01278,E01278,Hire,2024-06-27,
EVT-HIRE-E01279,E01279,Hire,2025-04-06,
EVT-HIRE-E01280,E01280,Hire,2025-12-07,
EVT-HIRE-E01281,E01281,Hire,2022-02-02,
EVT-HIRE-E01282,E01282,Hire,2020-05-19,
EVT-HIRE-E01283,E01283,Hire,2025-01-22,
EVT-HIRE-E01284,E01284,Hire,2024-02-14,
EVT-EXIT-E01284,E01284,Exit,2024-05-16,Resigned
EVT-HIRE-E01285,E01285,Hire,2023-08-16,
EVT-EXIT-E01285,E01285,Exit,2023-10-13,Retirement
EVT-HIRE-E01286,E01286,Hire,2023-11-01,
EVT-HIRE-E01287,E01287,Hire,2020-12-21,
EVT-HIRE-E01288,E01288,Hire,2023-03-14,
EVT-HIRE-E01289,E01289,Hire,2024-03-12,
EVT-HIRE-E01290,E01290,Hire,2024-06-28,
EVT-EXIT-E01290,E01290,Exit,2024-11-13,Retirement
EVT-HIRE-E01291,E01291,Hire,2020-01-01,
EVT-HIRE-E01292,E01292,Hire,2025-12-21,
EVT-HIRE-E01293,E01293,Hire,2024-06-15,
EVT-HIRE-E01294,E01294,Hire,2025-04-08,
EVT-HIRE-E01295,E01295,Hire,2022-01-23,
EVT-HIRE-E01296,E01296,Hire,2022-08-26,
EVT-HIRE-E01297,E01297,Hire,2022-07-17,
EVT-HIRE-E01298,E01298,Hire,2021-07-29,
EVT-HIRE-E01299,E01299,Hire,2021-07-18,
EVT-HIRE-E01300,E01300,Hire,2025-11-12,
EVT-HIRE-E01301,E01301,Hire,2021-09-05,
EVT-EXIT-E01301,E01301,Exit,2021-12-03,Resigned
EVT-HIRE-E01302,E01302,Hire,2022-12-15,
EVT-HIRE-E01303,E01303,Hire,2021-05-16,
EVT-EXIT-E01303,E01303,Exit,2021-10-11,Resigned
EVT-HIRE-E01304,E01304,Hire,2023-01-17,
EVT-HIRE-E01305,E01305,Hire,2020-03-07,
EVT-HIRE-E01306,E01306,Hire,2025-12-29,
EVT-HIRE-E01307,E01307,Hire,2023-08-14,
EVT-HIRE-E01308,E01308,Hire,2022-11-17,
EVT-HIRE-E01309,E01309,Hire,2021-03-04,
EVT-HIRE-E01310,E01310,Hire,2024-02-07,
EVT-EXIT-E01310,E01310,Exit,2024-05-11,Resigned
EVT-HIRE-E01311,E01311,Hire,2023-09-17,
EVT-HIRE-E01312,E01312,Hire,2023-10-22,
EVT-HIRE-E01313,E01313,Hire,2020-07-28,
EVT-HIRE-E01314,E01314,Hire,2023-06-09,
EVT-HIRE-E01315,E01315,Hire,2022-04-17,
EVT-EXIT-E01315,E01315,Exit,2022-07-08,Performance / Termination
EVT-HIRE-E01316,E01316,Hire,2022-07-18,
EVT-HIRE-E01317,E01317,Hire,2024-08-13,
EVT-HIRE-E01318,E01318,Hire,2020-01-03,
EVT-HIRE-E01319,E01319,Hire,2025-08-20,
EVT-HIRE-E01320,E01320,Hire,2024-07-18,
EVT-EXIT-E01320,E01320,Exit,2024-09-27,Resigned
EVT-HIRE-E01321,E01321,Hire,2024-10-09,
EVT-HIRE-E01322,E01322,Hire,2020-07-01,
EVT-HIRE-E01323,E01323,Hire,2022-08-08,
EVT-EXIT-E01323,E01323,Exit,2022-11-24,Resigned
EVT-HIRE-E01324,E01324,Hire,2020-11-13,
EVT-HIRE-E01325,E01325,Hire,2024-02-01,
EVT-HIRE-E01326,E01326,Hire,2021-01-08,
EVT-HIRE-E01327,E01327,Hire,2021-03-02,
EVT-HIRE-E01328,E01328,Hire,2025-03-12,
EVT-HIRE-E01329,E01329,Hire,2025-12-05,
EVT-HIRE-E01330,E01330,Hire,2021-12-19,
EVT-HIRE-E01331,E01331,Hire,2020-08-13,
EVT-HIRE-E01332,E01332,Hire,2024-11-09,
EVT-HIRE-E01333,E01333,Hire,2024-10-16,
EVT-HIRE-E01334,E01334,Hire,2023-11-05,
EVT-HIRE-E01335,E01335,Hire,2024-10-10,
EVT-HIRE-E01336,E01336,Hire,2022-10-08,
EVT-HIRE-E01337,E01337,Hire,2020-11-02,
EVT-HIRE-E01338,E01338,Hire,2022-03-16,
EVT-HIRE-E01339,E01339,Hire,2025-05-29,
EVT-HIRE-E01340,E01340,Hire,2025-01-21,
EVT-EXIT-E01340,E01340,Exit,2025-03-10,Retirement
EVT-HIRE-E01341,E01341,Hire,2025-06-24,
EVT-HIRE-E01342,E01342,Hire,2021-05-19,
EVT-HIRE-E01343,E01343,Hire,2022-08-24,
EVT-HIRE-E01344,E01344,Hire,2023-06-11,
EVT-EXIT-E01344,E01344,Exit,2023-09-28,Resigned
EVT-HIRE-E01345,E01345,Hire,2025-01-10,
EVT-HIRE-E01346,E01346,Hire,2021-09-26,
EVT-HIRE-E01347,E01347,Hire,2022-05-08,
EVT-HIRE-E01348,E01348,Hire,2025-08-14,
EVT-EXIT-E01348,E01348,Exit,2025-12-28,Resigned
EVT-HIRE-E01349,E01349,Hire,2025-09-24,
EVT-HIRE-E01350,E01350,Hire,2021-03-03,
EVT-EXIT-E01350,E01350,Exit,2021-05-26,Resigned
EVT-HIRE-E01351,E01351,Hire,2021-11-02,
EVT-EXIT-E01351,E01351,Exit,2022-01-16,Resigned
EVT-HIRE-E01352,E01352,Hire,2025-11-15,
EVT-HIRE-E01353,E01353,Hire,2023-02-22,
EVT-HIRE-E01354,E01354,Hire,2021-02-13,
EVT-HIRE-E01355,E01355,Hire,2020-12-21,
EVT-HIRE-E01356,E01356,Hire,2025-08-27,
EVT-EXIT-E01356,E01356,Exit,2025-11-14,Resigned
EVT-HIRE-E01357,E01357,Hire,2024-12-16,
EVT-HIRE-E01358,E01358,Hire,2025-02-19,
EVT-HIRE-E01359,E01359,Hire,2022-05-08,
EVT-HIRE-E01360,E01360,Hire,2021-01-23,
EVT-HIRE-E01361,E01361,Hire,2023-02-03,
EVT-HIRE-E01362,E01362,Hire,2020-03-02,
EVT-EXIT-E01362,E01362,Exit,2020-05-06,Relocation
EVT-HIRE-E01363,E01363,Hire,2020-08-03,
EVT-HIRE-E01364,E01364,Hire,2021-03-09,
EVT-HIRE-E01365,E01365,Hire,2021-10-25,
EVT-HIRE-E01366,E01366,Hire,2025-05-03,
EVT-HIRE-E01367,E01367,Hire,2025-06-16,
EVT-HIRE-E01368,E01368,Hire,2023-06-24,
EVT-HIRE-E01369,E01369,Hire,2025-10-27,
EVT-EXIT-E01369,E01369,Exit,2025-12-30,Retirement
EVT-HIRE-E01370,E01370,Hire,2023-04-14,
EVT-HIRE-E01371,E01371,Hire,2025-07-29,
EVT-HIRE-E01372,E01372,Hire,2021-01-13,
EVT-HIRE-E01373,E01373,Hire,2024-11-24,
EVT-HIRE-E01374,E01374,Hire,2022-06-19,
EVT-HIRE-E01375,E01375,Hire,2025-12-01,
EVT-EXIT-E01375,E01375,Exit,2025-12-16,Resigned
EVT-HIRE-E01376,E01376,Hire,2025-11-11,
EVT-HIRE-E01377,E01377,Hire,2020-09-02,
EVT-HIRE-E01378,E01378,Hire,2020-10-06,
EVT-HIRE-E01379,E01379,Hire,2020-12-24,
EVT-HIRE-E01380,E01380,Hire,2021-01-20,
EVT-HIRE-E01381,E01381,Hire,2025-02-11,
EVT-EXIT-E01381,E01381,Exit,2025-07-04,Resigned
EVT-HIRE-E01382,E01382,Hire,2021-02-02,
EVT-HIRE-E01383,E01383,Hire,2023-12-21,
EVT-HIRE-E01384,E01384,Hire,2023-03-12,
EVT-HIRE-E01385,E01385,Hire,2023-04-18,
EVT-HIRE-E01386,E01386,Hire,2022-04-16,
EVT-HIRE-E01387,E01387,Hire,2020-09-29,
EVT-HIRE-E01388,E01388,Hire,2024-07-18,
EVT-HIRE-E01389,E01389,Hire,2024-12-25,
EVT-HIRE-E01390,E01390,Hire,2023-05-26,
EVT-HIRE-E01391,E01391,Hire,2021-02-13,
EVT-EXIT-E01391,E01391,Exit,2021-06-01,Layoff
EVT-HIRE-E01392,E01392,Hire,2022-06-05,
EVT-HIRE-E01393,E01393,Hire,2020-06-03,
EVT-HIRE-E01394,E01394,Hire,2022-07-05,
EVT-HIRE-E01395,E01395,Hire,2022-03-29,
EVT-HIRE-E01396,E01396,Hire,2022-07-19,
EVT-HIRE-E01397,E01397,Hire,2025-01-08,
EVT-HIRE-E01398,E01398,Hire,2024-05-22,
EVT-HIRE-E01399,E01399,Hire,2020-03-12,
EVT-HIRE-E01400,E01400,Hire,2023-02-16,
EVT-EXIT-E01400,E01400,Exit,2023-07-01,Resigned
EVT-HIRE-E01401,E01401,Hire,2020-05-25,
EVT-HIRE-E01402,E01402,Hire,2025-06-22,
EVT-HIRE-E01403,E01403,Hire,2022-08-24,
EVT-HIRE-E01404,E01404,Hire,2023-06-24,
EVT-HIRE-E01405,E01405,Hire,2021-06-28,
EVT-HIRE-E01406,E01406,Hire,2023-08-19,
EVT-HIRE-E01407,E01407,Hire,2022-09-17,
EVT-HIRE-E01408,E01408,Hire,2021-08-20,
EVT-HIRE-E01409,E01409,Hire,2024-09-22,
EVT-HIRE-E01410,E01410,Hire,2024-05-25,
EVT-HIRE-E01411,E01411,Hire,2023-12-17,
EVT-HIRE-E01412,E01412,Hire,2022-06-12,
EVT-EXIT-E01412,E01412,Exit,2022-08-28,Retirement
EVT-HIRE-E01413,E01413,Hire,2022-06-07,
EVT-HIRE-E01414,E01414,Hire,2023-09-16,
EVT-EXIT-E01414,E01414,Exit,2023-12-19,Layoff
EVT-HIRE-E01415,E01415,Hire,2025-07-04,
EVT-EXIT-E01415,E01415,Exit,2025-10-14,Resigned
EVT-HIRE-E01416,E01416,Hire,2021-01-11,
EVT-HIRE-E01417,E01417,Hire,2025-09-03,
EVT-EXIT-E01417,E01417,Exit,2025-10-14,Resigned
EVT-HIRE-E01418,E01418,Hire,2020-06-23,
EVT-HIRE-E01419,E01419,Hire,2023-06-13,
EVT-HIRE-E01420,E01420,Hire,2022-08-06,
EVT-HIRE-E01421,E01421,Hire,2021-12-25,
EVT-HIRE-E01422,E01422,Hire,2022-04-17,
EVT-HIRE-E01423,E01423,Hire,2020-09-14,
EVT-HIRE-E01424,E01424,Hire,2025-06-06,
EVT-HIRE-E01425,E01425,Hire,2024-01-11,
EVT-HIRE-E01426,E01426,Hire,2024-10-14,
EVT-EXIT-E01426,E01426,Exit,2025-01-08,Performance / Termination
EVT-HIRE-E01427,E01427,Hire,2025-06-03,
EVT-HIRE-E01428,E01428,Hire,2022-12-03,
EVT-HIRE-E01429,E01429,Hire,2022-12-28,
EVT-EXIT-E01429,E01429,Exit,2023-03-23,Retirement
EVT-HIRE-E01430,E01430,Hire,2024-02-26,
EVT-HIRE-E01431,E01431,Hire,2020-06-22,
EVT-HIRE-E01432,E01432,Hire,2024-12-19,
EVT-HIRE-E01433,E01433,Hire,2023-06-09,
EVT-HIRE-E01434,E01434,Hire,2023-08-05,
EVT-HIRE-E01435,E01435,Hire,2023-10-07,
EVT-HIRE-E01436,E01436,Hire,2023-11-23,
EVT-HIRE-E01437,E01437,Hire,2021-08-27,
EVT-HIRE-E01438,E01438,Hire,2022-06-07,
EVT-EXIT-E01438,E01438,Exit,2022-09-07,Retirement
EVT-HIRE-E01439,E01439,Hire,2024-02-01,
EVT-HIRE-E01440,E01440,Hire,2022-11-03,
EVT-HIRE-E01441,E01441,Hire,2025-01-13,
EVT-EXIT-E01441,E01441,Exit,2025-03-22,Resigned
EVT-HIRE-E01442,E01442,Hire,2021-04-21,
EVT-HIRE-E01443,E01443,Hire,2020-02-27,
EVT-HIRE-E01444,E01444,Hire,2024-11-14,
EVT-HIRE-E01445,E01445,Hire,2022-09-01,
EVT-EXIT-E01445,E01445,Exit,2022-10-31,Resigned
EVT-HIRE-E01446,E01446,Hire,2022-09-30,
EVT-HIRE-E01447,E01447,Hire,2024-03-13,
EVT-HIRE-E01448,E01448,Hire,2022-08-23,
EVT-HIRE-E01449,E01449,Hire,2021-07-26,
EVT-HIRE-E01450,E01450,Hire,2022-06-22,
EVT-HIRE-E01451,E01451,Hire,2021-05-14,
EVT-HIRE-E01452,E01452,Hire,2023-08-18,
EVT-HIRE-E01453,E01453,Hire,2024-08-24,
EVT-EXIT-E01453,E01453,Exit,2024-10-28,Resigned
EVT-HIRE-E01454,E01454,Hire,2020-01-12,
EVT-HIRE-E01455,E01455,Hire,2024-11-22,
EVT-HIRE-E01456,E01456,Hire,2022-06-12,
EVT-HIRE-E01457,E01457,Hire,2022-09-26,
EVT-HIRE-E01458,E01458,Hire,2020-03-30,
EVT-HIRE-E01459,E01459,Hire,2022-09-04,
EVT-HIRE-E01460,E01460,Hire,2021-10-26,
EVT-HIRE-E01461,E01461,Hire,2022-03-28,
EVT-EXIT-E01461,E01461,Exit,2022-07-11,Resigned
EVT-HIRE-E01462,E01462,Hire,2024-05-01,
EVT-HIRE-E01463,E01463,Hire,2020-04-16,
EVT-HIRE-E01464,E01464,Hire,2022-08-05,
EVT-EXIT-E01464,E01464,Exit,2022-12-17,Relocation
EVT-HIRE-E01465,E01465,Hire,2025-02-23,
EVT-HIRE-E01466,E01466,Hire,2025-03-25,
EVT-HIRE-E01467,E01467,Hire,2025-01-13,
EVT-HIRE-E01468,E01468,Hire,2020-03-26,
EVT-EXIT-E01468,E01468,Exit,2020-05-30,Performance / Termination
EVT-HIRE-E01469,E01469,Hire,2021-03-09,
EVT-HIRE-E01470,E01470,Hire,2021-04-17,
EVT-EXIT-E01470,E01470,Exit,2021-09-05,Resigned
EVT-HIRE-E01471,E01471,Hire,2020-08-02,
EVT-EXIT-E01471,E01471,Exit,2020-10-17,Performance / Termination
EVT-HIRE-E01472,E01472,Hire,2023-08-03,
EVT-HIRE-E01473,E01473,Hire,2020-10-23,
EVT-HIRE-E01474,E01474,Hire,2023-05-23,
EVT-HIRE-E01475,E01475,Hire,2021-12-15,
EVT-HIRE-E01476,E01476,Hire,2024-05-31,
EVT-HIRE-E01477,E01477,Hire,2022-07-09,
EVT-HIRE-E01478,E01478,Hire,2022-12-14,
EVT-HIRE-E01479,E01479,Hire,2022-01-24,
EVT-HIRE-E01480,E01480,Hire,2023-10-29,
EVT-HIRE-E01481,E01481,Hire,2025-05-19,
EVT-HIRE-E01482,E01482,Hire,2024-10-17,
EVT-EXIT-E01482,E01482,Exit,2024-12-17,Relocation
EVT-HIRE-E01483,E01483,Hire,2024-01-04,
EVT-EXIT-E01483,E01483,Exit,2024-02-05,Retirement
EVT-HIRE-E01484,E01484,Hire,2025-09-17,
EVT-HIRE-E01485,E01485,Hire,2025-01-09,
EVT-HIRE-E01486,E01486,Hire,2020-06-30,
EVT-HIRE-E01487,E01487,Hire,2022-10-14,
EVT-HIRE-E01488,E01488,Hire,2022-07-06,
EVT-HIRE-E01489,E01489,Hire,2024-06-30,
EVT-HIRE-E01490,E01490,Hire,2022-09-15,
EVT-EXIT-E01490,E01490,Exit,2023-02-04,Relocation
EVT-HIRE-E01491,E01491,Hire,2023-04-22,
EVT-EXIT-E01491,E01491,Exit,2023-08-07,Performance / Termination
EVT-HIRE-E01492,E01492,Hire,2020-11-25,
EVT-EXIT-E01492,E01492,Exit,2020-12-27,Resigned
EVT-HIRE-E01493,E01493,Hire,2022-03-09,
EVT-HIRE-E01494,E01494,Hire,2023-01-17,
EVT-EXIT-E01494,E01494,Exit,2023-05-29,Resigned
EVT-HIRE-E01495,E01495,Hire,2023-03-10,
EVT-HIRE-E01496,E01496,Hire,2021-04-01,
EVT-HIRE-E01497,E01497,Hire,2022-08-27,
EVT-HIRE-E01498,E01498,Hire,2025-04-13,
EVT-HIRE-E01499,E01499,Hire,2022-01-24,
EVT-HIRE-E01500,E01500,Hire,2023-10-12,
EVT-HIRE-E01501,E01501,Hire,2025-05-20,
EVT-HIRE-E01502,E01502,Hire,2022-10-24,
EVT-HIRE-E01503,E01503,Hire,2023-06-26,
EVT-HIRE-E01504,E01504,Hire,2022-11-17,
EVT-HIRE-E01505,E01505,Hire,2022-09-26,
EVT-HIRE-E01506,E01506,Hire,2021-04-22,
EVT-HIRE-E01507,E01507,Hire,2021-10-10,
EVT-HIRE-E01508,E01508,Hire,2023-06-22,
EVT-HIRE-E01509,E01509,Hire,2022-06-09,
EVT-HIRE-E01510,E01510,Hire,2023-07-01,
EVT-HIRE-E01511,E01511,Hire,2022-08-07,
EVT-HIRE-E01512,E01512,Hire,2022-05-16,
EVT-EXIT-E01512,E01512,Exit,2022-08-22,Resigned
EVT-HIRE-E01513,E01513,Hire,2020-10-26,
EVT-HIRE-E01514,E01514,Hire,2021-07-08,
EVT-HIRE-E01515,E01515,Hire,2022-07-21,
EVT-HIRE-E01516,E01516,Hire,2025-12-11,
EVT-HIRE-E01517,E01517,Hire,2023-06-20,
EVT-HIRE-E01518,E01518,Hire,2023-08-16,
EVT-HIRE-E01519,E01519,Hire,2020-04-29,
EVT-EXIT-E01519,E01519,Exit,2020-08-01,Resigned
EVT-HIRE-E01520,E01520,Hire,2024-10-21,
EVT-HIRE-E01521,E01521,Hire,2021-02-28,
EVT-HIRE-E01522,E01522,Hire,2024-06-21,
EVT-HIRE-E01523,E01523,Hire,2025-06-03,
EVT-HIRE-E01524,E01524,Hire,2022-07-09,
EVT-HIRE-E01525,E01525,Hire,2025-11-03,
EVT-HIRE-E01526,E01526,Hire,2025-01-14,
EVT-EXIT-E01526,E01526,Exit,2025-02-23,Layoff
EVT-HIRE-E01527,E01527,Hire,2022-10-02,
EVT-EXIT-E01527,E01527,Exit,2023-01-23,Retirement
EVT-HIRE-E01528,E01528,Hire,2022-01-05,
EVT-HIRE-E01529,E01529,Hire,2024-10-31,
EVT-EXIT-E01529,E01529,Exit,2025-02-16,Resigned
EVT-HIRE-E01530,E01530,Hire,2024-03-26,
EVT-HIRE-E01531,E01531,Hire,2022-04-09,
EVT-EXIT-E01531,E01531,Exit,2022-05-30,Resigned
EVT-HIRE-E01532,E01532,Hire,2021-08-24,
EVT-HIRE-E01533,E01533,Hire,2024-03-18,
EVT-HIRE-E01534,E01534,Hire,2024-09-29,
EVT-EXIT-E01534,E01534,Exit,2025-02-07,Layoff
EVT-HIRE-E01535,E01535,Hire,2022-04-28,
EVT-EXIT-E01535,E01535,Exit,2022-08-01,Resigned
EVT-HIRE-E01536,E01536,Hire,2021-12-18,
EVT-HIRE-E01537,E01537,Hire,2022-12-09,
EVT-HIRE-E01538,E01538,Hire,2022-08-23,
EVT-HIRE-E01539,E01539,Hire,2025-02-25,
EVT-HIRE-E01540,E01540,Hire,2020-09-29,
EVT-HIRE-E01541,E01541,Hire,2023-02-14,
EVT-HIRE-E01542,E01542,Hire,2022-07-06,
EVT-HIRE-E01543,E01543,Hire,2020-09-30,
EVT-HIRE-E01544,E01544,Hire,2022-09-26,
EVT-HIRE-E01545,E01545,Hire,2020-03-10,
EVT-HIRE-E01546,E01546,Hire,2021-08-24,
EVT-HIRE-E01547,E01547,Hire,2023-06-28,
EVT-HIRE-E01548,E01548,Hire,2024-03-26,
EVT-HIRE-E01549,E01549,Hire,2025-07-28,
EVT-HIRE-E01550,E01550,Hire,2025-04-26,
EVT-HIRE-E01551,E01551,Hire,2024-10-01,
EVT-EXIT-E01551,E01551,Exit,2025-02-08,Retirement
EVT-HIRE-E01552,E01552,Hire,2024-07-17,
EVT-EXIT-E01552,E01552,Exit,2024-10-03,Resigned
EVT-HIRE-E01553,E01553,Hire,2022-12-06,
EVT-HIRE-E01554,E01554,Hire,2021-10-20,
EVT-HIRE-E01555,E01555,Hire,2025-12-15,
EVT-HIRE-E01556,E01556,Hire,2020-12-09,
EVT-EXIT-E01556,E01556,Exit,2021-03-03,Resigned
EVT-HIRE-E01557,E01557,Hire,2025-05-02,
EVT-HIRE-E01558,E01558,Hire,2023-05-02,
EVT-HIRE-E01559,E01559,Hire,2021-09-21,
EVT-HIRE-E01560,E01560,Hire,2023-05-30,
EVT-HIRE-E01561,E01561,Hire,2020-01-16,
EVT-HIRE-E01562,E01562,Hire,2025-03-29,
EVT-EXIT-E01562,E01562,Exit,2025-07-23,Resigned
EVT-HIRE-E01563,E01563,Hire,2020-01-06,
EVT-EXIT-E01563,E01563,Exit,2020-03-21,Resigned
EVT-HIRE-E01564,E01564,Hire,2024-03-22,
EVT-HIRE-E01565,E01565,Hire,2023-03-25,
EVT-HIRE-E01566,E01566,Hire,2022-01-13,
EVT-EXIT-E01566,E01566,Exit,2022-04-14,Resigned
EVT-HIRE-E01567,E01567,Hire,2020-05-10,
EVT-HIRE-E01568,E01568,Hire,2025-06-28,
EVT-HIRE-E01569,E01569,Hire,2023-12-01,
EVT-HIRE-E01570,E01570,Hire,2024-03-23,
EVT-HIRE-E01571,E01571,Hire,2021-09-22,
EVT-HIRE-E01572,E01572,Hire,2024-01-20,
EVT-HIRE-E01573,E01573,Hire,2020-05-25,
EVT-EXIT-E01573,E01573,Exit,2020-09-04,Performance / Termination
EVT-HIRE-E01574,E01574,Hire,2023-03-09,
EVT-HIRE-E01575,E01575,Hire,2020-01-29,
EVT-HIRE-E01576,E01576,Hire,2020-10-07,
EVT-EXIT-E01576,E01576,Exit,2020-12-05,Resigned
EVT-HIRE-E01577,E01577,Hire,2021-03-07,
EVT-HIRE-E01578,E01578,Hire,2023-10-06,
EVT-HIRE-E01579,E01579,Hire,2024-04-16,
EVT-HIRE-E01580,E01580,Hire,2023-01-31,
EVT-HIRE-E01581,E01581,Hire,2024-01-17,
EVT-EXIT-E01581,E01581,Exit,2024-04-19,Relocation
EVT-HIRE-E01582,E01582,Hire,2023-11-03,
EVT-EXIT-E01582,E01582,Exit,2024-03-06,Resigned
EVT-HIRE-E01583,E01583,Hire,2023-12-11,
EVT-HIRE-E01584,E01584,Hire,2022-11-29,
EVT-EXIT-E01584,E01584,Exit,2023-04-12,Resigned
EVT-HIRE-E01585,E01585,Hire,2021-10-26,
EVT-HIRE-E01586,E01586,Hire,2024-02-10,
EVT-HIRE-E01587,E01587,Hire,2024-04-03,
EVT-HIRE-E01588,E01588,Hire,2022-01-31,
EVT-EXIT-E01588,E01588,Exit,2022-03-17,Resigned
EVT-HIRE-E01589,E01589,Hire,2022-11-24,
EVT-EXIT-E01589,E01589,Exit,2023-01-15,Retirement
EVT-HIRE-E01590,E01590,Hire,2023-01-18,
EVT-HIRE-E01591,E01591,Hire,2023-02-17,
EVT-HIRE-E01592,E01592,Hire,2020-07-25,
EVT-HIRE-E01593,E01593,Hire,2021-11-30,
EVT-HIRE-E01594,E01594,Hire,2024-11-04,
EVT-HIRE-E01595,E01595,Hire,2021-09-16,
EVT-EXIT-E01595,E01595,Exit,2022-02-06,Resigned
EVT-HIRE-E01596,E01596,Hire,2023-06-07,
EVT-HIRE-E01597,E01597,Hire,2025-08-06,
EVT-EXIT-E01597,E01597,Exit,2025-09-15,Retirement
EVT-HIRE-E01598,E01598,Hire,2024-08-27,
EVT-HIRE-E01599,E01599,Hire,2023-06-05,
EVT-HIRE-E01600,E01600,Hire,2025-10-04,
EVT-EXIT-E01600,E01600,Exit,2025-12-30,Performance / Termination
EVT-HIRE-E01601,E01601,Hire,2023-03-26,
EVT-HIRE-E01602,E01602,Hire,2022-04-18,
EVT-EXIT-E01602,E01602,Exit,2022-05-23,Layoff
EVT-HIRE-E01603,E01603,Hire,2021-09-07,
EVT-HIRE-E01604,E01604,Hire,2020-02-24,
EVT-HIRE-E01605,E01605,Hire,2023-07-21,
EVT-HIRE-E01606,E01606,Hire,2021-10-08,
EVT-HIRE-E01607,E01607,Hire,2020-04-23,
EVT-HIRE-E01608,E01608,Hire,2020-08-17,
EVT-HIRE-E01609,E01609,Hire,2021-08-26,
EVT-HIRE-E01610,E01610,Hire,2021-12-08,
EVT-HIRE-E01611,E01611,Hire,2022-01-23,
EVT-HIRE-E01612,E01612,Hire,2025-09-04,
EVT-EXIT-E01612,E01612,Exit,2025-12-30,Resigned
EVT-HIRE-E01613,E01613,Hire,2020-06-02,
EVT-HIRE-E01614,E01614,Hire,2020-02-02,
EVT-EXIT-E01614,E01614,Exit,2020-03-06,Resigned
EVT-HIRE-E01615,E01615,Hire,2022-06-29,
EVT-EXIT-E01615,E01615,Exit,2022-08-31,Resigned
EVT-HIRE-E01616,E01616,Hire,2022-09-20,
EVT-HIRE-E01617,E01617,Hire,2020-12-03,
EVT-EXIT-E01617,E01617,Exit,2021-05-01,Performance / Termination
EVT-HIRE-E01618,E01618,Hire,2022-12-01,
EVT-HIRE-E01619,E01619,Hire,2023-07-01,
EVT-HIRE-E01620,E01620,Hire,2021-09-17,
EVT-HIRE-E01621,E01621,Hire,2025-08-28,
EVT-HIRE-E01622,E01622,Hire,2020-11-07,
EVT-HIRE-E01623,E01623,Hire,2024-06-09,
EVT-HIRE-E01624,E01624,Hire,2023-07-31,
EVT-HIRE-E01625,E01625,Hire,2022-06-12,
EVT-HIRE-E01626,E01626,Hire,2023-03-11,
EVT-HIRE-E01627,E01627,Hire,2024-02-16,
EVT-HIRE-E01628,E01628,Hire,2023-01-23,
EVT-HIRE-E01629,E01629,Hire,2025-04-27,
EVT-EXIT-E01629,E01629,Exit,2025-09-08,Resigned
EVT-HIRE-E01630,E01630,Hire,2020-07-11,
EVT-HIRE-E01631,E01631,Hire,2024-05-12,
EVT-HIRE-E01632,E01632,Hire,2020-03-02,
EVT-EXIT-E01632,E01632,Exit,2020-06-16,Resigned
EVT-HIRE-E01633,E01633,Hire,2024-06-05,
EVT-HIRE-E01634,E01634,Hire,2025-04-15,
EVT-HIRE-E01635,E01635,Hire,2022-05-08,
EVT-HIRE-E01636,E01636,Hire,2024-07-27,
EVT-HIRE-E01637,E01637,Hire,2021-03-19,
EVT-HIRE-E01638,E01638,Hire,2025-03-19,
EVT-HIRE-E01639,E01639,Hire,2023-12-08,
EVT-EXIT-E01639,E01639,Exit,2024-01-14,Resigned
EVT-HIRE-E01640,E01640,Hire,2023-03-26,
EVT-HIRE-E01641,E01641,Hire,2021-08-09,
EVT-EXIT-E01641,E01641,Exit,2021-09-27,Layoff
EVT-HIRE-E01642,E01642,Hire,2022-02-01,
EVT-HIRE-E01643,E01643,Hire,2023-08-02,
EVT-HIRE-E01644,E01644,Hire,2023-07-04,
EVT-HIRE-E01645,E01645,Hire,2022-03-31,
EVT-HIRE-E01646,E01646,Hire,2023-01-06,
EVT-HIRE-E01647,E01647,Hire,2020-03-29,
EVT-HIRE-E01648,E01648,Hire,2020-10-04,
EVT-HIRE-E01649,E01649,Hire,2021-03-10,
EVT-HIRE-E01650,E01650,Hire,2024-11-06,
EVT-HIRE-E01651,E01651,Hire,2025-11-24,
EVT-HIRE-E01652,E01652,Hire,2021-02-06,
EVT-HIRE-E01653,E01653,Hire,2024-07-28,
EVT-HIRE-E01654,E01654,Hire,2024-06-17,
EVT-HIRE-E01655,E01655,Hire,2022-08-13,
EVT-HIRE-E01656,E01656,Hire,2024-06-27,
EVT-HIRE-E01657,E01657,Hire,2025-04-17,
EVT-HIRE-E01658,E01658,Hire,2021-10-22,
EVT-HIRE-E01659,E01659,Hire,2025-03-25,
EVT-HIRE-E01660,E01660,Hire,2020-01-28,
EVT-HIRE-E01661,E01661,Hire,2021-09-05,
EVT-HIRE-E01662,E01662,Hire,2025-01-23,
EVT-HIRE-E01663,E01663,Hire,2025-04-20,
EVT-HIRE-E01664,E01664,Hire,2023-01-27,
EVT-HIRE-E01665,E01665,Hire,2025-02-20,
EVT-HIRE-E01666,E01666,Hire,2025-06-22,
EVT-EXIT-E01666,E01666,Exit,2025-08-18,Resigned
EVT-HIRE-E01667,E01667,Hire,2023-12-04,
EVT-HIRE-E01668,E01668,Hire,2021-07-14,
EVT-HIRE-E01669,E01669,Hire,2020-06-13,
EVT-HIRE-E01670,E01670,Hire,2024-05-15,
EVT-HIRE-E01671,E01671,Hire,2025-05-23,
EVT-EXIT-E01671,E01671,Exit,2025-10-10,Layoff
EVT-HIRE-E01672,E01672,Hire,2021-07-08,
EVT-HIRE-E01673,E01673,Hire,2023-02-06,
EVT-HIRE-E01674,E01674,Hire,2023-02-21,
EVT-HIRE-E01675,E01675,Hire,2024-05-07,
EVT-EXIT-E01675,E01675,Exit,2024-10-03,Resigned
EVT-HIRE-E01676,E01676,Hire,2021-07-12,
EVT-EXIT-E01676,E01676,Exit,2021-08-21,Resigned
EVT-HIRE-E01677,E01677,Hire,2025-02-18,
EVT-EXIT-E01677,E01677,Exit,2025-05-23,Performance / Termination
EVT-HIRE-E01678,E01678,Hire,2024-09-11,
EVT-HIRE-E01679,E01679,Hire,2021-03-05,
EVT-EXIT-E01679,E01679,Exit,2021-06-26,Layoff
EVT-HIRE-E01680,E01680,Hire,2020-05-09,
EVT-HIRE-E01681,E01681,Hire,2024-03-02,
EVT-HIRE-E01682,E01682,Hire,2020-05-25,
EVT-HIRE-E01683,E01683,Hire,2022-11-30,
EVT-HIRE-E01684,E01684,Hire,2023-05-30,
EVT-HIRE-E01685,E01685,Hire,2025-06-06,
EVT-HIRE-E01686,E01686,Hire,2021-07-19,
EVT-HIRE-E01687,E01687,Hire,2023-05-02,
EVT-HIRE-E01688,E01688,Hire,2025-02-14,
EVT-HIRE-E01689,E01689,Hire,2023-07-12,
EVT-HIRE-E01690,E01690,Hire,2021-11-20,
EVT-HIRE-E01691,E01691,Hire,2020-12-26,
EVT-HIRE-E01692,E01692,Hire,2020-09-09,
EVT-HIRE-E01693,E01693,Hire,2020-10-15,
EVT-EXIT-E01693,E01693,Exit,2020-11-22,Resigned
EVT-HIRE-E01694,E01694,Hire,2024-04-24,
EVT-HIRE-E01695,E01695,Hire,2022-12-19,
EVT-HIRE-E01696,E01696,Hire,2023-03-20,
EVT-HIRE-E01697,E01697,Hire,2023-06-23,
EVT-HIRE-E01698,E01698,Hire,2021-01-11,
EVT-EXIT-E01698,E01698,Exit,2021-05-17,Resigned
EVT-HIRE-E01699,E01699,Hire,2024-11-19,
EVT-HIRE-E01700,E01700,Hire,2021-10-20,
EVT-HIRE-E01701,E01701,Hire,2022-10-11,
EVT-EXIT-E01701,E01701,Exit,2023-01-16,Resigned
EVT-HIRE-E01702,E01702,Hire,2022-01-13,
EVT-HIRE-E01703,E01703,Hire,2025-02-19,
EVT-HIRE-E01704,E01704,Hire,2022-07-19,
EVT-EXIT-E01704,E01704,Exit,2022-11-21,Resigned
EVT-HIRE-E01705,E01705,Hire,2025-04-20,
EVT-EXIT-E01705,E01705,Exit,2025-08-31,Layoff
EVT-HIRE-E01706,E01706,Hire,2024-06-01,
EVT-HIRE-E01707,E01707,Hire,2024-07-13,
EVT-EXIT-E01707,E01707,Exit,2024-08-17,Relocation
EVT-HIRE-E01708,E01708,Hire,2022-02-02,
EVT-HIRE-E01709,E01709,Hire,2021-05-06,
EVT-HIRE-E01710,E01710,Hire,2022-12-24,
EVT-HIRE-E01711,E01711,Hire,2020-08-04,
EVT-EXIT-E01711,E01711,Exit,2020-12-09,Performance / Termination
EVT-HIRE-E01712,E01712,Hire,2020-12-27,
EVT-HIRE-E01713,E01713,Hire,2020-01-09,
EVT-HIRE-E01714,E01714,Hire,2020-02-24,
EVT-EXIT-E01714,E01714,Exit,2020-06-14,Layoff
EVT-HIRE-E01715,E01715,Hire,2025-11-11,
EVT-HIRE-E01716,E01716,Hire,2020-05-06,
EVT-HIRE-E01717,E01717,Hire,2023-12-26,
EVT-HIRE-E01718,E01718,Hire,2025-11-23,
EVT-HIRE-E01719,E01719,Hire,2025-02-04,
EVT-HIRE-E01720,E01720,Hire,2024-06-15,
EVT-HIRE-E01721,E01721,Hire,2025-02-27,
EVT-HIRE-E01722,E01722,Hire,2025-05-25,
EVT-HIRE-E01723,E01723,Hire,2025-09-09,
EVT-EXIT-E01723,E01723,Exit,2025-12-01,Resigned
EVT-HIRE-E01724,E01724,Hire,2024-12-08,
EVT-HIRE-E01725,E01725,Hire,2023-02-08,
EVT-HIRE-E01726,E01726,Hire,2022-09-17,
EVT-HIRE-E01727,E01727,Hire,2025-08-07,
EVT-EXIT-E01727,E01727,Exit,2025-09-28,Retirement
EVT-HIRE-E01728,E01728,Hire,2022-10-31,
EVT-HIRE-E01729,E01729,Hire,2022-10-04,
EVT-EXIT-E01729,E01729,Exit,2023-01-23,Resigned
EVT-HIRE-E01730,E01730,Hire,2025-12-08,
EVT-EXIT-E01730,E01730,Exit,2025-12-23,Resigned
EVT-HIRE-E01731,E01731,Hire,2021-04-29,
EVT-HIRE-E01732,E01732,Hire,2025-03-07,
EVT-HIRE-E01733,E01733,Hire,2025-11-26,
EVT-EXIT-E01733,E01733,Exit,2025-12-11,Relocation
EVT-HIRE-E01734,E01734,Hire,2023-07-07,
EVT-HIRE-E01735,E01735,Hire,2020-12-14,
EVT-HIRE-E01736,E01736,Hire,2023-05-20,
EVT-HIRE-E01737,E01737,Hire,2020-06-30,
EVT-EXIT-E01737,E01737,Exit,2020-08-12,Resigned
EVT-HIRE-E01738,E01738,Hire,2022-05-19,
EVT-EXIT-E01738,E01738,Exit,2022-07-28,Performance / Termination
EVT-HIRE-E01739,E01739,Hire,2024-12-02,
EVT-EXIT-E01739,E01739,Exit,2025-04-24,Resigned
EVT-HIRE-E01740,E01740,Hire,2023-07-09,
EVT-HIRE-E01741,E01741,Hire,2020-04-09,
EVT-HIRE-E01742,E01742,Hire,2025-09-18,
EVT-HIRE-E01743,E01743,Hire,2023-03-31,
EVT-HIRE-E01744,E01744,Hire,2023-09-13,
EVT-EXIT-E01744,E01744,Exit,2024-02-01,Retirement
EVT-HIRE-E01745,E01745,Hire,2024-05-24,
EVT-HIRE-E01746,E01746,Hire,2022-09-18,
EVT-EXIT-E01746,E01746,Exit,2022-12-30,Resigned
EVT-HIRE-E01747,E01747,Hire,2023-04-19,
EVT-HIRE-E01748,E01748,Hire,2022-06-01,
EVT-HIRE-E01749,E01749,Hire,2025-08-15,
EVT-HIRE-E01750,E01750,Hire,2023-10-19,
EVT-EXIT-E01750,E01750,Exit,2023-12-10,Resigned
EVT-HIRE-E01751,E01751,Hire,2022-03-15,
EVT-HIRE-E01752,E01752,Hire,2020-03-04,
EVT-HIRE-E01753,E01753,Hire,2022-12-30,
EVT-HIRE-E01754,E01754,Hire,2024-12-07,
EVT-HIRE-E01755,E01755,Hire,2025-03-05,
EVT-HIRE-E01756,E01756,Hire,2023-05-14,
EVT-HIRE-E01757,E01757,Hire,2024-07-21,
EVT-HIRE-E01758,E01758,Hire,2022-05-30,
EVT-HIRE-E01759,E01759,Hire,2022-03-17,
EVT-HIRE-E01760,E01760,Hire,2021-05-04,
EVT-EXIT-E01760,E01760,Exit,2021-06-29,Resigned
EVT-HIRE-E01761,E01761,Hire,2021-08-15,
EVT-HIRE-E01762,E01762,Hire,2020-09-20,
EVT-HIRE-E01763,E01763,Hire,2022-03-02,
EVT-HIRE-E01764,E01764,Hire,2020-08-27,
EVT-HIRE-E01765,E01765,Hire,2020-07-07,
EVT-EXIT-E01765,E01765,Exit,2020-10-20,Relocation
EVT-HIRE-E01766,E01766,Hire,2024-12-20,
EVT-HIRE-E01767,E01767,Hire,2020-08-11,
EVT-HIRE-E01768,E01768,Hire,2023-10-20,
EVT-EXIT-E01768,E01768,Exit,2023-12-18,Performance / Termination
EVT-HIRE-E01769,E01769,Hire,2024-05-04,
EVT-HIRE-E01770,E01770,Hire,2025-10-24,
EVT-EXIT-E01770,E01770,Exit,2025-12-30,Resigned
EVT-HIRE-E01771,E01771,Hire,2020-03-31,
EVT-EXIT-E01771,E01771,Exit,2020-07-27,Layoff
EVT-HIRE-E01772,E01772,Hire,2025-03-12,
EVT-HIRE-E01773,E01773,Hire,2022-08-19,
EVT-HIRE-E01774,E01774,Hire,2021-11-12,
EVT-HIRE-E01775,E01775,Hire,2021-12-08,
EVT-HIRE-E01776,E01776,Hire,2020-10-29,
EVT-HIRE-E01777,E01777,Hire,2023-05-20,
EVT-HIRE-E01778,E01778,Hire,2021-01-11,
EVT-HIRE-E01779,E01779,Hire,2024-02-01,
EVT-HIRE-E01780,E01780,Hire,2021-07-15,
EVT-HIRE-E01781,E01781,Hire,2025-01-19,
EVT-HIRE-E01782,E01782,Hire,2022-11-14,
EVT-HIRE-E01783,E01783,Hire,2021-03-14,
EVT-HIRE-E01784,E01784,Hire,2020-04-08,
EVT-HIRE-E01785,E01785,Hire,2025-08-12,
EVT-HIRE-E01786,E01786,Hire,2022-10-06,
EVT-HIRE-E01787,E01787,Hire,2020-03-17,
EVT-HIRE-E01788,E01788,Hire,2020-03-19,
EVT-HIRE-E01789,E01789,Hire,2025-05-14,
EVT-HIRE-E01790,E01790,Hire,2022-03-22,
EVT-EXIT-E01790,E01790,Exit,2022-08-03,Resigned
EVT-HIRE-E01791,E01791,Hire,2020-12-02,
EVT-EXIT-E01791,E01791,Exit,2021-04-19,Relocation
EVT-HIRE-E01792,E01792,Hire,2021-01-12,
EVT-HIRE-E01793,E01793,Hire,2024-05-26,
EVT-HIRE-E01794,E01794,Hire,2025-10-12,
EVT-HIRE-E01795,E01795,Hire,2020-06-05,
EVT-EXIT-E01795,E01795,Exit,2020-08-07,Resigned
EVT-HIRE-E01796,E01796,Hire,2020-09-13,
EVT-HIRE-E01797,E01797,Hire,2024-08-23,
EVT-HIRE-E01798,E01798,Hire,2023-11-23,
EVT-HIRE-E01799,E01799,Hire,2021-02-03,
EVT-HIRE-E01800,E01800,Hire,2025-05-12,
EVT-EXIT-E01800,E01800,Exit,2025-06-17,Resigned
EVT-HIRE-E01801,E01801,Hire,2021-12-10,
EVT-HIRE-E01802,E01802,Hire,2021-12-28,
EVT-EXIT-E01802,E01802,Exit,2022-05-21,Resigned
EVT-HIRE-E01803,E01803,Hire,2020-08-16,
EVT-HIRE-E01804,E01804,Hire,2021-01-07,
EVT-HIRE-E01805,E01805,Hire,2024-01-29,
EVT-HIRE-E01806,E01806,Hire,2022-10-11,
EVT-HIRE-E01807,E01807,Hire,2023-12-11,
EVT-HIRE-E01808,E01808,Hire,2024-04-06,
EVT-HIRE-E01809,E01809,Hire,2022-04-07,
EVT-HIRE-E01810,E01810,Hire,2023-02-07,
EVT-HIRE-E01811,E01811,Hire,2021-09-19,
EVT-HIRE-E01812,E01812,Hire,2025-04-20,
EVT-EXIT-E01812,E01812,Exit,2025-07-13,Retirement
EVT-HIRE-E01813,E01813,Hire,2020-08-15,
EVT-HIRE-E01814,E01814,Hire,2022-08-29,
EVT-HIRE-E01815,E01815,Hire,2024-06-04,
EVT-HIRE-E01816,E01816,Hire,2024-08-03,
EVT-HIRE-E01817,E01817,Hire,2021-03-15,
EVT-HIRE-E01818,E01818,Hire,2024-06-26,
EVT-EXIT-E01818,E01818,Exit,2024-10-03,Resigned
EVT-HIRE-E01819,E01819,Hire,2023-05-28,
EVT-EXIT-E01819,E01819,Exit,2023-06-29,Layoff
EVT-HIRE-E01820,E01820,Hire,2020-04-07,
EVT-HIRE-E01821,E01821,Hire,2020-05-06,
EVT-HIRE-E01822,E01822,Hire,2023-01-04,
EVT-EXIT-E01822,E01822,Exit,2023-03-18,Resigned
EVT-HIRE-E01823,E01823,Hire,2023-06-25,
EVT-HIRE-E01824,E01824,Hire,2023-07-18,
EVT-HIRE-E01825,E01825,Hire,2020-04-19,
EVT-HIRE-E01826,E01826,Hire,2020-11-12,
EVT-HIRE-E01827,E01827,Hire,2023-04-22,
EVT-HIRE-E01828,E01828,Hire,2024-09-28,
EVT-HIRE-E01829,E01829,Hire,2022-07-08,
EVT-HIRE-E01830,E01830,Hire,2025-07-16,
EVT-EXIT-E01830,E01830,Exit,2025-09-09,Retirement
EVT-HIRE-E01831,E01831,Hire,2021-04-24,
EVT-HIRE-E01832,E01832,Hire,2022-07-03,
EVT-HIRE-E01833,E01833,Hire,2022-10-20,
EVT-EXIT-E01833,E01833,Exit,2022-12-10,Resigned
EVT-HIRE-E01834,E01834,Hire,2025-01-05,
EVT-HIRE-E01835,E01835,Hire,2022-10-23,
EVT-HIRE-E01836,E01836,Hire,2024-07-16,
EVT-HIRE-E01837,E01837,Hire,2024-02-26,
EVT-HIRE-E01838,E01838,Hire,2021-03-19,
EVT-HIRE-E01839,E01839,Hire,2020-04-21,
EVT-HIRE-E01840,E01840,Hire,2022-05-02,
EVT-HIRE-E01841,E01841,Hire,2024-06-20,
EVT-HIRE-E01842,E01842,Hire,2021-09-11,
EVT-EXIT-E01842,E01842,Exit,2022-01-08,Resigned
EVT-HIRE-E01843,E01843,Hire,2023-02-14,
EVT-HIRE-E01844,E01844,Hire,2024-01-27,
EVT-HIRE-E01845,E01845,Hire,2025-12-15,
EVT-HIRE-E01846,E01846,Hire,2022-12-03,
EVT-HIRE-E01847,E01847,Hire,2024-02-12,
EVT-EXIT-E01847,E01847,Exit,2024-05-06,Resigned
EVT-HIRE-E01848,E01848,Hire,2023-12-01,
EVT-HIRE-E01849,E01849,Hire,2020-11-21,
EVT-HIRE-E01850,E01850,Hire,2023-05-27,
EVT-HIRE-E01851,E01851,Hire,2024-01-18,
EVT-HIRE-E01852,E01852,Hire,2023-09-18,
EVT-HIRE-E01853,E01853,Hire,2023-10-24,
EVT-HIRE-E01854,E01854,Hire,2023-11-11,
EVT-HIRE-E01855,E01855,Hire,2025-10-10,
EVT-HIRE-E01856,E01856,Hire,2022-03-01,
EVT-HIRE-E01857,E01857,Hire,2023-04-04,
EVT-HIRE-E01858,E01858,Hire,2024-12-17,
EVT-HIRE-E01859,E01859,Hire,2024-05-29,
EVT-HIRE-E01860,E01860,Hire,2022-08-12,
EVT-HIRE-E01861,E01861,Hire,2021-09-11,
EVT-HIRE-E01862,E01862,Hire,2025-09-08,
EVT-HIRE-E01863,E01863,Hire,2023-08-06,
EVT-HIRE-E01864,E01864,Hire,2023-05-09,
EVT-HIRE-E01865,E01865,Hire,2025-01-27,
EVT-HIRE-E01866,E01866,Hire,2021-04-22,
EVT-HIRE-E01867,E01867,Hire,2021-10-01,
EVT-HIRE-E01868,E01868,Hire,2025-09-24,
EVT-HIRE-E01869,E01869,Hire,2023-12-13,
EVT-HIRE-E01870,E01870,Hire,2024-07-09,
EVT-EXIT-E01870,E01870,Exit,2024-09-08,Resigned
EVT-HIRE-E01871,E01871,Hire,2020-04-12,
EVT-HIRE-E01872,E01872,Hire,2024-12-04,
EVT-HIRE-E01873,E01873,Hire,2025-11-18,
EVT-EXIT-E01873,E01873,Exit,2025-12-03,Performance / Termination
EVT-HIRE-E01874,E01874,Hire,2022-04-17,
EVT-HIRE-E01875,E01875,Hire,2024-09-02,
EVT-HIRE-E01876,E01876,Hire,2025-02-26,
EVT-HIRE-E01877,E01877,Hire,2021-06-10,
EVT-HIRE-E01878,E01878,Hire,2020-06-03,
EVT-HIRE-E01879,E01879,Hire,2021-04-14,
EVT-HIRE-E01880,E01880,Hire,2023-11-23,
EVT-HIRE-E01881,E01881,Hire,2020-12-21,
EVT-HIRE-E01882,E01882,Hire,2020-10-13,
EVT-HIRE-E01883,E01883,Hire,2020-08-13,
EVT-HIRE-E01884,E01884,Hire,2024-09-06,
EVT-HIRE-E01885,E01885,Hire,2023-03-18,
EVT-HIRE-E01886,E01886,Hire,2024-06-24,
EVT-HIRE-E01887,E01887,Hire,2021-02-10,
EVT-HIRE-E01888,E01888,Hire,2021-03-23,
EVT-HIRE-E01889,E01889,Hire,2022-02-14,
EVT-HIRE-E01890,E01890,Hire,2022-07-24,
EVT-HIRE-E01891,E01891,Hire,2025-05-22,
EVT-HIRE-E01892,E01892,Hire,2020-09-08,
EVT-HIRE-E01893,E01893,Hire,2020-01-27,
EVT-HIRE-E01894,E01894,Hire,2025-01-07,
EVT-EXIT-E01894,E01894,Exit,2025-04-03,Resigned
EVT-HIRE-E01895,E01895,Hire,2022-01-11,
EVT-HIRE-E01896,E01896,Hire,2020-03-27,
EVT-HIRE-E01897,E01897,Hire,2025-08-26,
EVT-HIRE-E01898,E01898,Hire,2023-11-21,
EVT-HIRE-E01899,E01899,Hire,2023-07-25,
EVT-HIRE-E01900,E01900,Hire,2021-01-10,
EVT-HIRE-E01901,E01901,Hire,2020-10-16,
EVT-HIRE-E01902,E01902,Hire,2022-02-28,
EVT-HIRE-E01903,E01903,Hire,2023-08-24,
EVT-HIRE-E01904,E01904,Hire,2024-12-01,
EVT-EXIT-E01904,E01904,Exit,2025-01-17,Layoff
EVT-HIRE-E01905,E01905,Hire,2021-10-25,
EVT-HIRE-E01906,E01906,Hire,2025-11-01,
EVT-HIRE-E01907,E01907,Hire,2025-01-24,
EVT-HIRE-E01908,E01908,Hire,2024-06-14,
EVT-HIRE-E01909,E01909,Hire,2021-07-09,
EVT-EXIT-E01909,E01909,Exit,2021-09-11,Resigned
EVT-HIRE-E01910,E01910,Hire,2024-02-14,
EVT-HIRE-E01911,E01911,Hire,2023-11-02,
EVT-EXIT-E01911,E01911,Exit,2024-03-02,Retirement
EVT-HIRE-E01912,E01912,Hire,2024-11-03,
EVT-HIRE-E01913,E01913,Hire,2023-03-10,
EVT-HIRE-E01914,E01914,Hire,2023-12-02,
EVT-HIRE-E01915,E01915,Hire,2025-05-09,
EVT-HIRE-E01916,E01916,Hire,2022-06-27,
EVT-HIRE-E01917,E01917,Hire,2021-05-11,
EVT-HIRE-E01918,E01918,Hire,2025-05-06,
EVT-EXIT-E01918,E01918,Exit,2025-09-21,Retirement
EVT-HIRE-E01919,E01919,Hire,2024-07-16,
EVT-EXIT-E01919,E01919,Exit,2024-12-04,Performance / Termination
EVT-HIRE-E01920,E01920,Hire,2022-03-12,
EVT-HIRE-E01921,E01921,Hire,2025-06-24,
EVT-HIRE-E01922,E01922,Hire,2021-06-10,
EVT-HIRE-E01923,E01923,Hire,2025-04-15,
EVT-EXIT-E01923,E01923,Exit,2025-08-01,Resigned
EVT-HIRE-E01924,E01924,Hire,2022-03-29,
EVT-HIRE-E01925,E01925,Hire,2025-10-09,
EVT-HIRE-E01926,E01926,Hire,2022-05-18,
EVT-HIRE-E01927,E01927,Hire,2021-04-06,
EVT-EXIT-E01927,E01927,Exit,2021-06-23,Retirement
EVT-HIRE-E01928,E01928,Hire,2021-07-11,
EVT-HIRE-E01929,E01929,Hire,2020-10-14,
EVT-HIRE-E01930,E01930,Hire,2023-11-07,
EVT-EXIT-E01930,E01930,Exit,2024-03-18,Resigned
EVT-HIRE-E01931,E01931,Hire,2023-11-10,
EVT-EXIT-E01931,E01931,Exit,2024-03-22,Resigned
EVT-HIRE-E01932,E01932,Hire,2021-06-28,
EVT-HIRE-E01933,E01933,Hire,2021-06-04,
EVT-HIRE-E01934,E01934,Hire,2021-04-28,
EVT-HIRE-E01935,E01935,Hire,2023-04-08,
EVT-HIRE-E01936,E01936,Hire,2020-02-23,
EVT-HIRE-E01937,E01937,Hire,2025-01-24,
EVT-HIRE-E01938,E01938,Hire,2024-11-20,
EVT-HIRE-E01939,E01939,Hire,2021-08-13,
EVT-EXIT-E01939,E01939,Exit,2021-10-01,Retirement
EVT-HIRE-E01940,E01940,Hire,2024-04-30,
EVT-HIRE-E01941,E01941,Hire,2025-05-31,
EVT-HIRE-E01942,E01942,Hire,2023-02-24,
EVT-EXIT-E01942,E01942,Exit,2023-06-04,Resigned
EVT-HIRE-E01943,E01943,Hire,2020-12-18,
EVT-HIRE-E01944,E01944,Hire,2025-12-17,
EVT-HIRE-E01945,E01945,Hire,2023-01-28,
EVT-HIRE-E01946,E01946,Hire,2023-04-26,
EVT-HIRE-E01947,E01947,Hire,2024-07-27,
EVT-HIRE-E01948,E01948,Hire,2024-04-09,
EVT-HIRE-E01949,E01949,Hire,2021-04-21,
EVT-HIRE-E01950,E01950,Hire,2021-03-25,
EVT-HIRE-E01951,E01951,Hire,2022-11-14,
EVT-HIRE-E01952,E01952,Hire,2023-03-20,
EVT-HIRE-E01953,E01953,Hire,2021-06-30,
EVT-EXIT-E01953,E01953,Exit,2021-09-01,Performance / Termination
EVT-HIRE-E01954,E01954,Hire,2025-06-06,
EVT-HIRE-E01955,E01955,Hire,2022-02-14,
EVT-HIRE-E01956,E01956,Hire,2023-12-11,
EVT-HIRE-E01957,E01957,Hire,2020-12-04,
EVT-HIRE-E01958,E01958,Hire,2020-11-24,
EVT-HIRE-E01959,E01959,Hire,2022-04-23,
EVT-HIRE-E01960,E01960,Hire,2023-04-23,
EVT-HIRE-E01961,E01961,Hire,2020-05-04,
EVT-EXIT-E01961,E01961,Exit,2020-09-01,Layoff
EVT-HIRE-E01962,E01962,Hire,2023-02-12,
EVT-HIRE-E01963,E01963,Hire,2024-07-31,
EVT-HIRE-E01964,E01964,Hire,2020-01-18,
EVT-HIRE-E01965,E01965,Hire,2022-04-17,
EVT-HIRE-E01966,E01966,Hire,2023-09-15,
EVT-HIRE-E01967,E01967,Hire,2023-01-15,
EVT-EXIT-E01967,E01967,Exit,2023-05-08,Resigned
EVT-HIRE-E01968,E01968,Hire,2023-01-02,
EVT-HIRE-E01969,E01969,Hire,2020-04-08,
EVT-HIRE-E01970,E01970,Hire,2023-03-17,
EVT-EXIT-E01970,E01970,Exit,2023-05-23,Layoff
EVT-HIRE-E01971,E01971,Hire,2022-04-05,
EVT-HIRE-E01972,E01972,Hire,2024-07-19,
EVT-HIRE-E01973,E01973,Hire,2024-05-07,
EVT-HIRE-E01974,E01974,Hire,2020-07-11,
EVT-HIRE-E01975,E01975,Hire,2022-09-18,
EVT-HIRE-E01976,E01976,Hire,2023-08-18,
EVT-HIRE-E01977,E01977,Hire,2021-04-01,
EVT-HIRE-E01978,E01978,Hire,2024-06-29,
EVT-HIRE-E01979,E01979,Hire,2023-12-17,
EVT-HIRE-E01980,E01980,Hire,2023-11-09,
EVT-EXIT-E01980,E01980,Exit,2024-01-22,Resigned
EVT-HIRE-E01981,E01981,Hire,2020-10-30,
EVT-HIRE-E01982,E01982,Hire,2025-09-13,
EVT-HIRE-E01983,E01983,Hire,2021-06-10,
EVT-HIRE-E01984,E01984,Hire,2023-05-08,
EVT-HIRE-E01985,E01985,Hire,2025-07-10,
EVT-HIRE-E01986,E01986,Hire,2021-11-18,
EVT-HIRE-E01987,E01987,Hire,2024-05-24,
EVT-HIRE-E01988,E01988,Hire,2025-06-06,
EVT-EXIT-E01988,E01988,Exit,2025-10-20,Resigned
EVT-HIRE-E01989,E01989,Hire,2025-02-11,
EVT-EXIT-E01989,E01989,Exit,2025-05-03,Relocation
EVT-HIRE-E01990,E01990,Hire,2025-11-17,
EVT-HIRE-E01991,E01991,Hire,2024-11-18,
EVT-EXIT-E01991,E01991,Exit,2025-03-11,Resigned
EVT-HIRE-E01992,E01992,Hire,2024-12-22,
EVT-EXIT-E01992,E01992,Exit,2025-02-15,Resigned
EVT-HIRE-E01993,E01993,Hire,2023-03-07,
EVT-EXIT-E01993,E01993,Exit,2023-06-15,Relocation
EVT-HIRE-E01994,E01994,Hire,2020-03-09,
EVT-HIRE-E01995,E01995,Hire,2024-12-04,
EVT-HIRE-E01996,E01996,Hire,2021-08-12,
EVT-HIRE-E01997,E01997,Hire,2023-09-15,
EVT-HIRE-E01998,E01998,Hire,2020-09-25,
EVT-HIRE-E01999,E01999,Hire,2021-03-30,
EVT-EXIT-E01999,E01999,Exit,2021-06-23,Resigned
EVT-HIRE-E02000,E02000,Hire,2020-08-04,
EVT-HIRE-E02001,E02001,Hire,2020-06-15,
EVT-HIRE-E02002,E02002,Hire,2022-10-12,
EVT-HIRE-E02003,E02003,Hire,2023-02-05,
EVT-HIRE-E02004,E02004,Hire,2023-03-01,
EVT-HIRE-E02005,E02005,Hire,2020-03-14,
EVT-HIRE-E02006,E02006,Hire,2021-09-10,
EVT-HIRE-E02007,E02007,Hire,2022-02-07,
EVT-HIRE-E02008,E02008,Hire,2024-08-11,
EVT-HIRE-E02009,E02009,Hire,2020-11-14,
EVT-HIRE-E02010,E02010,Hire,2022-10-17,
EVT-HIRE-E02011,E02011,Hire,2022-07-10,
EVT-HIRE-E02012,E02012,Hire,2020-07-30,
EVT-HIRE-E02013,E02013,Hire,2025-02-08,
EVT-HIRE-E02014,E02014,Hire,2025-05-08,
EVT-HIRE-E02015,E02015,Hire,2024-11-22,
EVT-EXIT-E02015,E02015,Exit,2024-12-29,Retirement
EVT-HIRE-E02016,E02016,Hire,2021-11-27,
EVT-HIRE-E02017,E02017,Hire,2022-09-14,
EVT-EXIT-E02017,E02017,Exit,2022-12-31,Resigned
EVT-HIRE-E02018,E02018,Hire,2025-07-05,
EVT-HIRE-E02019,E02019,Hire,2021-05-23,
EVT-HIRE-E02020,E02020,Hire,2021-03-14,
EVT-HIRE-E02021,E02021,Hire,2020-01-13,
EVT-HIRE-E02022,E02022,Hire,2020-12-24,
EVT-HIRE-E02023,E02023,Hire,2024-12-02,
EVT-HIRE-E02024,E02024,Hire,2024-12-21,
EVT-EXIT-E02024,E02024,Exit,2025-03-30,Resigned
EVT-HIRE-E02025,E02025,Hire,2021-11-12,
EVT-EXIT-E02025,E02025,Exit,2022-03-25,Resigned
EVT-HIRE-E02026,E02026,Hire,2020-02-13,
EVT-EXIT-E02026,E02026,Exit,2020-04-05,Retirement
EVT-HIRE-E02027,E02027,Hire,2020-10-14,
EVT-EXIT-E02027,E02027,Exit,2020-12-31,Resigned
EVT-HIRE-E02028,E02028,Hire,2024-06-11,
EVT-HIRE-E02029,E02029,Hire,2025-11-18,
EVT-EXIT-E02029,E02029,Exit,2025-12-03,Resigned
EVT-HIRE-E02030,E02030,Hire,2024-11-02,
EVT-HIRE-E02031,E02031,Hire,2024-09-02,
EVT-EXIT-E02031,E02031,Exit,2024-12-03,Resigned
EVT-HIRE-E02032,E02032,Hire,2021-11-30,
EVT-EXIT-E02032,E02032,Exit,2022-02-22,Retirement
EVT-HIRE-E02033,E02033,Hire,2022-05-04,
EVT-HIRE-E02034,E02034,Hire,2023-11-21,
EVT-HIRE-E02035,E02035,Hire,2020-05-07,
EVT-EXIT-E02035,E02035,Exit,2020-09-10,Resigned
EVT-HIRE-E02036,E02036,Hire,2024-04-07,
EVT-HIRE-E02037,E02037,Hire,2025-08-19,
EVT-HIRE-E02038,E02038,Hire,2021-12-17,
EVT-HIRE-E02039,E02039,Hire,2021-06-10,
EVT-HIRE-E02040,E02040,Hire,2024-10-05,
EVT-EXIT-E02040,E02040,Exit,2024-12-08,Relocation
EVT-HIRE-E02041,E02041,Hire,2020-12-01,
EVT-HIRE-E02042,E02042,Hire,2021-02-21,
EVT-HIRE-E02043,E02043,Hire,2023-09-13,
EVT-HIRE-E02044,E02044,Hire,2022-12-27,
EVT-HIRE-E02045,E02045,Hire,2021-06-21,
EVT-EXIT-E02045,E02045,Exit,2021-11-02,Resigned
EVT-HIRE-E02046,E02046,Hire,2024-03-04,
EVT-HIRE-E02047,E02047,Hire,2020-06-09,
EVT-HIRE-E02048,E02048,Hire,2022-08-29,
EVT-HIRE-E02049,E02049,Hire,2024-04-20,
EVT-EXIT-E02049,E02049,Exit,2024-08-18,Resigned
EVT-HIRE-E02050,E02050,Hire,2023-07-27,
EVT-EXIT-E02050,E02050,Exit,2023-11-07,Layoff
EVT-HIRE-E02051,E02051,Hire,2020-09-26,
EVT-HIRE-E02052,E02052,Hire,2021-01-12,
EVT-HIRE-E02053,E02053,Hire,2024-01-07,
EVT-HIRE-E02054,E02054,Hire,2022-12-05,
EVT-HIRE-E02055,E02055,Hire,2022-11-27,
EVT-HIRE-E02056,E02056,Hire,2021-02-27,
EVT-HIRE-E02057,E02057,Hire,2021-08-26,
EVT-HIRE-E02058,E02058,Hire,2021-11-12,
EVT-HIRE-E02059,E02059,Hire,2021-10-25,
EVT-HIRE-E02060,E02060,Hire,2023-09-16,
EVT-HIRE-E02061,E02061,Hire,2024-07-01,
EVT-HIRE-E02062,E02062,Hire,2023-09-01,
EVT-HIRE-E02063,E02063,Hire,2021-06-12,
EVT-HIRE-E02064,E02064,Hire,2024-03-01,
EVT-EXIT-E02064,E02064,Exit,2024-04-27,Resigned
EVT-HIRE-E02065,E02065,Hire,2020-11-04,
EVT-HIRE-E02066,E02066,Hire,2021-12-26,
EVT-HIRE-E02067,E02067,Hire,2022-07-15,
EVT-HIRE-E02068,E02068,Hire,2022-02-11,
EVT-EXIT-E02068,E02068,Exit,2022-04-23,Resigned
EVT-HIRE-E02069,E02069,Hire,2024-04-08,
EVT-HIRE-E02070,E02070,Hire,2020-09-30,
EVT-EXIT-E02070,E02070,Exit,2020-12-08,Retirement
EVT-HIRE-E02071,E02071,Hire,2020-12-29,
EVT-HIRE-E02072,E02072,Hire,2025-12-20,
EVT-EXIT-E02072,E02072,Exit,2025-12-30,Resigned
EVT-HIRE-E02073,E02073,Hire,2025-03-31,
EVT-EXIT-E02073,E02073,Exit,2025-05-12,Resigned
EVT-HIRE-E02074,E02074,Hire,2025-05-08,
EVT-EXIT-E02074,E02074,Exit,2025-09-17,Resigned
EVT-HIRE-E02075,E02075,Hire,2020-11-27,
EVT-EXIT-E02075,E02075,Exit,2021-01-13,Performance / Termination
EVT-HIRE-E02076,E02076,Hire,2021-10-18,
EVT-HIRE-E02077,E02077,Hire,2024-08-30,
EVT-HIRE-E02078,E02078,Hire,2020-04-11,
EVT-HIRE-E02079,E02079,Hire,2024-02-11,
EVT-HIRE-E02080,E02080,Hire,2025-12-06,
EVT-HIRE-E02081,E02081,Hire,2022-07-25,
EVT-HIRE-E02082,E02082,Hire,2022-11-22,
EVT-HIRE-E02083,E02083,Hire,2020-04-24,
EVT-HIRE-E02084,E02084,Hire,2025-11-12,
EVT-EXIT-E02084,E02084,Exit,2025-11-27,Resigned
EVT-HIRE-E02085,E02085,Hire,2020-12-18,
EVT-HIRE-E02086,E02086,Hire,2024-10-12,
EVT-HIRE-E02087,E02087,Hire,2025-03-26,
EVT-HIRE-E02088,E02088,Hire,2021-07-16,
EVT-HIRE-E02089,E02089,Hire,2020-08-12,
EVT-HIRE-E02090,E02090,Hire,2024-08-23,
EVT-HIRE-E02091,E02091,Hire,2022-11-11,
EVT-HIRE-E02092,E02092,Hire,2024-07-14,
EVT-HIRE-E02093,E02093,Hire,2021-03-15,
EVT-HIRE-E02094,E02094,Hire,2023-01-15,
EVT-EXIT-E02094,E02094,Exit,2023-02-17,Layoff
EVT-HIRE-E02095,E02095,Hire,2021-12-11,
EVT-HIRE-E02096,E02096,Hire,2020-09-10,
EVT-HIRE-E02097,E02097,Hire,2024-06-27,
EVT-HIRE-E02098,E02098,Hire,2025-05-08,
EVT-HIRE-E02099,E02099,Hire,2020-11-02,
EVT-EXIT-E02099,E02099,Exit,2021-01-04,Resigned
EVT-HIRE-E02100,E02100,Hire,2023-02-12,
EVT-HIRE-E02101,E02101,Hire,2024-08-16,
EVT-HIRE-E02102,E02102,Hire,2025-01-27,
EVT-HIRE-E02103,E02103,Hire,2020-02-13,
EVT-HIRE-E02104,E02104,Hire,2024-01-31,
EVT-HIRE-E02105,E02105,Hire,2022-11-20,
EVT-HIRE-E02106,E02106,Hire,2021-02-25,
EVT-HIRE-E02107,E02107,Hire,2023-02-20,
EVT-HIRE-E02108,E02108,Hire,2020-02-17,
EVT-HIRE-E02109,E02109,Hire,2020-02-01,
EVT-HIRE-E02110,E02110,Hire,2025-10-26,
EVT-EXIT-E02110,E02110,Exit,2025-12-25,Relocation
EVT-HIRE-E02111,E02111,Hire,2024-12-02,
EVT-HIRE-E02112,E02112,Hire,2025-11-14,
EVT-HIRE-E02113,E02113,Hire,2024-08-18,
EVT-HIRE-E02114,E02114,Hire,2025-07-08,
EVT-HIRE-E02115,E02115,Hire,2021-07-11,
EVT-EXIT-E02115,E02115,Exit,2021-10-10,Relocation
EVT-HIRE-E02116,E02116,Hire,2021-04-24,
EVT-HIRE-E02117,E02117,Hire,2024-04-03,
EVT-HIRE-E02118,E02118,Hire,2020-07-31,
EVT-HIRE-E02119,E02119,Hire,2024-08-07,
EVT-HIRE-E02120,E02120,Hire,2023-02-10,
EVT-HIRE-E02121,E02121,Hire,2022-01-24,
EVT-HIRE-E02122,E02122,Hire,2025-03-01,
EVT-HIRE-E02123,E02123,Hire,2023-01-14,
EVT-HIRE-E02124,E02124,Hire,2021-03-11,
EVT-HIRE-E02125,E02125,Hire,2025-06-09,
EVT-EXIT-E02125,E02125,Exit,2025-10-21,Performance / Termination
EVT-HIRE-E02126,E02126,Hire,2023-01-15,
EVT-EXIT-E02126,E02126,Exit,2023-03-06,Resigned
EVT-HIRE-E02127,E02127,Hire,2022-09-05,
EVT-EXIT-E02127,E02127,Exit,2023-01-15,Resigned
EVT-HIRE-E02128,E02128,Hire,2024-11-16,
EVT-HIRE-E02129,E02129,Hire,2023-07-18,
EVT-HIRE-E02130,E02130,Hire,2022-11-05,
EVT-HIRE-E02131,E02131,Hire,2024-10-09,
EVT-EXIT-E02131,E02131,Exit,2025-02-10,Resigned
EVT-HIRE-E02132,E02132,Hire,2020-07-06,
EVT-HIRE-E02133,E02133,Hire,2022-01-15,
EVT-HIRE-E02134,E02134,Hire,2025-02-02,
EVT-HIRE-E02135,E02135,Hire,2022-04-16,
EVT-HIRE-E02136,E02136,Hire,2025-02-07,
EVT-HIRE-E02137,E02137,Hire,2023-02-14,
EVT-HIRE-E02138,E02138,Hire,2020-07-15,
EVT-HIRE-E02139,E02139,Hire,2022-08-18,
EVT-HIRE-E02140,E02140,Hire,2022-11-05,
EVT-HIRE-E02141,E02141,Hire,2020-08-23,
EVT-HIRE-E02142,E02142,Hire,2025-11-24,
EVT-HIRE-E02143,E02143,Hire,2025-11-30,
EVT-EXIT-E02143,E02143,Exit,2025-12-15,Relocation
EVT-HIRE-E02144,E02144,Hire,2022-11-19,
EVT-HIRE-E02145,E02145,Hire,2023-09-07,
EVT-EXIT-E02145,E02145,Exit,2023-12-06,Resigned
EVT-HIRE-E02146,E02146,Hire,2021-05-21,
EVT-EXIT-E02146,E02146,Exit,2021-07-28,Retirement
EVT-HIRE-E02147,E02147,Hire,2022-06-01,
EVT-HIRE-E02148,E02148,Hire,2020-03-09,
EVT-EXIT-E02148,E02148,Exit,2020-06-26,Resigned
EVT-HIRE-E02149,E02149,Hire,2021-11-19,
EVT-HIRE-E02150,E02150,Hire,2022-01-12,
EVT-EXIT-E02150,E02150,Exit,2022-05-24,Resigned
EVT-HIRE-E02151,E02151,Hire,2023-09-25,
EVT-HIRE-E02152,E02152,Hire,2020-02-14,
EVT-EXIT-E02152,E02152,Exit,2020-06-27,Retirement
EVT-HIRE-E02153,E02153,Hire,2024-02-26,
EVT-HIRE-E02154,E02154,Hire,2022-09-15,
EVT-EXIT-E02154,E02154,Exit,2023-01-13,Retirement
EVT-HIRE-E02155,E02155,Hire,2022-04-06,
EVT-HIRE-E02156,E02156,Hire,2022-05-30,
EVT-EXIT-E02156,E02156,Exit,2022-07-26,Retirement
EVT-HIRE-E02157,E02157,Hire,2023-01-31,
EVT-HIRE-E02158,E02158,Hire,2021-11-15,
EVT-HIRE-E02159,E02159,Hire,2024-09-08,
EVT-HIRE-E02160,E02160,Hire,2021-05-24,
EVT-EXIT-E02160,E02160,Exit,2021-10-20,Resigned
EVT-HIRE-E02161,E02161,Hire,2024-05-28,
EVT-HIRE-E02162,E02162,Hire,2025-06-01,
EVT-HIRE-E02163,E02163,Hire,2023-02-28,
EVT-HIRE-E02164,E02164,Hire,2025-08-04,
EVT-HIRE-E02165,E02165,Hire,2021-11-26,
EVT-HIRE-E02166,E02166,Hire,2023-04-21,
EVT-HIRE-E02167,E02167,Hire,2023-09-03,
EVT-HIRE-E02168,E02168,Hire,2025-02-13,
EVT-HIRE-E02169,E02169,Hire,2024-07-15,
EVT-HIRE-E02170,E02170,Hire,2022-01-27,
EVT-EXIT-E02170,E02170,Exit,2022-03-20,Performance / Termination
EVT-HIRE-E02171,E02171,Hire,2023-10-30,
EVT-HIRE-E02172,E02172,Hire,2025-04-01,
EVT-HIRE-E02173,E02173,Hire,2024-02-22,
EVT-HIRE-E02174,E02174,Hire,2024-07-30,
EVT-HIRE-E02175,E02175,Hire,2021-09-08,
EVT-HIRE-E02176,E02176,Hire,2024-09-05,
EVT-HIRE-E02177,E02177,Hire,2020-04-15,
EVT-EXIT-E02177,E02177,Exit,2020-06-13,Layoff
EVT-HIRE-E02178,E02178,Hire,2021-12-01,
EVT-HIRE-E02179,E02179,Hire,2024-01-25,
EVT-EXIT-E02179,E02179,Exit,2024-03-13,Retirement
EVT-HIRE-E02180,E02180,Hire,2021-10-16,
EVT-HIRE-E02181,E02181,Hire,2023-02-21,
EVT-HIRE-E02182,E02182,Hire,2023-10-02,
EVT-HIRE-E02183,E02183,Hire,2023-01-16,
EVT-HIRE-E02184,E02184,Hire,2020-06-16,
EVT-HIRE-E02185,E02185,Hire,2023-05-10,
EVT-HIRE-E02186,E02186,Hire,2020-04-14,
EVT-HIRE-E02187,E02187,Hire,2021-07-10,
EVT-EXIT-E02187,E02187,Exit,2021-09-26,Resigned
EVT-HIRE-E02188,E02188,Hire,2022-12-10,
EVT-HIRE-E02189,E02189,Hire,2024-05-09,
EVT-HIRE-E02190,E02190,Hire,2022-08-23,
EVT-HIRE-E02191,E02191,Hire,2023-04-29,
EVT-HIRE-E02192,E02192,Hire,2021-07-23,
EVT-EXIT-E02192,E02192,Exit,2021-09-13,Resigned
EVT-HIRE-E02193,E02193,Hire,2023-09-13,
EVT-HIRE-E02194,E02194,Hire,2022-04-12,
EVT-HIRE-E02195,E02195,Hire,2020-05-22,
EVT-HIRE-E02196,E02196,Hire,2023-07-14,
EVT-HIRE-E02197,E02197,Hire,2023-11-06,
EVT-HIRE-E02198,E02198,Hire,2021-08-03,
EVT-EXIT-E02198,E02198,Exit,2021-10-27,Retirement
EVT-HIRE-E02199,E02199,Hire,2025-01-08,
EVT-EXIT-E02199,E02199,Exit,2025-03-19,Resigned
EVT-HIRE-E02200,E02200,Hire,2020-07-29,
EVT-HIRE-E02201,E02201,Hire,2020-02-01,
EVT-EXIT-E02201,E02201,Exit,2020-06-24,Resigned
EVT-HIRE-E02202,E02202,Hire,2022-09-03,
EVT-EXIT-E02202,E02202,Exit,2022-10-26,Performance / Termination
EVT-HIRE-E02203,E02203,Hire,2024-08-18,
EVT-HIRE-E02204,E02204,Hire,2020-01-26,
EVT-HIRE-E02205,E02205,Hire,2024-02-04,
EVT-HIRE-E02206,E02206,Hire,2021-07-19,
EVT-HIRE-E02207,E02207,Hire,2022-11-20,
EVT-HIRE-E02208,E02208,Hire,2023-07-28,
EVT-HIRE-E02209,E02209,Hire,2024-12-09,
EVT-HIRE-E02210,E02210,Hire,2021-09-07,
EVT-HIRE-E02211,E02211,Hire,2021-07-06,
EVT-HIRE-E02212,E02212,Hire,2023-05-30,
EVT-HIRE-E02213,E02213,Hire,2025-06-06,
EVT-EXIT-E02213,E02213,Exit,2025-10-02,Resigned
EVT-HIRE-E02214,E02214,Hire,2021-03-11,
EVT-HIRE-E02215,E02215,Hire,2024-01-31,
EVT-HIRE-E02216,E02216,Hire,2023-08-27,
EVT-HIRE-E02217,E02217,Hire,2025-07-18,
EVT-HIRE-E02218,E02218,Hire,2022-04-22,
EVT-HIRE-E02219,E02219,Hire,2025-04-20,
EVT-HIRE-E02220,E02220,Hire,2021-09-30,
EVT-HIRE-E02221,E02221,Hire,2025-02-09,
EVT-HIRE-E02222,E02222,Hire,2022-04-26,
EVT-HIRE-E02223,E02223,Hire,2022-11-05,
EVT-HIRE-E02224,E02224,Hire,2021-09-02,
EVT-EXIT-E02224,E02224,Exit,2022-01-19,Performance / Termination
EVT-HIRE-E02225,E02225,Hire,2021-10-04,
EVT-HIRE-E02226,E02226,Hire,2024-02-10,
EVT-HIRE-E02227,E02227,Hire,2020-11-05,
EVT-HIRE-E02228,E02228,Hire,2022-09-08,
EVT-HIRE-E02229,E02229,Hire,2025-09-07,
EVT-HIRE-E02230,E02230,Hire,2025-06-19,
EVT-HIRE-E02231,E02231,Hire,2020-09-01,
EVT-EXIT-E02231,E02231,Exit,2020-10-04,Retirement
EVT-HIRE-E02232,E02232,Hire,2024-06-20,
EVT-HIRE-E02233,E02233,Hire,2020-02-03,
EVT-HIRE-E02234,E02234,Hire,2022-01-04,
EVT-HIRE-E02235,E02235,Hire,2021-08-20,
EVT-HIRE-E02236,E02236,Hire,2023-10-18,
EVT-HIRE-E02237,E02237,Hire,2021-03-08,
EVT-HIRE-E02238,E02238,Hire,2023-04-04,
EVT-EXIT-E02238,E02238,Exit,2023-05-07,Resigned
EVT-HIRE-E02239,E02239,Hire,2024-04-18,
EVT-HIRE-E02240,E02240,Hire,2021-11-27,
EVT-HIRE-E02241,E02241,Hire,2021-09-17,
EVT-HIRE-E02242,E02242,Hire,2020-04-09,
EVT-HIRE-E02243,E02243,Hire,2022-02-10,
EVT-EXIT-E02243,E02243,Exit,2022-06-07,Retirement
EVT-HIRE-E02244,E02244,Hire,2023-03-26,
EVT-HIRE-E02245,E02245,Hire,2025-10-04,
EVT-HIRE-E02246,E02246,Hire,2025-01-21,
EVT-HIRE-E02247,E02247,Hire,2021-12-16,
EVT-HIRE-E02248,E02248,Hire,2024-09-10,
EVT-HIRE-E02249,E02249,Hire,2020-01-20,
EVT-HIRE-E02250,E02250,Hire,2021-01-28,
EVT-HIRE-E02251,E02251,Hire,2022-12-15,
EVT-HIRE-E02252,E02252,Hire,2024-01-29,
EVT-HIRE-E02253,E02253,Hire,2020-06-26,
EVT-EXIT-E02253,E02253,Exit,2020-10-22,Layoff
EVT-HIRE-E02254,E02254,Hire,2023-06-15,
EVT-HIRE-E02255,E02255,Hire,2023-04-28,
EVT-HIRE-E02256,E02256,Hire,2025-09-19,
EVT-HIRE-E02257,E02257,Hire,2021-06-16,
EVT-EXIT-E02257,E02257,Exit,2021-10-27,Layoff
EVT-HIRE-E02258,E02258,Hire,2024-05-29,
EVT-HIRE-E02259,E02259,Hire,2021-02-19,
EVT-HIRE-E02260,E02260,Hire,2024-10-25,
EVT-EXIT-E02260,E02260,Exit,2025-03-05,Resigned
EVT-HIRE-E02261,E02261,Hire,2021-10-29,
EVT-EXIT-E02261,E02261,Exit,2022-01-15,Resigned
EVT-HIRE-E02262,E02262,Hire,2024-02-05,
EVT-HIRE-E02263,E02263,Hire,2022-10-14,
EVT-EXIT-E02263,E02263,Exit,2023-03-05,Resigned
EVT-HIRE-E02264,E02264,Hire,2025-06-02,
EVT-HIRE-E02265,E02265,Hire,2024-04-27,
EVT-HIRE-E02266,E02266,Hire,2022-01-29,
EVT-HIRE-E02267,E02267,Hire,2020-07-28,
EVT-HIRE-E02268,E02268,Hire,2023-10-24,
EVT-EXIT-E02268,E02268,Exit,2024-03-16,Resigned
EVT-HIRE-E02269,E02269,Hire,2020-07-27,
EVT-HIRE-E02270,E02270,Hire,2024-02-04,
EVT-HIRE-E02271,E02271,Hire,2024-07-23,
EVT-HIRE-E02272,E02272,Hire,2021-12-27,
EVT-HIRE-E02273,E02273,Hire,2022-03-29,
EVT-EXIT-E02273,E02273,Exit,2022-05-12,Retirement
EVT-HIRE-E02274,E02274,Hire,2020-04-20,
EVT-HIRE-E02275,E02275,Hire,2024-11-07,
EVT-HIRE-E02276,E02276,Hire,2021-09-03,
EVT-HIRE-E02277,E02277,Hire,2021-05-02,
EVT-EXIT-E02277,E02277,Exit,2021-08-27,Retirement
EVT-HIRE-E02278,E02278,Hire,2022-01-26,
EVT-EXIT-E02278,E02278,Exit,2022-04-22,Layoff
EVT-HIRE-E02279,E02279,Hire,2025-05-31,
EVT-EXIT-E02279,E02279,Exit,2025-07-19,Resigned
EVT-HIRE-E02280,E02280,Hire,2024-09-21,
EVT-EXIT-E02280,E02280,Exit,2024-11-13,Performance / Termination
EVT-HIRE-E02281,E02281,Hire,2024-12-15,
EVT-HIRE-E02282,E02282,Hire,2022-08-23,
EVT-EXIT-E02282,E02282,Exit,2023-01-10,Layoff
EVT-HIRE-E02283,E02283,Hire,2025-02-03,
EVT-EXIT-E02283,E02283,Exit,2025-04-07,Retirement
EVT-HIRE-E02284,E02284,Hire,2020-09-16,
EVT-HIRE-E02285,E02285,Hire,2020-09-04,
EVT-HIRE-E02286,E02286,Hire,2023-06-30,
EVT-HIRE-E02287,E02287,Hire,2024-10-25,
EVT-HIRE-E02288,E02288,Hire,2024-07-22,
EVT-HIRE-E02289,E02289,Hire,2023-07-20,
EVT-HIRE-E02290,E02290,Hire,2020-05-11,
EVT-HIRE-E02291,E02291,Hire,2024-08-31,
EVT-HIRE-E02292,E02292,Hire,2024-03-30,
EVT-HIRE-E02293,E02293,Hire,2022-10-03,
EVT-HIRE-E02294,E02294,Hire,2021-02-25,
EVT-HIRE-E02295,E02295,Hire,2025-08-04,
EVT-EXIT-E02295,E02295,Exit,2025-10-22,Retirement
EVT-HIRE-E02296,E02296,Hire,2020-07-17,
EVT-HIRE-E02297,E02297,Hire,2020-10-15,
EVT-HIRE-E02298,E02298,Hire,2023-09-16,
EVT-HIRE-E02299,E02299,Hire,2021-12-31,
EVT-HIRE-E02300,E02300,Hire,2022-04-06,
EVT-EXIT-E02300,E02300,Exit,2022-08-02,Resigned
EVT-HIRE-E02301,E02301,Hire,2020-04-23,
EVT-HIRE-E02302,E02302,Hire,2024-05-03,
EVT-HIRE-E02303,E02303,Hire,2022-11-20,
EVT-HIRE-E02304,E02304,Hire,2022-03-28,
EVT-HIRE-E02305,E02305,Hire,2021-01-18,
EVT-HIRE-E02306,E02306,Hire,2023-01-01,
EVT-EXIT-E02306,E02306,Exit,2023-05-21,Resigned
EVT-HIRE-E02307,E02307,Hire,2020-04-09,
EVT-HIRE-E02308,E02308,Hire,2023-10-20,
EVT-HIRE-E02309,E02309,Hire,2021-01-30,
EVT-EXIT-E02309,E02309,Exit,2021-04-01,Resigned
EVT-HIRE-E02310,E02310,Hire,2022-04-04,
EVT-EXIT-E02310,E02310,Exit,2022-07-01,Retirement
EVT-HIRE-E02311,E02311,Hire,2024-02-03,
EVT-HIRE-E02312,E02312,Hire,2021-10-14,
EVT-HIRE-E02313,E02313,Hire,2020-01-29,
EVT-HIRE-E02314,E02314,Hire,2020-09-21,
EVT-HIRE-E02315,E02315,Hire,2020-03-21,
EVT-HIRE-E02316,E02316,Hire,2025-08-03,
EVT-HIRE-E02317,E02317,Hire,2022-06-29,
EVT-HIRE-E02318,E02318,Hire,2022-10-27,
EVT-HIRE-E02319,E02319,Hire,2020-08-25,
EVT-EXIT-E02319,E02319,Exit,2020-09-26,Resigned
EVT-HIRE-E02320,E02320,Hire,2024-04-04,
EVT-HIRE-E02321,E02321,Hire,2023-04-30,
EVT-HIRE-E02322,E02322,Hire,2025-07-06,
EVT-HIRE-E02323,E02323,Hire,2024-02-22,
EVT-EXIT-E02323,E02323,Exit,2024-06-20,Resigned
EVT-HIRE-E02324,E02324,Hire,2024-02-07,
EVT-EXIT-E02324,E02324,Exit,2024-06-21,Resigned
EVT-HIRE-E02325,E02325,Hire,2025-11-09,
EVT-HIRE-E02326,E02326,Hire,2022-10-05,
EVT-HIRE-E02327,E02327,Hire,2022-07-03,
EVT-HIRE-E02328,E02328,Hire,2020-11-20,
EVT-EXIT-E02328,E02328,Exit,2021-01-31,Resigned
EVT-HIRE-E02329,E02329,Hire,2024-12-06,
EVT-HIRE-E02330,E02330,Hire,2021-05-05,
EVT-EXIT-E02330,E02330,Exit,2021-08-19,Retirement
EVT-HIRE-E02331,E02331,Hire,2025-11-14,
EVT-HIRE-E02332,E02332,Hire,2025-05-14,
EVT-HIRE-E02333,E02333,Hire,2024-05-02,
EVT-HIRE-E02334,E02334,Hire,2025-12-03,
EVT-HIRE-E02335,E02335,Hire,2023-04-24,
EVT-HIRE-E02336,E02336,Hire,2023-07-10,
EVT-HIRE-E02337,E02337,Hire,2021-04-09,
EVT-HIRE-E02338,E02338,Hire,2025-10-08,
EVT-HIRE-E02339,E02339,Hire,2023-03-07,
EVT-HIRE-E02340,E02340,Hire,2024-10-30,
EVT-HIRE-E02341,E02341,Hire,2024-04-07,
EVT-HIRE-E02342,E02342,Hire,2025-08-01,
EVT-HIRE-E02343,E02343,Hire,2025-03-27,
EVT-HIRE-E02344,E02344,Hire,2022-06-19,
EVT-HIRE-E02345,E02345,Hire,2024-12-05,
EVT-HIRE-E02346,E02346,Hire,2025-08-12,
EVT-HIRE-E02347,E02347,Hire,2021-08-16,
EVT-HIRE-E02348,E02348,Hire,2023-09-28,
EVT-HIRE-E02349,E02349,Hire,2025-01-06,
EVT-HIRE-E02350,E02350,Hire,2024-09-14,
EVT-HIRE-E02351,E02351,Hire,2024-10-29,
EVT-HIRE-E02352,E02352,Hire,2021-02-18,
EVT-HIRE-E02353,E02353,Hire,2020-01-12,
EVT-HIRE-E02354,E02354,Hire,2021-10-16,
EVT-HIRE-E02355,E02355,Hire,2025-07-04,
EVT-HIRE-E02356,E02356,Hire,2023-04-18,
EVT-HIRE-E02357,E02357,Hire,2025-11-29,
EVT-HIRE-E02358,E02358,Hire,2024-07-13,
EVT-HIRE-E02359,E02359,Hire,2022-10-14,
EVT-HIRE-E02360,E02360,Hire,2022-11-21,
EVT-HIRE-E02361,E02361,Hire,2020-01-24,
EVT-HIRE-E02362,E02362,Hire,2025-05-08,
EVT-HIRE-E02363,E02363,Hire,2021-12-17,
EVT-HIRE-E02364,E02364,Hire,2025-12-05,
EVT-HIRE-E02365,E02365,Hire,2022-12-17,
EVT-HIRE-E02366,E02366,Hire,2024-02-27,
EVT-HIRE-E02367,E02367,Hire,2022-03-19,
EVT-HIRE-E02368,E02368,Hire,2022-03-15,
EVT-HIRE-E02369,E02369,Hire,2020-06-07,
EVT-EXIT-E02369,E02369,Exit,2020-10-23,Performance / Termination
EVT-HIRE-E02370,E02370,Hire,2025-05-30,
EVT-HIRE-E02371,E02371,Hire,2021-08-31,
EVT-HIRE-E02372,E02372,Hire,2024-03-27,
EVT-EXIT-E02372,E02372,Exit,2024-08-17,Resigned
EVT-HIRE-E02373,E02373,Hire,2025-08-14,
EVT-HIRE-E02374,E02374,Hire,2022-06-04,
EVT-HIRE-E02375,E02375,Hire,2023-02-24,
EVT-HIRE-E02376,E02376,Hire,2023-12-07,
EVT-HIRE-E02377,E02377,Hire,2021-04-09,
EVT-HIRE-E02378,E02378,Hire,2020-04-04,
EVT-EXIT-E02378,E02378,Exit,2020-06-20,Retirement
EVT-HIRE-E02379,E02379,Hire,2020-12-13,
EVT-HIRE-E02380,E02380,Hire,2021-06-03,
EVT-HIRE-E02381,E02381,Hire,2024-04-20,
EVT-HIRE-E02382,E02382,Hire,2022-05-20,
EVT-HIRE-E02383,E02383,Hire,2021-08-09,
EVT-HIRE-E02384,E02384,Hire,2024-12-29,
EVT-EXIT-E02384,E02384,Exit,2025-03-25,Resigned
EVT-HIRE-E02385,E02385,Hire,2022-12-23,
EVT-HIRE-E02386,E02386,Hire,2023-05-07,
EVT-HIRE-E02387,E02387,Hire,2025-04-22,
EVT-HIRE-E02388,E02388,Hire,2023-12-02,
EVT-HIRE-E02389,E02389,Hire,2025-02-13,
EVT-HIRE-E02390,E02390,Hire,2024-12-25,
EVT-EXIT-E02390,E02390,Exit,2025-04-15,Resigned
EVT-HIRE-E02391,E02391,Hire,2025-04-30,
EVT-HIRE-E02392,E02392,Hire,2024-01-11,
EVT-HIRE-E02393,E02393,Hire,2022-03-16,
EVT-EXIT-E02393,E02393,Exit,2022-08-02,Relocation
EVT-HIRE-E02394,E02394,Hire,2025-10-01,
EVT-HIRE-E02395,E02395,Hire,2020-01-02,
EVT-HIRE-E02396,E02396,Hire,2024-05-19,
EVT-HIRE-E02397,E02397,Hire,2020-01-12,
EVT-HIRE-E02398,E02398,Hire,2021-12-17,
EVT-HIRE-E02399,E02399,Hire,2024-12-15,
EVT-HIRE-E02400,E02400,Hire,2025-11-26,
EVT-HIRE-E02401,E02401,Hire,2024-10-02,
EVT-HIRE-E02402,E02402,Hire,2025-09-24,
EVT-HIRE-E02403,E02403,Hire,2024-09-04,
EVT-HIRE-E02404,E02404,Hire,2021-10-10,
EVT-HIRE-E02405,E02405,Hire,2021-08-01,
EVT-HIRE-E02406,E02406,Hire,2023-12-17,
EVT-EXIT-E02406,E02406,Exit,2024-03-14,Resigned
EVT-HIRE-E02407,E02407,Hire,2020-11-19,
EVT-HIRE-E02408,E02408,Hire,2020-11-13,
EVT-HIRE-E02409,E02409,Hire,2023-08-31,
EVT-HIRE-E02410,E02410,Hire,2025-10-16,
EVT-HIRE-E02411,E02411,Hire,2023-01-13,
EVT-HIRE-E02412,E02412,Hire,2023-02-23,
EVT-HIRE-E02413,E02413,Hire,2023-12-05,
EVT-HIRE-E02414,E02414,Hire,2023-12-24,
EVT-HIRE-E02415,E02415,Hire,2023-08-17,
EVT-EXIT-E02415,E02415,Exit,2023-11-30,Retirement
EVT-HIRE-E02416,E02416,Hire,2023-08-12,
EVT-HIRE-E02417,E02417,Hire,2025-04-14,
EVT-HIRE-E02418,E02418,Hire,2020-03-17,
EVT-HIRE-E02419,E02419,Hire,2023-12-07,
EVT-EXIT-E02419,E02419,Exit,2024-03-04,Relocation
EVT-HIRE-E02420,E02420,Hire,2021-11-01,
EVT-HIRE-E02421,E02421,Hire,2022-07-24,
EVT-HIRE-E02422,E02422,Hire,2023-06-16,
EVT-HIRE-E02423,E02423,Hire,2024-08-22,
EVT-HIRE-E02424,E02424,Hire,2020-03-11,
EVT-HIRE-E02425,E02425,Hire,2024-02-21,
EVT-HIRE-E02426,E02426,Hire,2020-12-04,
EVT-HIRE-E02427,E02427,Hire,2020-05-08,
EVT-HIRE-E02428,E02428,Hire,2024-10-02,
EVT-HIRE-E02429,E02429,Hire,2025-12-08,
EVT-HIRE-E02430,E02430,Hire,2020-10-03,
EVT-HIRE-E02431,E02431,Hire,2025-08-30,
EVT-HIRE-E02432,E02432,Hire,2025-05-10,
EVT-HIRE-E02433,E02433,Hire,2020-03-21,
EVT-EXIT-E02433,E02433,Exit,2020-07-19,Layoff
EVT-HIRE-E02434,E02434,Hire,2023-12-28,
EVT-HIRE-E02435,E02435,Hire,2020-12-16,
EVT-HIRE-E02436,E02436,Hire,2020-11-11,
EVT-HIRE-E02437,E02437,Hire,2023-11-15,
EVT-HIRE-E02438,E02438,Hire,2023-06-06,
EVT-HIRE-E02439,E02439,Hire,2020-07-09,
EVT-HIRE-E02440,E02440,Hire,2020-11-16,
EVT-HIRE-E02441,E02441,Hire,2023-05-01,
EVT-HIRE-E02442,E02442,Hire,2021-11-28,
EVT-HIRE-E02443,E02443,Hire,2023-06-04,
EVT-EXIT-E02443,E02443,Exit,2023-10-19,Resigned
EVT-HIRE-E02444,E02444,Hire,2022-07-15,
EVT-HIRE-E02445,E02445,Hire,2025-06-26,
EVT-HIRE-E02446,E02446,Hire,2025-03-07,
EVT-HIRE-E02447,E02447,Hire,2022-10-24,
EVT-HIRE-E02448,E02448,Hire,2020-04-19,
EVT-EXIT-E02448,E02448,Exit,2020-06-08,Resigned
EVT-HIRE-E02449,E02449,Hire,2021-11-29,
EVT-EXIT-E02449,E02449,Exit,2022-02-18,Resigned
EVT-HIRE-E02450,E02450,Hire,2025-01-10,
EVT-EXIT-E02450,E02450,Exit,2025-05-22,Resigned
EVT-HIRE-E02451,E02451,Hire,2024-10-20,
EVT-HIRE-E02452,E02452,Hire,2020-02-12,
EVT-HIRE-E02453,E02453,Hire,2025-05-22,
EVT-HIRE-E02454,E02454,Hire,2025-01-05,
EVT-HIRE-E02455,E02455,Hire,2025-12-15,
EVT-HIRE-E02456,E02456,Hire,2021-02-01,
EVT-HIRE-E02457,E02457,Hire,2024-08-09,
EVT-HIRE-E02458,E02458,Hire,2023-09-01,
EVT-HIRE-E02459,E02459,Hire,2024-10-23,
EVT-HIRE-E02460,E02460,Hire,2025-10-28,
EVT-HIRE-E02461,E02461,Hire,2020-10-03,
EVT-HIRE-E02462,E02462,Hire,2025-07-17,
EVT-HIRE-E02463,E02463,Hire,2023-12-30,
EVT-EXIT-E02463,E02463,Exit,2024-02-09,Relocation
EVT-HIRE-E02464,E02464,Hire,2025-12-28,
EVT-HIRE-E02465,E02465,Hire,2022-03-04,
EVT-HIRE-E02466,E02466,Hire,2025-11-20,
EVT-HIRE-E02467,E02467,Hire,2023-12-02,
EVT-EXIT-E02467,E02467,Exit,2024-04-18,Resigned
EVT-HIRE-E02468,E02468,Hire,2022-08-15,
EVT-HIRE-E02469,E02469,Hire,2023-07-27,
EVT-HIRE-E02470,E02470,Hire,2021-08-25,
EVT-EXIT-E02470,E02470,Exit,2021-11-24,Performance / Termination
EVT-HIRE-E02471,E02471,Hire,2021-07-01,
EVT-HIRE-E02472,E02472,Hire,2025-05-17,
EVT-HIRE-E02473,E02473,Hire,2022-01-25,
EVT-HIRE-E02474,E02474,Hire,2023-03-11,
EVT-HIRE-E02475,E02475,Hire,2020-12-06,
EVT-EXIT-E02475,E02475,Exit,2021-04-24,Resigned
EVT-HIRE-E02476,E02476,Hire,2020-04-23,
EVT-HIRE-E02477,E02477,Hire,2024-09-04,
EVT-HIRE-E02478,E02478,Hire,2023-08-25,
EVT-HIRE-E02479,E02479,Hire,2023-05-21,
EVT-EXIT-E02479,E02479,Exit,2023-08-13,Layoff
EVT-HIRE-E02480,E02480,Hire,2022-10-23,
EVT-HIRE-E02481,E02481,Hire,2024-05-02,
EVT-EXIT-E02481,E02481,Exit,2024-08-28,Resigned
EVT-HIRE-E02482,E02482,Hire,2021-09-02,
EVT-HIRE-E02483,E02483,Hire,2023-10-09,
EVT-HIRE-E02484,E02484,Hire,2023-04-06,
EVT-HIRE-E02485,E02485,Hire,2022-06-23,
EVT-HIRE-E02486,E02486,Hire,2025-10-03,
EVT-HIRE-E02487,E02487,Hire,2023-04-05,
EVT-HIRE-E02488,E02488,Hire,2025-12-21,
EVT-HIRE-E02489,E02489,Hire,2020-11-13,
EVT-HIRE-E02490,E02490,Hire,2021-03-30,
EVT-HIRE-E02491,E02491,Hire,2023-03-28,
EVT-EXIT-E02491,E02491,Exit,2023-07-05,Resigned
EVT-HIRE-E02492,E02492,Hire,2023-08-15,
EVT-HIRE-E02493,E02493,Hire,2021-03-03,
EVT-HIRE-E02494,E02494,Hire,2023-03-18,
EVT-HIRE-E02495,E02495,Hire,2022-07-12,
EVT-HIRE-E02496,E02496,Hire,2022-12-28,
EVT-EXIT-E02496,E02496,Exit,2023-05-19,Performance / Termination
EVT-HIRE-E02497,E02497,Hire,2024-01-22,
EVT-EXIT-E02497,E02497,Exit,2024-02-25,Relocation
EVT-HIRE-E02498,E02498,Hire,2022-01-29,
EVT-EXIT-E02498,E02498,Exit,2022-05-17,Resigned
EVT-HIRE-E02499,E02499,Hire,2022-11-29,
EVT-HIRE-E02500,E02500,Hire,2021-11-08,
EVT-HIRE-E02501,E02501,Hire,2021-05-16,
EVT-HIRE-E02502,E02502,Hire,2024-06-20,
EVT-HIRE-E02503,E02503,Hire,2022-12-19,
EVT-HIRE-E02504,E02504,Hire,2024-07-25,
EVT-HIRE-E02505,E02505,Hire,2023-05-05,
EVT-HIRE-E02506,E02506,Hire,2023-10-21,
EVT-EXIT-E02506,E02506,Exit,2024-03-02,Resigned
EVT-HIRE-E02507,E02507,Hire,2022-11-01,
EVT-HIRE-E02508,E02508,Hire,2021-08-12,
EVT-HIRE-E02509,E02509,Hire,2025-09-26,
EVT-HIRE-E02510,E02510,Hire,2023-08-21,
EVT-HIRE-E02511,E02511,Hire,2021-12-13,
EVT-HIRE-E02512,E02512,Hire,2021-07-15,
EVT-HIRE-E02513,E02513,Hire,2023-07-31,
EVT-HIRE-E02514,E02514,Hire,2020-11-02,
EVT-HIRE-E02515,E02515,Hire,2024-08-07,
EVT-EXIT-E02515,E02515,Exit,2024-10-16,Resigned
EVT-HIRE-E02516,E02516,Hire,2024-09-03,
EVT-HIRE-E02517,E02517,Hire,2025-07-21,
EVT-HIRE-E02518,E02518,Hire,2022-08-19,
EVT-HIRE-E02519,E02519,Hire,2021-05-10,
EVT-EXIT-E02519,E02519,Exit,2021-07-22,Resigned
EVT-HIRE-E02520,E02520,Hire,2022-09-15,
EVT-HIRE-E02521,E02521,Hire,2023-04-22,
EVT-EXIT-E02521,E02521,Exit,2023-05-28,Relocation
EVT-HIRE-E02522,E02522,Hire,2022-03-11,
EVT-HIRE-E02523,E02523,Hire,2025-07-25,
EVT-HIRE-E02524,E02524,Hire,2022-01-01,
EVT-HIRE-E02525,E02525,Hire,2022-01-05,
EVT-HIRE-E02526,E02526,Hire,2024-02-24,
EVT-HIRE-E02527,E02527,Hire,2021-11-08,
EVT-HIRE-E02528,E02528,Hire,2021-01-11,
EVT-HIRE-E02529,E02529,Hire,2023-12-01,
EVT-EXIT-E02529,E02529,Exit,2024-02-17,Resigned
EVT-HIRE-E02530,E02530,Hire,2022-12-17,
EVT-EXIT-E02530,E02530,Exit,2023-05-08,Retirement
EVT-HIRE-E02531,E02531,Hire,2021-05-17,
EVT-HIRE-E02532,E02532,Hire,2021-04-01,
EVT-HIRE-E02533,E02533,Hire,2024-09-01,
EVT-HIRE-E02534,E02534,Hire,2022-08-20,
EVT-HIRE-E02535,E02535,Hire,2021-03-18,
EVT-EXIT-E02535,E02535,Exit,2021-05-11,Retirement
EVT-HIRE-E02536,E02536,Hire,2021-09-04,
EVT-HIRE-E02537,E02537,Hire,2020-08-09,
EVT-HIRE-E02538,E02538,Hire,2023-06-14,
EVT-HIRE-E02539,E02539,Hire,2023-05-29,
EVT-HIRE-E02540,E02540,Hire,2020-04-17,
EVT-HIRE-E02541,E02541,Hire,2023-07-31,
EVT-HIRE-E02542,E02542,Hire,2023-06-29,
EVT-EXIT-E02542,E02542,Exit,2023-10-29,Resigned
EVT-HIRE-E02543,E02543,Hire,2020-10-05,
EVT-HIRE-E02544,E02544,Hire,2021-12-14,
EVT-HIRE-E02545,E02545,Hire,2024-09-26,
EVT-EXIT-E02545,E02545,Exit,2024-12-15,Resigned
EVT-HIRE-E02546,E02546,Hire,2022-11-21,
EVT-HIRE-E02547,E02547,Hire,2022-08-04,
EVT-HIRE-E02548,E02548,Hire,2020-07-24,
EVT-EXIT-E02548,E02548,Exit,2020-11-30,Resigned
EVT-HIRE-E02549,E02549,Hire,2025-02-21,
EVT-EXIT-E02549,E02549,Exit,2025-07-06,Resigned
EVT-HIRE-E02550,E02550,Hire,2024-06-08,
EVT-HIRE-E02551,E02551,Hire,2022-04-28,
EVT-HIRE-E02552,E02552,Hire,2024-07-19,
EVT-HIRE-E02553,E02553,Hire,2025-01-16,
EVT-HIRE-E02554,E02554,Hire,2021-12-27,
EVT-HIRE-E02555,E02555,Hire,2022-08-28,
EVT-HIRE-E02556,E02556,Hire,2021-10-19,
EVT-EXIT-E02556,E02556,Exit,2021-12-15,Relocation
EVT-HIRE-E02557,E02557,Hire,2020-08-06,
EVT-HIRE-E02558,E02558,Hire,2020-01-23,
EVT-HIRE-E02559,E02559,Hire,2022-10-06,
EVT-HIRE-E02560,E02560,Hire,2024-10-09,
EVT-EXIT-E02560,E02560,Exit,2024-12-13,Resigned
EVT-HIRE-E02561,E02561,Hire,2021-06-24,
EVT-HIRE-E02562,E02562,Hire,2024-11-18,
EVT-HIRE-E02563,E02563,Hire,2024-09-03,
EVT-HIRE-E02564,E02564,Hire,2022-09-30,
EVT-HIRE-E02565,E02565,Hire,2020-11-05,
EVT-HIRE-E02566,E02566,Hire,2023-11-06,
EVT-HIRE-E02567,E02567,Hire,2025-07-08,
EVT-HIRE-E02568,E02568,Hire,2024-08-04,
EVT-HIRE-E02569,E02569,Hire,2023-08-01,
EVT-HIRE-E02570,E02570,Hire,2021-10-23,
EVT-HIRE-E02571,E02571,Hire,2022-10-21,
EVT-HIRE-E02572,E02572,Hire,2023-02-15,
EVT-EXIT-E02572,E02572,Exit,2023-04-14,Retirement
EVT-HIRE-E02573,E02573,Hire,2021-09-20,
EVT-HIRE-E02574,E02574,Hire,2022-07-14,
EVT-HIRE-E02575,E02575,Hire,2021-05-07,
EVT-HIRE-E02576,E02576,Hire,2023-02-12,
EVT-EXIT-E02576,E02576,Exit,2023-06-30,Resigned
EVT-HIRE-E02577,E02577,Hire,2022-05-06,
EVT-HIRE-E02578,E02578,Hire,2020-12-28,
EVT-HIRE-E02579,E02579,Hire,2023-07-08,
EVT-HIRE-E02580,E02580,Hire,2022-04-20,
EVT-HIRE-E02581,E02581,Hire,2025-11-26,
EVT-EXIT-E02581,E02581,Exit,2025-12-11,Resigned
EVT-HIRE-E02582,E02582,Hire,2024-01-27,
EVT-HIRE-E02583,E02583,Hire,2024-11-07,
EVT-EXIT-E02583,E02583,Exit,2025-01-02,Resigned
EVT-HIRE-E02584,E02584,Hire,2023-10-13,
EVT-HIRE-E02585,E02585,Hire,2022-12-27,
EVT-HIRE-E02586,E02586,Hire,2021-12-31,
EVT-HIRE-E02587,E02587,Hire,2022-06-18,
EVT-HIRE-E02588,E02588,Hire,2022-07-21,
EVT-HIRE-E02589,E02589,Hire,2021-09-25,
EVT-HIRE-E02590,E02590,Hire,2023-12-17,
EVT-HIRE-E02591,E02591,Hire,2023-06-25,
EVT-EXIT-E02591,E02591,Exit,2023-08-07,Resigned
EVT-HIRE-E02592,E02592,Hire,2021-01-23,
EVT-EXIT-E02592,E02592,Exit,2021-03-14,Performance / Termination
EVT-HIRE-E02593,E02593,Hire,2022-09-18,
EVT-HIRE-E02594,E02594,Hire,2025-11-09,
EVT-HIRE-E02595,E02595,Hire,2024-04-24,
EVT-EXIT-E02595,E02595,Exit,2024-06-11,Performance / Termination
EVT-HIRE-E02596,E02596,Hire,2023-06-30,
EVT-HIRE-E02597,E02597,Hire,2025-02-06,
EVT-HIRE-E02598,E02598,Hire,2021-02-13,
EVT-HIRE-E02599,E02599,Hire,2020-08-16,
EVT-HIRE-E02600,E02600,Hire,2022-07-03,
EVT-HIRE-E02601,E02601,Hire,2020-01-21,
EVT-HIRE-E02602,E02602,Hire,2020-08-31,
EVT-HIRE-E02603,E02603,Hire,2020-02-15,
EVT-EXIT-E02603,E02603,Exit,2020-03-26,Resigned
EVT-HIRE-E02604,E02604,Hire,2020-08-15,
EVT-HIRE-E02605,E02605,Hire,2022-05-10,
EVT-HIRE-E02606,E02606,Hire,2024-05-06,
EVT-HIRE-E02607,E02607,Hire,2023-05-03,
EVT-HIRE-E02608,E02608,Hire,2024-05-06,
EVT-HIRE-E02609,E02609,Hire,2021-05-22,
EVT-HIRE-E02610,E02610,Hire,2020-09-18,
EVT-HIRE-E02611,E02611,Hire,2020-09-19,
EVT-HIRE-E02612,E02612,Hire,2023-12-25,
EVT-EXIT-E02612,E02612,Exit,2024-03-06,Resigned
EVT-HIRE-E02613,E02613,Hire,2021-11-28,
EVT-HIRE-E02614,E02614,Hire,2022-11-11,
EVT-HIRE-E02615,E02615,Hire,2021-09-20,
EVT-HIRE-E02616,E02616,Hire,2024-04-30,
EVT-HIRE-E02617,E02617,Hire,2022-08-01,
EVT-HIRE-E02618,E02618,Hire,2020-09-26,
EVT-HIRE-E02619,E02619,Hire,2025-11-10,
EVT-HIRE-E02620,E02620,Hire,2022-12-11,
EVT-HIRE-E02621,E02621,Hire,2020-02-22,
EVT-HIRE-E02622,E02622,Hire,2023-01-02,
EVT-EXIT-E02622,E02622,Exit,2023-04-09,Resigned
EVT-HIRE-E02623,E02623,Hire,2023-09-14,
EVT-HIRE-E02624,E02624,Hire,2020-01-27,
EVT-HIRE-E02625,E02625,Hire,2021-07-15,
EVT-HIRE-E02626,E02626,Hire,2023-03-13,
EVT-HIRE-E02627,E02627,Hire,2025-01-12,
EVT-HIRE-E02628,E02628,Hire,2025-04-28,
EVT-EXIT-E02628,E02628,Exit,2025-09-08,Retirement
EVT-HIRE-E02629,E02629,Hire,2022-04-22,
EVT-HIRE-E02630,E02630,Hire,2025-09-10,
EVT-HIRE-E02631,E02631,Hire,2020-04-29,
EVT-HIRE-E02632,E02632,Hire,2023-02-10,
EVT-HIRE-E02633,E02633,Hire,2024-11-04,
EVT-HIRE-E02634,E02634,Hire,2022-12-10,
EVT-HIRE-E02635,E02635,Hire,2020-10-09,
EVT-HIRE-E02636,E02636,Hire,2023-08-01,
EVT-EXIT-E02636,E02636,Exit,2023-11-28,Resigned
EVT-HIRE-E02637,E02637,Hire,2025-03-31,
EVT-EXIT-E02637,E02637,Exit,2025-08-08,Resigned
EVT-HIRE-E02638,E02638,Hire,2025-04-01,
EVT-HIRE-E02639,E02639,Hire,2023-11-23,
EVT-HIRE-E02640,E02640,Hire,2020-06-19,
EVT-HIRE-E02641,E02641,Hire,2024-08-29,
EVT-HIRE-E02642,E02642,Hire,2022-08-10,
EVT-HIRE-E02643,E02643,Hire,2021-01-05,
EVT-HIRE-E02644,E02644,Hire,2023-08-04,
EVT-HIRE-E02645,E02645,Hire,2023-10-21,
EVT-HIRE-E02646,E02646,Hire,2025-12-23,
EVT-EXIT-E02646,E02646,Exit,2025-12-30,Layoff
EVT-HIRE-E02647,E02647,Hire,2024-11-06,
EVT-HIRE-E02648,E02648,Hire,2023-12-20,
EVT-HIRE-E02649,E02649,Hire,2025-06-29,
EVT-EXIT-E02649,E02649,Exit,2025-10-13,Retirement
EVT-HIRE-E02650,E02650,Hire,2021-01-25,
EVT-HIRE-E02651,E02651,Hire,2022-07-15,
EVT-HIRE-E02652,E02652,Hire,2022-08-09,
EVT-EXIT-E02652,E02652,Exit,2022-12-25,Retirement
EVT-HIRE-E02653,E02653,Hire,2025-08-01,
EVT-EXIT-E02653,E02653,Exit,2025-08-31,Layoff
EVT-HIRE-E02654,E02654,Hire,2023-03-10,
EVT-HIRE-E02655,E02655,Hire,2024-11-01,
EVT-HIRE-E02656,E02656,Hire,2023-10-30,
EVT-HIRE-E02657,E02657,Hire,2024-08-03,
EVT-HIRE-E02658,E02658,Hire,2022-02-17,
EVT-HIRE-E02659,E02659,Hire,2021-07-20,
EVT-HIRE-E02660,E02660,Hire,2025-04-11,
EVT-EXIT-E02660,E02660,Exit,2025-05-23,Layoff
EVT-HIRE-E02661,E02661,Hire,2023-01-03,
EVT-HIRE-E02662,E02662,Hire,2020-12-23,
EVT-HIRE-E02663,E02663,Hire,2021-09-13,
EVT-HIRE-E02664,E02664,Hire,2020-09-16,
EVT-HIRE-E02665,E02665,Hire,2020-01-21,
EVT-EXIT-E02665,E02665,Exit,2020-03-19,Resigned
EVT-HIRE-E02666,E02666,Hire,2021-06-15,
EVT-EXIT-E02666,E02666,Exit,2021-09-14,Resigned
EVT-HIRE-E02667,E02667,Hire,2025-06-23,
EVT-HIRE-E02668,E02668,Hire,2023-03-13,
EVT-EXIT-E02668,E02668,Exit,2023-08-05,Relocation
EVT-HIRE-E02669,E02669,Hire,2020-11-06,
EVT-EXIT-E02669,E02669,Exit,2020-12-19,Layoff
EVT-HIRE-E02670,E02670,Hire,2024-03-17,
EVT-HIRE-E02671,E02671,Hire,2022-02-22,
EVT-EXIT-E02671,E02671,Exit,2022-06-20,Resigned
EVT-HIRE-E02672,E02672,Hire,2021-02-20,
EVT-HIRE-E02673,E02673,Hire,2020-02-02,
EVT-EXIT-E02673,E02673,Exit,2020-04-23,Resigned
EVT-HIRE-E02674,E02674,Hire,2021-07-13,
EVT-HIRE-E02675,E02675,Hire,2024-05-24,
EVT-HIRE-E02676,E02676,Hire,2022-09-13,
EVT-EXIT-E02676,E02676,Exit,2022-10-25,Retirement
EVT-HIRE-E02677,E02677,Hire,2021-12-01,
EVT-HIRE-E02678,E02678,Hire,2023-08-11,
EVT-HIRE-E02679,E02679,Hire,2025-08-02,
EVT-HIRE-E02680,E02680,Hire,2022-05-16,
EVT-HIRE-E02681,E02681,Hire,2021-12-30,
EVT-HIRE-E02682,E02682,Hire,2024-02-18,
EVT-HIRE-E02683,E02683,Hire,2020-02-25,
EVT-HIRE-E02684,E02684,Hire,2021-08-30,
EVT-EXIT-E02684,E02684,Exit,2021-10-19,Layoff
EVT-HIRE-E02685,E02685,Hire,2022-10-04,
EVT-EXIT-E02685,E02685,Exit,2023-02-21,Resigned
EVT-HIRE-E02686,E02686,Hire,2023-02-08,
EVT-EXIT-E02686,E02686,Exit,2023-04-28,Relocation
EVT-HIRE-E02687,E02687,Hire,2025-07-04,
EVT-EXIT-E02687,E02687,Exit,2025-09-13,Performance / Termination
EVT-HIRE-E02688,E02688,Hire,2022-11-21,
EVT-HIRE-E02689,E02689,Hire,2024-08-07,
EVT-EXIT-E02689,E02689,Exit,2024-12-14,Resigned
EVT-HIRE-E02690,E02690,Hire,2021-03-22,
EVT-HIRE-E02691,E02691,Hire,2021-04-11,
EVT-HIRE-E02692,E02692,Hire,2023-02-08,
EVT-HIRE-E02693,E02693,Hire,2022-01-18,
EVT-HIRE-E02694,E02694,Hire,2023-03-31,
EVT-HIRE-E02695,E02695,Hire,2021-07-20,
EVT-HIRE-E02696,E02696,Hire,2023-12-30,
EVT-HIRE-E02697,E02697,Hire,2024-07-01,
EVT-HIRE-E02698,E02698,Hire,2025-12-10,
EVT-HIRE-E02699,E02699,Hire,2020-02-01,
EVT-HIRE-E02700,E02700,Hire,2022-10-28,
EVT-HIRE-E02701,E02701,Hire,2020-12-12,
EVT-HIRE-E02702,E02702,Hire,2020-08-20,
EVT-HIRE-E02703,E02703,Hire,2021-01-04,
EVT-HIRE-E02704,E02704,Hire,2021-07-21,
EVT-HIRE-E02705,E02705,Hire,2021-03-06,
EVT-EXIT-E02705,E02705,Exit,2021-04-21,Layoff
EVT-HIRE-E02706,E02706,Hire,2020-12-25,
EVT-HIRE-E02707,E02707,Hire,2023-04-07,
EVT-HIRE-E02708,E02708,Hire,2025-04-07,
EVT-HIRE-E02709,E02709,Hire,2024-07-19,
EVT-HIRE-E02710,E02710,Hire,2023-04-01,
EVT-HIRE-E02711,E02711,Hire,2025-11-20,
EVT-HIRE-E02712,E02712,Hire,2024-03-14,
EVT-HIRE-E02713,E02713,Hire,2021-05-12,
EVT-HIRE-E02714,E02714,Hire,2025-09-02,
EVT-EXIT-E02714,E02714,Exit,2025-10-20,Performance / Termination
EVT-HIRE-E02715,E02715,Hire,2023-09-05,
EVT-HIRE-E02716,E02716,Hire,2021-05-11,
EVT-EXIT-E02716,E02716,Exit,2021-06-19,Retirement
EVT-HIRE-E02717,E02717,Hire,2025-11-21,
EVT-EXIT-E02717,E02717,Exit,2025-12-06,Resigned
EVT-HIRE-E02718,E02718,Hire,2023-07-10,
EVT-HIRE-E02719,E02719,Hire,2020-02-12,
EVT-HIRE-E02720,E02720,Hire,2020-10-31,
EVT-HIRE-E02721,E02721,Hire,2022-05-07,
EVT-EXIT-E02721,E02721,Exit,2022-09-29,Resigned
EVT-HIRE-E02722,E02722,Hire,2020-02-25,
EVT-EXIT-E02722,E02722,Exit,2020-05-06,Performance / Termination
EVT-HIRE-E02723,E02723,Hire,2023-12-17,
EVT-HIRE-E02724,E02724,Hire,2021-07-26,
EVT-HIRE-E02725,E02725,Hire,2025-02-02,
EVT-HIRE-E02726,E02726,Hire,2021-05-20,
EVT-HIRE-E02727,E02727,Hire,2023-12-21,
EVT-HIRE-E02728,E02728,Hire,2021-02-12,
EVT-HIRE-E02729,E02729,Hire,2020-06-11,
EVT-HIRE-E02730,E02730,Hire,2020-09-23,
EVT-EXIT-E02730,E02730,Exit,2020-12-12,Retirement
EVT-HIRE-E02731,E02731,Hire,2025-06-03,
EVT-HIRE-E02732,E02732,Hire,2024-07-10,
EVT-HIRE-E02733,E02733,Hire,2020-06-02,
EVT-EXIT-E02733,E02733,Exit,2020-09-07,Resigned
EVT-HIRE-E02734,E02734,Hire,2022-05-27,
EVT-HIRE-E02735,E02735,Hire,2020-01-16,
EVT-HIRE-E02736,E02736,Hire,2024-03-24,
EVT-HIRE-E02737,E02737,Hire,2022-05-26,
EVT-HIRE-E02738,E02738,Hire,2025-05-30,
EVT-EXIT-E02738,E02738,Exit,2025-07-20,Resigned
EVT-HIRE-E02739,E02739,Hire,2025-03-01,
EVT-EXIT-E02739,E02739,Exit,2025-05-09,Resigned
EVT-HIRE-E02740,E02740,Hire,2021-01-13,
EVT-HIRE-E02741,E02741,Hire,2020-12-21,
EVT-HIRE-E02742,E02742,Hire,2025-01-10,
EVT-EXIT-E02742,E02742,Exit,2025-05-31,Relocation
EVT-HIRE-E02743,E02743,Hire,2024-01-18,
EVT-HIRE-E02744,E02744,Hire,2025-05-18,
EVT-HIRE-E02745,E02745,Hire,2024-08-28,
EVT-HIRE-E02746,E02746,Hire,2020-10-18,
EVT-HIRE-E02747,E02747,Hire,2021-11-26,
EVT-HIRE-E02748,E02748,Hire,2024-08-28,
EVT-HIRE-E02749,E02749,Hire,2020-07-10,
EVT-EXIT-E02749,E02749,Exit,2020-10-15,Layoff
EVT-HIRE-E02750,E02750,Hire,2024-07-20,
EVT-HIRE-E02751,E02751,Hire,2024-12-13,
EVT-EXIT-E02751,E02751,Exit,2025-05-02,Relocation
EVT-HIRE-E02752,E02752,Hire,2023-06-01,
EVT-HIRE-E02753,E02753,Hire,2025-09-06,
EVT-EXIT-E02753,E02753,Exit,2025-11-27,Performance / Termination
EVT-HIRE-E02754,E02754,Hire,2022-08-02,
EVT-HIRE-E02755,E02755,Hire,2024-06-19,
EVT-HIRE-E02756,E02756,Hire,2020-06-16,
EVT-HIRE-E02757,E02757,Hire,2020-05-04,
EVT-EXIT-E02757,E02757,Exit,2020-08-10,Layoff
EVT-HIRE-E02758,E02758,Hire,2021-09-21,
EVT-HIRE-E02759,E02759,Hire,2022-04-04,
EVT-HIRE-E02760,E02760,Hire,2024-09-02,
EVT-HIRE-E02761,E02761,Hire,2022-04-18,
EVT-HIRE-E02762,E02762,Hire,2020-03-31,
EVT-HIRE-E02763,E02763,Hire,2024-01-21,
EVT-EXIT-E02763,E02763,Exit,2024-03-13,Retirement
EVT-HIRE-E02764,E02764,Hire,2020-06-28,
EVT-EXIT-E02764,E02764,Exit,2020-09-17,Resigned
EVT-HIRE-E02765,E02765,Hire,2021-02-01,
EVT-HIRE-E02766,E02766,Hire,2023-04-21,
EVT-EXIT-E02766,E02766,Exit,2023-07-23,Resigned
EVT-HIRE-E02767,E02767,Hire,2022-03-15,
EVT-HIRE-E02768,E02768,Hire,2025-03-22,
EVT-HIRE-E02769,E02769,Hire,2023-03-08,
EVT-HIRE-E02770,E02770,Hire,2021-12-18,
EVT-HIRE-E02771,E02771,Hire,2023-04-18,
EVT-HIRE-E02772,E02772,Hire,2025-05-16,
EVT-HIRE-E02773,E02773,Hire,2025-10-04,
EVT-HIRE-E02774,E02774,Hire,2022-01-20,
EVT-HIRE-E02775,E02775,Hire,2025-11-20,
EVT-EXIT-E02775,E02775,Exit,2025-12-05,Resigned
EVT-HIRE-E02776,E02776,Hire,2020-02-25,
EVT-EXIT-E02776,E02776,Exit,2020-05-05,Retirement
EVT-HIRE-E02777,E02777,Hire,2020-12-02,
EVT-HIRE-E02778,E02778,Hire,2020-03-04,
EVT-HIRE-E02779,E02779,Hire,2024-02-09,
EVT-HIRE-E02780,E02780,Hire,2025-08-06,
EVT-EXIT-E02780,E02780,Exit,2025-10-07,Resigned
EVT-HIRE-E02781,E02781,Hire,2022-10-06,
EVT-EXIT-E02781,E02781,Exit,2023-03-04,Retirement
EVT-HIRE-E02782,E02782,Hire,2023-07-18,
EVT-HIRE-E02783,E02783,Hire,2021-09-21,
EVT-EXIT-E02783,E02783,Exit,2021-12-22,Resigned
EVT-HIRE-E02784,E02784,Hire,2024-05-08,
EVT-HIRE-E02785,E02785,Hire,2023-04-16,
EVT-HIRE-E02786,E02786,Hire,2021-01-06,
EVT-HIRE-E02787,E02787,Hire,2024-07-24,
EVT-HIRE-E02788,E02788,Hire,2020-06-13,
EVT-HIRE-E02789,E02789,Hire,2025-10-07,
EVT-HIRE-E02790,E02790,Hire,2024-12-26,
EVT-HIRE-E02791,E02791,Hire,2025-05-31,
EVT-HIRE-E02792,E02792,Hire,2022-09-07,
EVT-HIRE-E02793,E02793,Hire,2023-08-18,
EVT-HIRE-E02794,E02794,Hire,2024-08-15,
EVT-HIRE-E02795,E02795,Hire,2022-03-10,
EVT-HIRE-E02796,E02796,Hire,2023-06-19,
EVT-HIRE-E02797,E02797,Hire,2022-01-16,
EVT-HIRE-E02798,E02798,Hire,2025-06-17,
EVT-HIRE-E02799,E02799,Hire,2025-06-19,
EVT-HIRE-E02800,E02800,Hire,2024-08-08,
EVT-HIRE-E02801,E02801,Hire,2021-01-13,
EVT-EXIT-E02801,E02801,Exit,2021-05-01,Resigned
EVT-HIRE-E02802,E02802,Hire,2021-08-16,
EVT-HIRE-E02803,E02803,Hire,2023-04-26,
EVT-HIRE-E02804,E02804,Hire,2024-01-13,
EVT-EXIT-E02804,E02804,Exit,2024-05-13,Performance / Termination
EVT-HIRE-E02805,E02805,Hire,2022-02-20,
EVT-HIRE-E02806,E02806,Hire,2020-04-05,
EVT-EXIT-E02806,E02806,Exit,2020-05-10,Resigned
EVT-HIRE-E02807,E02807,Hire,2024-05-27,
EVT-EXIT-E02807,E02807,Exit,2024-10-14,Resigned
EVT-HIRE-E02808,E02808,Hire,2023-08-06,
EVT-HIRE-E02809,E02809,Hire,2024-03-10,
EVT-HIRE-E02810,E02810,Hire,2021-04-16,
EVT-EXIT-E02810,E02810,Exit,2021-08-23,Resigned
EVT-HIRE-E02811,E02811,Hire,2024-07-16,
EVT-EXIT-E02811,E02811,Exit,2024-11-24,Resigned
EVT-HIRE-E02812,E02812,Hire,2024-06-14,
EVT-HIRE-E02813,E02813,Hire,2024-12-08,
EVT-EXIT-E02813,E02813,Exit,2025-03-28,Resigned
EVT-HIRE-E02814,E02814,Hire,2022-09-02,
EVT-HIRE-E02815,E02815,Hire,2025-01-23,
EVT-HIRE-E02816,E02816,Hire,2023-10-22,
EVT-HIRE-E02817,E02817,Hire,2025-02-05,
EVT-EXIT-E02817,E02817,Exit,2025-04-04,Resigned
EVT-HIRE-E02818,E02818,Hire,2020-07-17,
EVT-EXIT-E02818,E02818,Exit,2020-12-12,Resigned
EVT-HIRE-E02819,E02819,Hire,2021-09-25,
EVT-EXIT-E02819,E02819,Exit,2022-02-12,Retirement
EVT-HIRE-E02820,E02820,Hire,2025-08-27,
EVT-HIRE-E02821,E02821,Hire,2025-12-20,
EVT-HIRE-E02822,E02822,Hire,2025-11-29,
EVT-HIRE-E02823,E02823,Hire,2023-03-31,
EVT-HIRE-E02824,E02824,Hire,2025-10-17,
EVT-HIRE-E02825,E02825,Hire,2024-02-26,
EVT-HIRE-E02826,E02826,Hire,2024-11-17,
EVT-HIRE-E02827,E02827,Hire,2024-03-17,
EVT-HIRE-E02828,E02828,Hire,2020-07-31,
EVT-HIRE-E02829,E02829,Hire,2025-01-24,
EVT-EXIT-E02829,E02829,Exit,2025-04-15,Layoff
EVT-HIRE-E02830,E02830,Hire,2022-09-26,
EVT-HIRE-E02831,E02831,Hire,2021-07-16,
EVT-HIRE-E02832,E02832,Hire,2022-11-01,
EVT-HIRE-E02833,E02833,Hire,2022-07-30,
EVT-EXIT-E02833,E02833,Exit,2022-09-15,Resigned
EVT-HIRE-E02834,E02834,Hire,2024-07-11,
EVT-EXIT-E02834,E02834,Exit,2024-08-12,Resigned
EVT-HIRE-E02835,E02835,Hire,2024-01-10,
EVT-HIRE-E02836,E02836,Hire,2023-03-30,
EVT-HIRE-E02837,E02837,Hire,2020-06-26,
EVT-HIRE-E02838,E02838,Hire,2024-10-20,
EVT-HIRE-E02839,E02839,Hire,2023-09-19,
EVT-EXIT-E02839,E02839,Exit,2023-10-31,Layoff
EVT-HIRE-E02840,E02840,Hire,2020-12-13,
EVT-HIRE-E02841,E02841,Hire,2024-01-06,
EVT-HIRE-E02842,E02842,Hire,2024-06-30,
EVT-EXIT-E02842,E02842,Exit,2024-09-07,Resigned
EVT-HIRE-E02843,E02843,Hire,2023-05-19,
EVT-HIRE-E02844,E02844,Hire,2024-12-24,
EVT-HIRE-E02845,E02845,Hire,2023-04-06,
EVT-HIRE-E02846,E02846,Hire,2021-09-02,
EVT-EXIT-E02846,E02846,Exit,2021-12-25,Resigned
EVT-HIRE-E02847,E02847,Hire,2020-05-13,
EVT-EXIT-E02847,E02847,Exit,2020-08-28,Resigned
EVT-HIRE-E02848,E02848,Hire,2021-03-18,
EVT-HIRE-E02849,E02849,Hire,2021-08-08,
EVT-HIRE-E02850,E02850,Hire,2021-01-30,
EVT-HIRE-E02851,E02851,Hire,2024-08-21,
EVT-EXIT-E02851,E02851,Exit,2024-12-20,Resigned
EVT-HIRE-E02852,E02852,Hire,2021-10-28,
EVT-HIRE-E02853,E02853,Hire,2021-12-28,
EVT-HIRE-E02854,E02854,Hire,2024-06-17,
EVT-HIRE-E02855,E02855,Hire,2025-05-20,
EVT-HIRE-E02856,E02856,Hire,2023-02-15,
EVT-HIRE-E02857,E02857,Hire,2025-10-25,
EVT-HIRE-E02858,E02858,Hire,2024-08-13,
EVT-HIRE-E02859,E02859,Hire,2024-05-22,
EVT-EXIT-E02859,E02859,Exit,2024-08-04,Performance / Termination
EVT-HIRE-E02860,E02860,Hire,2025-08-07,
EVT-HIRE-E02861,E02861,Hire,2021-09-06,
EVT-EXIT-E02861,E02861,Exit,2021-12-29,Resigned
EVT-HIRE-E02862,E02862,Hire,2021-03-01,
EVT-EXIT-E02862,E02862,Exit,2021-06-18,Resigned
EVT-HIRE-E02863,E02863,Hire,2022-10-14,
EVT-HIRE-E02864,E02864,Hire,2024-12-11,
EVT-HIRE-E02865,E02865,Hire,2023-12-31,
EVT-HIRE-E02866,E02866,Hire,2022-02-28,
EVT-HIRE-E02867,E02867,Hire,2025-01-29,
EVT-HIRE-E02868,E02868,Hire,2021-04-11,
EVT-EXIT-E02868,E02868,Exit,2021-05-26,Relocation
EVT-HIRE-E02869,E02869,Hire,2025-03-14,
EVT-HIRE-E02870,E02870,Hire,2024-08-22,
EVT-HIRE-E02871,E02871,Hire,2025-12-11,
EVT-HIRE-E02872,E02872,Hire,2023-10-17,
EVT-HIRE-E02873,E02873,Hire,2025-04-11,
EVT-HIRE-E02874,E02874,Hire,2021-04-08,
EVT-HIRE-E02875,E02875,Hire,2023-03-25,
EVT-HIRE-E02876,E02876,Hire,2023-02-23,
EVT-EXIT-E02876,E02876,Exit,2023-06-13,Resigned
EVT-HIRE-E02877,E02877,Hire,2021-11-24,
EVT-HIRE-E02878,E02878,Hire,2022-07-24,
EVT-HIRE-E02879,E02879,Hire,2024-06-02,
EVT-HIRE-E02880,E02880,Hire,2022-03-08,
EVT-HIRE-E02881,E02881,Hire,2020-06-24,
EVT-HIRE-E02882,E02882,Hire,2021-01-22,
EVT-HIRE-E02883,E02883,Hire,2025-11-13,
EVT-HIRE-E02884,E02884,Hire,2023-09-19,
EVT-HIRE-E02885,E02885,Hire,2021-11-28,
EVT-HIRE-E02886,E02886,Hire,2021-06-09,
EVT-HIRE-E02887,E02887,Hire,2022-06-15,
EVT-HIRE-E02888,E02888,Hire,2025-11-25,
EVT-EXIT-E02888,E02888,Exit,2025-12-10,Resigned
EVT-HIRE-E02889,E02889,Hire,2023-10-26,
EVT-HIRE-E02890,E02890,Hire,2024-12-19,
EVT-HIRE-E02891,E02891,Hire,2021-04-07,
EVT-HIRE-E02892,E02892,Hire,2021-05-31,
EVT-HIRE-E02893,E02893,Hire,2024-01-07,
EVT-HIRE-E02894,E02894,Hire,2021-02-16,
EVT-HIRE-E02895,E02895,Hire,2024-08-14,
EVT-EXIT-E02895,E02895,Exit,2024-10-20,Relocation
EVT-HIRE-E02896,E02896,Hire,2025-02-13,
EVT-HIRE-E02897,E02897,Hire,2020-04-19,
EVT-HIRE-E02898,E02898,Hire,2025-01-18,
EVT-EXIT-E02898,E02898,Exit,2025-03-10,Resigned
EVT-HIRE-E02899,E02899,Hire,2020-09-30,
EVT-HIRE-E02900,E02900,Hire,2024-05-16,
EVT-HIRE-E02901,E02901,Hire,2022-04-26,
EVT-HIRE-E02902,E02902,Hire,2023-12-09,
EVT-HIRE-E02903,E02903,Hire,2022-07-05,
EVT-HIRE-E02904,E02904,Hire,2023-11-14,
EVT-EXIT-E02904,E02904,Exit,2024-02-16,Relocation
EVT-HIRE-E02905,E02905,Hire,2020-11-18,
EVT-HIRE-E02906,E02906,Hire,2025-03-26,
EVT-HIRE-E02907,E02907,Hire,2022-09-02,
EVT-EXIT-E02907,E02907,Exit,2022-10-24,Retirement
EVT-HIRE-E02908,E02908,Hire,2025-06-25,
EVT-HIRE-E02909,E02909,Hire,2025-03-29,
EVT-HIRE-E02910,E02910,Hire,2023-05-25,
EVT-HIRE-E02911,E02911,Hire,2021-03-31,
EVT-HIRE-E02912,E02912,Hire,2024-05-17,
EVT-HIRE-E02913,E02913,Hire,2025-12-17,
EVT-HIRE-E02914,E02914,Hire,2023-07-24,
EVT-HIRE-E02915,E02915,Hire,2023-09-14,
EVT-HIRE-E02916,E02916,Hire,2020-04-18,
EVT-EXIT-E02916,E02916,Exit,2020-06-22,Layoff
EVT-HIRE-E02917,E02917,Hire,2020-04-28,
EVT-HIRE-E02918,E02918,Hire,2025-06-10,
EVT-HIRE-E02919,E02919,Hire,2020-01-18,
EVT-HIRE-E02920,E02920,Hire,2022-02-11,
EVT-HIRE-E02921,E02921,Hire,2021-03-02,
EVT-HIRE-E02922,E02922,Hire,2022-12-16,
EVT-EXIT-E02922,E02922,Exit,2023-05-02,Retirement
EVT-HIRE-E02923,E02923,Hire,2024-12-01,
EVT-HIRE-E02924,E02924,Hire,2021-12-09,
EVT-HIRE-E02925,E02925,Hire,2023-01-07,
EVT-HIRE-E02926,E02926,Hire,2020-12-27,
EVT-HIRE-E02927,E02927,Hire,2022-02-19,
EVT-HIRE-E02928,E02928,Hire,2021-02-04,
EVT-HIRE-E02929,E02929,Hire,2020-10-29,
EVT-HIRE-E02930,E02930,Hire,2023-12-01,
EVT-EXIT-E02930,E02930,Exit,2024-03-11,Retirement
EVT-HIRE-E02931,E02931,Hire,2023-10-06,
EVT-HIRE-E02932,E02932,Hire,2020-10-04,
EVT-HIRE-E02933,E02933,Hire,2023-02-01,
EVT-HIRE-E02934,E02934,Hire,2023-06-04,
EVT-HIRE-E02935,E02935,Hire,2022-10-03,
EVT-EXIT-E02935,E02935,Exit,2023-02-10,Retirement
EVT-HIRE-E02936,E02936,Hire,2025-07-10,
EVT-HIRE-E02937,E02937,Hire,2023-08-11,
EVT-HIRE-E02938,E02938,Hire,2025-08-08,
EVT-HIRE-E02939,E02939,Hire,2024-12-09,
EVT-HIRE-E02940,E02940,Hire,2020-08-22,
EVT-HIRE-E02941,E02941,Hire,2020-01-25,
EVT-HIRE-E02942,E02942,Hire,2020-03-13,
EVT-HIRE-E02943,E02943,Hire,2022-08-29,
EVT-HIRE-E02944,E02944,Hire,2024-09-24,
EVT-HIRE-E02945,E02945,Hire,2020-01-29,
EVT-EXIT-E02945,E02945,Exit,2020-05-01,Resigned
EVT-HIRE-E02946,E02946,Hire,2021-08-14,
EVT-HIRE-E02947,E02947,Hire,2021-02-27,
EVT-EXIT-E02947,E02947,Exit,2021-07-13,Layoff
EVT-HIRE-E02948,E02948,Hire,2025-08-06,
EVT-HIRE-E02949,E02949,Hire,2024-06-30,
EVT-HIRE-E02950,E02950,Hire,2020-03-23,
EVT-HIRE-E02951,E02951,Hire,2025-09-23,
EVT-EXIT-E02951,E02951,Exit,2025-12-30,Relocation
EVT-HIRE-E02952,E02952,Hire,2020-04-20,
EVT-EXIT-E02952,E02952,Exit,2020-06-29,Retirement
EVT-HIRE-E02953,E02953,Hire,2024-05-11,
EVT-HIRE-E02954,E02954,Hire,2022-10-28,
EVT-HIRE-E02955,E02955,Hire,2022-01-01,
EVT-EXIT-E02955,E02955,Exit,2022-04-02,Retirement
EVT-HIRE-E02956,E02956,Hire,2020-02-10,
EVT-HIRE-E02957,E02957,Hire,2021-05-17,
EVT-HIRE-E02958,E02958,Hire,2021-03-17,
EVT-HIRE-E02959,E02959,Hire,2024-06-03,
EVT-HIRE-E02960,E02960,Hire,2025-08-31,
EVT-EXIT-E02960,E02960,Exit,2025-11-05,Performance / Termination
EVT-HIRE-E02961,E02961,Hire,2025-04-14,
EVT-HIRE-E02962,E02962,Hire,2020-02-23,
EVT-HIRE-E02963,E02963,Hire,2023-03-31,
EVT-HIRE-E02964,E02964,Hire,2023-04-04,
EVT-HIRE-E02965,E02965,Hire,2020-07-20,
EVT-HIRE-E02966,E02966,Hire,2022-05-12,
EVT-EXIT-E02966,E02966,Exit,2022-06-19,Performance / Termination
EVT-HIRE-E02967,E02967,Hire,2023-01-17,
EVT-HIRE-E02968,E02968,Hire,2020-09-27,
EVT-HIRE-E02969,E02969,Hire,2021-12-28,
EVT-HIRE-E02970,E02970,Hire,2022-11-24,
EVT-EXIT-E02970,E02970,Exit,2023-02-04,Relocation
EVT-HIRE-E02971,E02971,Hire,2025-04-29,
EVT-HIRE-E02972,E02972,Hire,2020-07-25,
EVT-HIRE-E02973,E02973,Hire,2024-11-02,
EVT-EXIT-E02973,E02973,Exit,2024-12-15,Resigned
EVT-HIRE-E02974,E02974,Hire,2021-03-25,
EVT-HIRE-E02975,E02975,Hire,2021-11-09,
EVT-EXIT-E02975,E02975,Exit,2022-02-01,Resigned
EVT-HIRE-E02976,E02976,Hire,2021-01-10,
EVT-HIRE-E02977,E02977,Hire,2022-07-12,
EVT-HIRE-E02978,E02978,Hire,2025-11-11,
EVT-EXIT-E02978,E02978,Exit,2025-11-26,Retirement
EVT-HIRE-E02979,E02979,Hire,2025-03-30,
EVT-HIRE-E02980,E02980,Hire,2021-12-06,
EVT-HIRE-E02981,E02981,Hire,2023-02-20,
EVT-HIRE-E02982,E02982,Hire,2024-12-05,
EVT-EXIT-E02982,E02982,Exit,2025-02-18,Layoff
EVT-HIRE-E02983,E02983,Hire,2021-08-15,
EVT-HIRE-E02984,E02984,Hire,2025-01-29,
EVT-HIRE-E02985,E02985,Hire,2020-08-16,
EVT-HIRE-E02986,E02986,Hire,2022-11-26,
EVT-HIRE-E02987,E02987,Hire,2025-08-05,
EVT-HIRE-E02988,E02988,Hire,2025-09-11,
EVT-EXIT-E02988,E02988,Exit,2025-12-30,Resigned
EVT-HIRE-E02989,E02989,Hire,2025-04-15,
EVT-EXIT-E02989,E02989,Exit,2025-08-10,Resigned
EVT-HIRE-E02990,E02990,Hire,2023-11-12,
EVT-HIRE-E02991,E02991,Hire,2025-04-12,
EVT-EXIT-E02991,E02991,Exit,2025-09-03,Resigned
EVT-HIRE-E02992,E02992,Hire,2022-04-09,
EVT-HIRE-E02993,E02993,Hire,2022-03-28,
EVT-HIRE-E02994,E02994,Hire,2020-01-24,
EVT-HIRE-E02995,E02995,Hire,2022-02-16,
EVT-HIRE-E02996,E02996,Hire,2021-03-24,
EVT-HIRE-E02997,E02997,Hire,2023-04-30,
EVT-HIRE-E02998,E02998,Hire,2020-07-19,
EVT-HIRE-E02999,E02999,Hire,2024-10-15,
EVT-HIRE-E03000,E03000,Hire,2023-07-25,
