EmployeeID,Gender,Age,MaritalStatus,Education,Department,JobRole,JobLevel,OfficeLocation,EmploymentType,HireDate,ExitDate,IsActive,ExitReason,SalaryAnnual,BonusPct,PerformanceRating,SatisfactionScore,TenureMonths,AbsenteeDays
E02861,Male,35,Married,Master,Finance,Credit Analyst,2,Bengaluru,Full-Time,2021-09-06,2021-12-29,False,Resigned,74500,10,2,6,3,9
E02721,Female,38,Single,Bachelor,IT,Data Analyst,3,Mumbai,Full-Time,2022-05-07,2022-09-29,False,Resigned,138000,5,3,8,4,0
E01877,Male,26,Married,High School,Finance,Credit Analyst,1,Hyderabad,Full-Time,2021-06-10,,True,,78000,10,3,9,55,3
E01954,Male,28,Married,High School,Human Resources,Recruiter,3,Bengaluru,Full-Time,2025-06-06,,True,,90000,10,5,5,6,5
E00129,Female,34,Married,PhD,Sales,Business Development,1,Mumbai,Full-Time,2024-03-01,2024-04-29,False,Layoff,73000,0,4,4,1,11
E00138,Male,32,Married,Master,Sales,Sales Executive,3,Delhi,Full-Time,2021-07-18,,True,,102500,0,5,1,54,13
E02149,male,30,Single,Bachelor,IT,Software Engineer,3,Bengaluru,Full-Time,2021-11-19,,True,,107000,0,5,6,50,9
E02093,Male,42,Married,PhD,Sales,Account Executive,5,Mumbai,Full-Time,2021-03-15,,True,,109000,0,3,2,58,11
E01810,Male,28,Married,Diploma,Finance,Financial Analyst,3,Mumbai,Full-Time,2023-02-07,,True,,85000,0,3,6,35,8
E02706,Female,42,Married,PhD,Operations,Operations Analyst,6,Remote,Full-Time,2020-12-25,,True,,122000,15,3,5,61,3
E02698,Female,27,Married,Master,IT,IT Support,1,Delhi,Full-Time,2025-12-10,,True,,108500,0,4,7,1,2
E01469,Male,31,Married,Diploma,Marketing,Content Writer,3,Delhi,Full-Time,2021-03-09,,True,,91000,15,3,3,58,8
E01727,Male,34,Married,Diploma,Human Resources,HR Analyst,3,Bengaluru,Full-Time,2025-08-07,2025-09-28,False,Retirement,83500,0,5,8,1,4
E00711,Male,34,Single,PhD,Operations,Quality Analyst,2,Hyderabad,Full-Time,2024-02-05,,True,,88000,5,3,4,23,0
E02942,Male,26,Single,PhD,Marketing,Content Writer,1,Chennai,Full-Time,2020-03-13,,True,,66000,0,5,4,70,5
E01887,Female,36,Divorced,High School,Research & Development,Research Scientist,4,Remote,Full-Time,2021-02-10,,True,,230500,0,3,8,59,17
E01441,Male,34,Single,High School,Marketing,Content Writer,4,Remote,Full-Time,2025-01-13,2025-03-22,False,Resigned,118500,0,2,2,2,2
E02533,Male,36,Married,High School,Finance,Credit Analyst,6,Hyderabad,Full-Time,2024-09-01,,True,,140000,10,3,6,16,1
E02649,Female,27,Married,PhD,Customer Support,Escalation Specialist,2,Mumbai,Full-Time,2025-06-29,2025-10-13,False,Retirement,50000,0,2,8,3,8
E00789,Male,28,Married,Bachelor,Customer Support,Support Agent,1,Bengaluru,Part-Time,2020-11-22,,True,,46000,0,3,6,62,0
E02693,Male,29,Single,PhD,Research & Development,Research Scientist,4,Chennai,Full-Time,2022-01-18,,True,,192500,0,3,8,48,4
E02594,Female,29,Married,Master,IT,DevOps Engineer,2,Mumbai,Full-Time,2025-11-09,,True,,148000,10,4,6,1,0
E00888,Female,26,Married,PhD,Customer Support,Escalation Specialist,2,Bengaluru,Part-Time,2024-10-24,2024-12-18,False,Resigned,61500,5,5,5,1,9
E00593,Female,32,Married,PhD,Finance,Accountant,1,Bengaluru,Full-Time,2024-06-09,,True,,81500,15,4,6,19,9
E01107,male,30,Married,Diploma,IT,IT Support,1,Bengaluru,Full-Time,2025-05-20,,True,,96500,0,4,8,7,8
E01361,male,30,Married,Bachelor,IT,DevOps Engineer,1,Remote,Full-Time,2023-02-03,,True,,92500,10,4,4,35,2
E02576,Male,45,Married,PhD,Customer Support,Support Lead,7,Mumbai,Full-Time,2023-02-12,2023-06-30,False,Resigned,108500,0,5,6,4,0
E00606,Male,36,Married,Diploma,IT,Data Analyst,5,Delhi,Full-Time,2020-04-03,,True,,180000,10,4,4,69,8
E00464,female,35,Married,Bachelor,Finance,Financial Analyst,2,Hyderabad,Full-Time,2025-03-07,2025-06-12,False,Layoff,95000,20,5,4,3,7
E01683,Female,24,Married,High School,Operations,Quality Analyst,1,Delhi,Full-Time,2022-11-30,,True,,73500,10,4,4,37,6
E00403,Male,27,Single,Bachelor,Customer Support,Escalation Specialist,2,Chennai,Full-Time,2020-01-02,2020-03-31,False,Resigned,81000,5,3,7,2,0
E01313,Female,28,Married,High School,Finance,Credit Analyst,1,Bengaluru,Full-Time,2020-07-28,,True,,91500,0,4,6,66,7
E02754,Female,35,Single,Diploma,IT,Data Analyst,3,Hyderabad,Part-Time,2022-08-02,,True,,177000,0,5,5,41,2
E02887,Male,28,Married,High School,Research & Development,Product Engineer,3,Delhi,Full-Time,2022-06-15,,True,,184500,5,4,5,43,6
E01898,Female,39,Single,High School,Operations,Logistics Coordinator,4,Bengaluru,Full-Time,2023-11-21,,True,,103500,15,3,5,25,9
E00058,male,26,Married,PhD,Finance,Credit Analyst,1,Chennai,Full-Time,2023-04-08,,True,,67500,10,1,6,33,4
E01466,Female,28,Married,High School,Marketing,Marketing Analyst,1,Remote,Full-Time,2025-03-25,,True,,83500,0,4,5,9,0
E02415,Female,32,Divorced,Diploma,Sales,Business Development,2,Hyderabad,Full-Time,2023-08-17,2023-11-30,False,Retirement,122500,5,4,6,3,8
E00167,Male,37,Single,High School,Marketing,SEO Specialist,4,Hyderabad,Contract,2023-11-23,2024-04-13,False,Resigned,127000,5,3,7,4,12
E01489,Male,33,Single,Bachelor,IT,Software Engineer,1,Delhi,Full-Time,2024-06-30,,True,,90000,0,2,10,18,13
E00105,Female,33,Married,PhD,Operations,Logistics Coordinator,2,Mumbai,Full-Time,2024-07-07,,True,,104000,0,5,8,18,8
E02239,Female,29,Married,Bachelor,Operations,Operations Analyst,1,Delhi,Full-Time,2024-04-18,,True,,59000,15,2,3,20,5
E00509,Female,36,Single,Bachelor,Research & Development,Research Scientist,6,Mumbai,Full-Time,2025-11-09,2025-11-24,False,Resigned,228500,5,4,7,1,5
E01992,Female,27,Married,PhD,Research & Development,Research Scientist,1,Bengaluru,Full-Time,2024-12-22,2025-02-15,False,Resigned,161500,0,4,1,1,5
E01381,Male,31,Married,PhD,Operations,Operations Analyst,1,Hyderabad,Full-Time,2025-02-11,2025-07-04,False,Resigned,81500,5,3,3,4,1
E02298,Female,34,Single,Diploma,Human Resources,Recruiter,2,Delhi,Full-Time,2023-09-16,,True,,109000,15,3,8,27,12
E00930,Female,31,Single,Master,Sales,Sales Executive,1,Hyderabad,Full-Time,2024-07-25,,True,,64500,15,4,6,17,6
E01544,Male,23,Married,High School,Operations,Quality Analyst,1,Remote,Full-Time,2022-09-26,,True,,95000,0,3,8,39,7
E01657,Male,30,Married,PhD,Human Resources,HR Generalist,2,Delhi,Full-Time,2025-04-17,,True,,100500,0,5,4,8,7
E00892,Female,32,Married,Diploma,Human Resources,HR Analyst,2,Mumbai,Full-Time,2025-03-09,2025-06-09,False,Resigned,79000,20,4,7,3,16
E00755,Male,36,Divorced,Master,IT,Data Analyst,2,Remote,Full-Time,2025-03-04,,True,,99000,10,3,6,10,8
E02890,Female,34,Married,Diploma,Customer Support,Escalation Specialist,5,Delhi,Full-Time,2024-12-19,,True,,109500,5,4,4,12,16
E00373,Female,30,Married,Diploma,Human Resources,Recruiter,1,Mumbai,Full-Time,2020-09-28,,True,,71500,20,5,8,64,15
E01588,Female,37,Married,Master,Sales,Sales Executive,4,Mumbai,Contract,2022-01-31,2022-03-17,False,Resigned,140000,20,4,3,1,3
E01664,Male,30,Married,High School,Finance,Financial Analyst,2,Hyderabad,Part-Time,2023-01-27,,True,,84500,0,4,6,35,8
E00391,Female,34,Married,Bachelor,Marketing,SEO Specialist,3,Hyderabad,Full-Time,2023-06-05,,True,,103000,10,3,4,31,12
E01734,Male,31,Married,Bachelor,Finance,Accountant,2,Mumbai,Full-Time,2023-07-07,,True,,129000,0,5,7,30,7
E01067,Male,27,Married,PhD,Sales,Business Development,2,Bengaluru,Full-Time,2024-04-12,,True,,108000,5,4,5,20,0
E02130,Male,39,Married,Diploma,Operations,Operations Analyst,4,Mumbai,Full-Time,2022-11-05,,True,,109000,0,4,5,38,17
E00113,Female,29,Single,High School,Finance,Credit Analyst,4,Mumbai,Full-Time,2024-01-22,,True,,145500,15,3,8,23,0
E00989,Male,37,Single,High School,Marketing,Content Writer,5,Mumbai,Contract,2025-11-23,,True,,100000,10,4,5,1,0
E00671,female,35,Married,High School,Customer Support,Escalation Specialist,3,Bengaluru,Contract,2023-05-26,,True,,66500,0,4,4,31,0
E01591,Male,26,Single,High School,Sales,Account Executive,2,Mumbai,Part-Time,2023-02-17,,True,,107000,0,3,6,34,2
E02793,Male,34,Single,High School,Research & Development,Research Scientist,2,Mumbai,Full-Time,2023-08-18,,True,,182000,0,4,6,28,6
E01121,male,33,Single,High School,Research & Development,Product Engineer,4,Mumbai,Full-Time,2022-05-10,2022-07-22,False,Performance / Termination,183500,0,3,5,2,6
E02355,Male,42,Married,Master,Sales,Business Development,5,Remote,Full-Time,2025-07-04,,True,,136000,20,4,7,6,4
E02170,male,39,Single,Master,Operations,Operations Analyst,6,Remote,Full-Time,2022-01-27,2022-03-20,False,Performance / Termination,152500,0,1,7,1,12
E00857,Female,38,Single,PhD,Human Resources,Recruiter,3,Remote,Full-Time,2020-06-21,,True,,88500,5,4,6,67,4
E01047,Male,33,Married,Master,Customer Support,Escalation Specialist,2,Mumbai,Full-Time,2025-02-14,2025-07-09,False,Resigned,80000,0,3,5,4,10
E02986,Female,38,Married,High School,Finance,Credit Analyst,3,Remote,Full-Time,2022-11-26,,True,,124000,10,5,4,37,9
E02011,Male,29,Married,Master,Research & Development,Product Engineer,3,Delhi,Full-Time,2022-07-10,,True,,138000,5,1,8,42,9
E01048,Female,31,Single,Bachelor,Customer Support,Support Agent,1,Bengaluru,Full-Time,2020-11-02,,True,,65000,0,4,6,62,0
E00932,Female,29,Single,High School,IT,Data Analyst,1,Delhi,Full-Time,2022-09-16,2023-01-18,False,Resigned,147500,0,3,9,4,11
E00634,Male,28,Married,Diploma,Sales,Account Executive,2,Delhi,Full-Time,2020-04-14,,True,,98500,10,3,6,69,2
E00582,Male,38,Divorced,Master,Research & Development,Research Scientist,5,Delhi,Full-Time,2024-05-13,,True,,238500,0,5,6,19,9
E02414,Male,41,Single,Master,Finance,Credit Analyst,5,Hyderabad,Full-Time,2023-12-24,,True,,153000,10,2,7,24,3
E00290,Female,31,Married,High School,Finance,Financial Analyst,4,Hyderabad,Full-Time,2023-10-23,,True,,149500,0,2,7,26,6
E00971,Female,39,Single,High School,Sales,Business Development,4,Remote,Full-Time,2021-11-11,,True,,91000,0,4,6,50,13
E01555,Female,33,Married,Diploma,Human Resources,HR Analyst,3,Hyderabad,Full-Time,2025-12-15,,True,,93500,0,5,9,1,2
E01938,Male,37,Married,High School,Operations,Logistics Coordinator,4,Bengaluru,Full-Time,2024-11-20,,True,,127000,5,5,6,13,0
E01097,Male,30,Married,Master,IT,DevOps Engineer,1,Bengaluru,Full-Time,2021-06-13,,True,,147500,0,5,2,55,0
E02181,Female,35,Married,PhD,Sales,Sales Executive,3,Remote,Full-Time,2023-02-21,,True,,109500,0,4,6,34,20
E01702,Male,37,Married,PhD,,Content Writer,3,Hyderabad,Full-Time,2022-01-13,,True,,71000,20,3,6,48,4
E00690,Female,29,Married,Diploma,Operations,Quality Analyst,2,Remote,Full-Time,2020-01-16,,True,,110000,5,2,7,72,0
E02904,Female,30,Married,Master,Research & Development,Research Scientist,3,Hyderabad,Full-Time,2023-11-14,2024-02-16,False,Relocation,122000,0,4,2,3,0
E01828,Female,30,Married,Master,Human Resources,Recruiter,4,Remote,Full-Time,2024-09-28,,True,,104500,0,3,6,15,0
E00709,Female,34,Single,Diploma,Operations,Logistics Coordinator,3,Hyderabad,Full-Time,2023-12-14,,True,,81500,0,5,6,24,7
E02232,Male,31,Married,High School,IT,IT Support,5,Mumbai,Full-Time,2024-06-20,,True,,172000,0,3,4,18,0
E01610,Male,31,Married,Master,Finance,Financial Analyst,4,Mumbai,Full-Time,2021-12-08,,True,,104500,5,5,6,49,6
E00467,Male,30,Married,Bachelor,IT,IT Support,4,Bengaluru,Full-Time,2022-03-27,,True,,159000,5,4,7,45,13
E02014,Male,38,Married,Master,IT,DevOps Engineer,3,Remote,Full-Time,2025-05-08,,True,,124000,5,5,6,7,9
E01835,Male,35,Single,High School,Marketing,SEO Specialist,4,Bengaluru,Full-Time,2022-10-23,,True,,95500,15,5,5,38,4
E02830,Female,40,Married,Master,IT,Data Analyst,7,Bengaluru,Full-Time,2022-09-26,,True,,208000,20,5,3,39,0
E01668,Male,40,Married,Bachelor,Human Resources,Recruiter,6,Mumbai,Full-Time,2021-07-14,,True,,164500,10,4,10,54,13
E01586,Female,37,Married,High School,Sales,Sales Executive,3,Delhi,Full-Time,2024-02-10,,True,,112000,5,4,4,23,1
E01470,Male,25,Single,PhD,Customer Support,Support Agent,2,Mumbai,Full-Time,2021-04-17,2021-09-05,False,Resigned,60500,0,3,7,4,7
E00323,Male,31,Married,Master,Marketing,Content Writer,1,Delhi,Part-Time,2021-10-30,,True,,89500,0,5,5,50,22
E02033,Male,34,Divorced,Master,Customer Support,Escalation Specialist,3,Chennai,Full-Time,2022-05-04,,True,,74000,0,3,7,44,2
E00670,Female,35,Married,Master,Operations,Logistics Coordinator,4,Hyderabad,Full-Time,2023-12-08,,True,,113500,15,5,3,25,3
E02467,Male,38,Single,Bachelor,Operations,Operations Analyst,4,Remote,Contract,2023-12-02,2024-04-18,False,Resigned,128500,10,4,8,4,7
E01741,Male,38,Married,Master,Customer Support,Support Lead,5,Remote,Full-Time,2020-04-09,,True,,103500,15,3,10,69,6
E02156,Female,33,Married,Diploma,Sales,Business Development,2,Chennai,Full-Time,2022-05-30,2022-07-26,False,Retirement,92500,10,5,4,1,2
E01504,Female,40,Married,Master,Operations,Logistics Coordinator,5,Bengaluru,Full-Time,2022-11-17,,True,,116500,0,5,8,38,5
E02192,Female,38,Divorced,Diploma,Customer Support,Escalation Specialist,3,Hyderabad,Full-Time,2021-07-23,2021-09-13,False,Resigned,81000,5,3,5,1,5
E00076,Female,29,Married,PhD,Marketing,Content Writer,2,Mumbai,Full-Time,2022-10-28,,True,,74000,5,3,9,38,2
E00836,Male,29,Married,High School,Marketing,Marketing Analyst,2,Remote,Full-Time,2020-11-16,,True,,80000,0,5,8,62,3
E01380,Female,38,Married,PhD,Research & Development,Data Scientist,3,Bengaluru,Full-Time,2021-01-20,,True,,193500,5,4,7,60,2
E01170,Female,27,Married,PhD,IT,Software Engineer,3,Chennai,Full-Time,2024-09-04,,True,,152500,10,3,5,16,9
E00123,Female,29,Single,High School,Sales,Sales Executive,3,Delhi,Full-Time,2020-07-01,,True,,102000,0,5,8,66,7
E00102,Male,41,Married,High School,IT,IT Support,7,Chennai,Part-Time,2024-05-16,,True,,185500,0,4,5,19,10
E02558,Male,31,Married,Diploma,Sales,Account Executive,3,Mumbai,Full-Time,2020-01-23,,True,,90500,10,3,4,72,2
E01920,Male,38,Married,Master,Finance,Accountant,3,Delhi,Full-Time,2022-03-12,,True,,112000,15,3,5,46,4
E01758,Female,34,Married,Master,IT,IT Support,3,Bengaluru,Full-Time,2022-05-30,,True,,128500,5,3,4,43,10
E01299,Female,34,Married,High School,Operations,Quality Analyst,4,Remote,Full-Time,2021-07-18,,True,,141000,0,5,10,54,0
E00685,Male,32,Married,Bachelor,Finance,Accountant,1,Chennai,Full-Time,2020-03-17,,True,,105000,5,4,6,70,5
E02214,Female,35,Married,Diploma,Finance,Credit Analyst,2,Chennai,Full-Time,2021-03-11,,True,,104000,15,3,5,58,5
E02459,Female,30,Married,PhD,Research & Development,Product Engineer,3,Hyderabad,Full-Time,2024-10-23,,True,,209000,0,5,9,14,1
E00718,Female,28,Single,Diploma,Marketing,Marketing Analyst,2,Hyderabad,Full-Time,2022-07-30,,True,,99500,0,3,4,41,6
E02007,Female,35,Divorced,Diploma,Operations,Operations Analyst,2,Mumbai,Full-Time,2022-02-07,,True,,94500,5,3,4,47,11
E00150,Male,30,Single,PhD,Human Resources,Recruiter,1,Mumbai,Full-Time,2025-12-14,,True,,66500,0,5,5,1,16
E02753,Male,28,Single,Diploma,Operations,Logistics Coordinator,1,Bengaluru,Full-Time,2025-09-06,2025-11-27,False,Performance / Termination,89000,0,4,6,2,8
E00465,Male,36,Single,PhD,Sales,Account Executive,3,Bengaluru,Full-Time,2023-03-27,,True,,81000,10,3,7,33,0
E01301,Female,27,Single,High School,IT,Data Analyst,1,Remote,Full-Time,2021-09-05,2021-12-03,False,Resigned,92000,0,3,9,2,5
E01233,Male,37,Married,Bachelor,Human Resources,HR Analyst,3,Delhi,Full-Time,2023-10-10,,True,,105000,0,4,7,27,6
E02992,Male,28,Married,PhD,IT,DevOps Engineer,3,Chennai,Full-Time,2022-04-09,,True,,165000,0,2,8,45,7
E01010,Female,32,Single,Master,Sales,Account Executive,2,Mumbai,Full-Time,2025-11-26,2025-12-11,False,Resigned,80500,5,3,6,1,11
E01383,Male,33,Single,Diploma,Finance,Accountant,5,Chennai,Full-Time,2023-12-21,,True,,135000,0,2,5,24,6
E02997,Male,43,Married,Diploma,Sales,Sales Executive,6,Delhi,Full-Time,2023-04-30,,True,,184500,10,5,8,32,0
E00988,Female,30,Married,Bachelor,Finance,Credit Analyst,2,Delhi,Full-Time,2021-03-26,,True,,110500,10,5,6,58,0
E01071,Female,26,Single,Master,Customer Support,Support Agent,2,Hyderabad,Full-Time,2021-11-27,,True,,58000,10,5,6,49,0
E02291,female,35,Single,Master,Customer Support,Support Lead,2,Delhi,Full-Time,2024-08-31,,True,,83500,10,4,4,16,20
E02048,Male,35,Married,Master,Research & Development,Product Engineer,7,Mumbai,Full-Time,2022-08-29,,True,,303000,10,3,6,40,5
E02396,Female,30,Single,PhD,Sales,Account Executive,3,Delhi,Full-Time,2024-05-19,,True,,80000,5,3,2,19,10
E02560,Female,31,Divorced,High School,Customer Support,Support Lead,4,Chennai,Full-Time,2024-10-09,2024-12-13,False,Resigned,91500,0,2,8,2,7
E01597,Male,38,Married,Diploma,Customer Support,Support Lead,6,Chennai,Part-Time,2025-08-06,2025-09-15,False,Retirement,108000,0,3,7,1,12
E02950,Female,29,Married,Diploma,Research & Development,Research Scientist,4,Remote,Full-Time,2020-03-23,,True,,186500,15,3,7,70,0
E01917,Male,27,Married,High School,Operations,Operations Analyst,2,Bengaluru,Full-Time,2021-05-11,,True,,80000,0,5,6,56,2
E01603,Female,25,Married,Bachelor,Operations,Logistics Coordinator,2,Hyderabad,Part-Time,2021-09-07,,True,,98500,5,2,6,52,4
E01720,Male,34,Single,Bachelor,Finance,Financial Analyst,4,Remote,Full-Time,2024-06-15,,True,,151500,20,3,9,18,9
E01199,Male,33,Married,High School,Human Resources,Recruiter,3,Delhi,Full-Time,2024-04-14,,True,,106000,5,3,5,20,7
E02337,Male,24,Married,PhD,Operations,Quality Analyst,1,Remote,Full-Time,2021-04-09,,True,,66500,0,4,8,57,0
E02330,Female,37,Single,High School,Operations,Logistics Coordinator,5,Delhi,Part-Time,2021-05-05,2021-08-19,False,Retirement,136500,5,3,5,3,5
E00137,Female,36,Married,Bachelor,IT,DevOps Engineer,2,Hyderabad,Full-Time,2021-08-01,,True,,97500,0,4,5,53,10
E01679,Male,27,Single,Diploma,Operations,Quality Analyst,3,Hyderabad,Full-Time,2021-03-05,2021-06-26,False,Layoff,83000,10,4,5,3,9
E01515,Female,31,Single,Bachelor,Marketing,Content Writer,5,Bengaluru,Full-Time,2022-07-21,,True,,86500,0,5,5,41,8
E00858,Male,26,Married,Bachelor,Human Resources,HR Generalist,2,Bengaluru,Full-Time,2020-01-09,,True,,,5,4,7,72,3
E02939,Male,31,Married,PhD,Finance,Credit Analyst,5,Mumbai,Part-Time,2024-12-09,,True,,142000,5,4,6,12,11
E00312,Male,42,Single,PhD,Operations,Operations Analyst,6,Mumbai,Full-Time,2021-12-19,,True,,114500,5,3,6,49,6
E01216,Female,31,Married,Master,IT,Data Analyst,1,Mumbai,Full-Time,2025-12-15,,True,,84500,0,4,6,1,7
E02614,Male,33,Single,Master,Customer Support,Support Lead,3,Remote,Full-Time,2022-11-11,,True,,82000,5,3,7,38,6
E00636,Male,29,Married,Diploma,Operations,Logistics Coordinator,4,Remote,Full-Time,2020-10-21,,True,,108500,0,4,6,63,8
E00491,Male,30,Married,Bachelor,Sales,Account Executive,2,Chennai,Full-Time,2023-05-02,,True,,92000,10,4,5,32,2
E01656,Female,30,Married,Diploma,Customer Support,Support Agent,2,Bengaluru,Full-Time,2024-06-27,,True,,64000,10,2,4,18,9
E01177,male,250,Single,Diploma,Marketing,SEO Specialist,2,Bengaluru,Full-Time,2025-04-28,,True,,103500,10,3,2,8,2
E02713,Female,28,Married,PhD,Sales,Account Executive,1,Delhi,Full-Time,2021-05-12,,True,,70500,0,3,6,56,0
E01432,Female,24,Married,Master,Research & Development,Product Engineer,1,Hyderabad,Full-Time,2024-12-19,,True,,122500,0,3,6,12,6
E00745,Female,46,Single,Diploma,Operations,Operations Analyst,7,Chennai,Full-Time,2022-03-17,,True,,120000,10,4,7,46,8
E01344,Male,35,Married,Diploma,Research & Development,Product Engineer,2,Mumbai,Full-Time,2023-06-11,2023-09-28,False,Resigned,171000,5,4,6,3,3
E00803,Female,37,Married,High School,Operations,Logistics Coordinator,4,Remote,Full-Time,2021-05-10,,True,,117500,20,2,6,56,3
E02449,Female,28,Married,Diploma,Operations,Operations Analyst,2,Chennai,Full-Time,2021-11-29,2022-02-18,False,Resigned,83500,0,3,9,2,3
E01187,Male,34,Married,Bachelor,Sales,Sales Executive,4,Mumbai,Full-Time,2025-01-04,2025-04-23,False,Resigned,114000,10,4,8,3,7
E02921,Female,33,Divorced,Bachelor,IT,IT Support,3,Remote,Full-Time,2021-03-02,,True,,183500,5,3,8,58,2
E00307,Female,27,Divorced,PhD,Marketing,Content Writer,3,Mumbai,Full-Time,2025-05-06,,True,,67500,5,5,7,7,0
E02591,Male,23,Married,Diploma,Marketing,Marketing Analyst,1,Chennai,Part-Time,2023-06-25,2023-08-07,False,Resigned,61500,0,4,7,1,4
E02339,Male,25,Married,Master,Research & Development,Research Scientist,2,Bengaluru,Full-Time,2023-03-07,,True,,177000,5,4,7,34,0
E00519,Female,36,Married,Bachelor,Sales,Business Development,5,Hyderabad,Full-Time,2022-10-19,,True,,144500,20,4,7,38,15
E00914,Male,32,Divorced,Diploma,Research & Development,Data Scientist,2,Hyderabad,Contract,2024-08-16,2024-11-28,False,Retirement,164000,5,4,6,3,6
E00840,Male,23,Married,PhD,Finance,Financial Analyst,1,Mumbai,Full-Time,2023-07-16,2023-09-17,False,Resigned,72000,10,3,3,2,8
E02922,Female,27,Married,High School,Operations,Logistics Coordinator,2,Bengaluru,Full-Time,2022-12-16,2023-05-02,False,Retirement,64000,10,4,7,4,8
E00845,Male,37,Married,Master,Marketing,Marketing Analyst,3,Hyderabad,Full-Time,2024-10-05,,True,,110500,0,3,6,15,2
E00538,Female,38,Married,Bachelor,Research & Development,Product Engineer,3,Remote,Full-Time,2025-11-13,,True,,123500,0,5,4,1,8
E01289,Male,28,Married,Master,IT,IT Support,3,Chennai,Full-Time,2024-03-12,,True,,112000,0,5,7,21,2
E00131,Male,34,Married,Bachelor,Operations,Logistics Coordinator,2,Remote,Full-Time,2023-04-14,,True,,100000,15,3,4,33,12
E00277,Male,31,Married,Master,Finance,Credit Analyst,3,Hyderabad,Full-Time,2021-02-01,,True,,83500,5,2,7,59,0
E01397,Male,29,Married,PhD,Research & Development,Research Scientist,1,Remote,Full-Time,2025-01-08,,True,,151500,5,4,5,11,6
E02892,Female,25,Married,PhD,Human Resources,Recruiter,1,Remote,Full-Time,2021-05-31,,True,,58500,15,3,7,55,13
E02320,Female,35,Married,Bachelor,IT,Software Engineer,3,Remote,Full-Time,2024-04-04,,True,,164500,15,5,5,21,1
E00340,Female,32,Single,PhD,Customer Support,Support Agent,3,Hyderabad,Full-Time,2021-03-19,,True,,88500,5,5,8,58,12
E02773,Male,33,Married,Diploma,Finance,Credit Analyst,1,Delhi,Full-Time,2025-10-04,,True,,104500,10,5,6,2,14
E02625,Female,31,Single,Bachelor,Sales,Sales Executive,2,Bengaluru,Full-Time,2021-07-15,,True,,120500,5,1,7,54,11
E01077,Female,31,Married,Master,Research & Development,Data Scientist,1,Remote,Full-Time,2023-04-20,2023-07-23,False,Resigned,124000,5,3,9,3,0
E00654,Male,31,Married,Master,Customer Support,Support Lead,1,Mumbai,Full-Time,2024-01-04,2024-03-07,False,Resigned,70000,5,2,6,2,5
E02497,Male,26,Married,High School,Operations,Logistics Coordinator,1,Remote,Full-Time,2024-01-22,2024-02-25,False,Relocation,85000,0,4,4,1,10
E00850,Male,31,Married,Diploma,Operations,Quality Analyst,4,Bengaluru,Full-Time,2022-08-09,,True,,116500,15,5,6,41,0
E02121,Male,38,Married,Diploma,Finance,Credit Analyst,4,Hyderabad,Contract,2022-01-24,,True,,161000,0,4,6,47,10
E01924,Male,32,Married,Bachelor,Finance,Accountant,3,Remote,Full-Time,2022-03-29,,True,,135500,10,2,4,45,6
E01486,Unknown,38,Married,Master,Sales,Account Executive,4,Mumbai,Full-Time,2020-06-30,,True,,139500,5,5,6,67,8
E00194,Male,36,Married,Master,Human Resources,HR Analyst,5,Chennai,Full-Time,2024-06-16,,True,,95500,10,3,5,18,2
E00771,Female,39,Married,High School,IT,DevOps Engineer,7,Hyderabad,Full-Time,2024-06-19,,True,,180000,10,5,4,18,6
E00191,Female,34,Married,PhD,IT,Software Engineer,1,Chennai,Full-Time,2021-01-01,,True,,85000,0,5,3,60,14
E01661,Male,34,Married,Diploma,Finance,Financial Analyst,2,Delhi,Full-Time,2021-09-05,,True,,126500,15,2,5,52,15
E00660,Female,45,Married,PhD,Research & Development,Product Engineer,7,Chennai,Full-Time,2023-05-25,,True,,247500,20,3,3,31,10
E02946,Male,34,Married,Bachelor,Human Resources,HR Generalist,3,Bengaluru,Full-Time,2021-08-14,,True,,112500,10,3,9,53,14
E02056,Female,23,Married,Diploma,Finance,Accountant,1,Bengaluru,Full-Time,2021-02-27,,True,,84000,10,4,2,58,10
E00646,Unknown,34,Single,High School,Operations,Quality Analyst,2,Mumbai,Full-Time,2020-01-05,,True,,101000,5,3,8,72,3
E02632,Male,38,Married,Master,Customer Support,Support Lead,5,Delhi,Contract,2023-02-10,,True,,103500,0,3,6,35,4
E02131,Female,29,Married,Master,Operations,Quality Analyst,1,Chennai,Full-Time,2024-10-09,2025-02-10,False,Resigned,91500,0,4,7,4,6
E00966,Male,29,Married,Master,Sales,Account Executive,1,Chennai,Contract,2022-01-19,,True,,91500,0,3,1,48,5
E00954,Female,36,Single,Diploma,Marketing,Marketing Analyst,3,Bengaluru,Part-Time,2024-07-01,,True,,66500,0,4,7,18,11
E01830,Male,36,Married,Bachelor,Operations,Quality Analyst,2,Remote,Part-Time,2025-07-16,2025-09-09,False,Retirement,75000,10,4,5,1,7
E00750,Female,28,Married,Master,Finance,Credit Analyst,1,Remote,Full-Time,2021-04-29,,True,,96500,10,4,4,56,0
E02059,Female,31,Married,Bachelor,Marketing,Marketing Analyst,4,Remote,Full-Time,2021-10-25,,True,,78500,10,3,5,50,0
E02762,Male,30,Single,Master,Research & Development,Product Engineer,2,Remote,Full-Time,2020-03-31,,True,,161000,5,4,6,70,3
E01793,Male,31,Married,Master,Operations,Quality Analyst,2,Chennai,Full-Time,2024-05-26,,True,,78500,10,4,7,19,0
E02037,Female,32,Single,PhD,Customer Support,Escalation Specialist,4,Hyderabad,Full-Time,2025-08-19,,True,,67500,5,5,6,4,11
E02458,Female,40,Single,Master,Customer Support,Support Agent,6,Remote,Contract,2023-09-01,,True,,71500,10,4,4,28,9
E01112,Male,34,Married,Bachelor,IT,Data Analyst,3,Hyderabad,Full-Time,2022-02-01,,True,,127500,5,4,4,47,1
E01817,Male,28,Married,High School,IT,IT Support,3,Remote,Full-Time,2021-03-15,,True,,189500,0,3,6,58,6
E00688,Male,29,Married,PhD,Marketing,Marketing Analyst,1,Delhi,Full-Time,2025-09-28,,True,,51000,10,3,6,3,0
E01049,Male,36,Single,High School,Marketing,Content Writer,3,Chennai,Full-Time,2020-07-16,,True,,100000,15,3,7,66,0
E01914,Female,34,Married,Master,Marketing,SEO Specialist,6,Remote,Full-Time,2023-12-02,,True,,153500,0,3,3,25,12
E02902,Male,33,Married,PhD,Research & Development,Product Engineer,4,Hyderabad,Full-Time,2023-12-09,,True,,139000,15,3,5,25,11
E02105,Female,25,Single,High School,Operations,Operations Analyst,2,Mumbai,Full-Time,2022-11-20,,True,,85000,15,3,8,37,2
E02177,Female,36,Single,Diploma,Operations,Logistics Coordinator,2,Bengaluru,Full-Time,2020-04-15,2020-06-13,False,Layoff,86500,0,5,5,1,6
E02789,Male,32,Single,PhD,Sales,Business Development,4,Remote,Full-Time,2025-10-07,,True,,135500,5,5,8,2,0
E02335,Male,29,Married,PhD,IT,DevOps Engineer,4,Bengaluru,Full-Time,2023-04-24,,True,,129000,5,3,6,32,6
E00666,Male,37,Married,PhD,Customer Support,Support Agent,6,Delhi,Full-Time,2022-08-28,2022-12-21,False,Resigned,112500,10,3,7,3,3
E01609,Female,32,Married,Master,Research & Development,Research Scientist,4,Remote,Full-Time,2021-08-26,,True,,142000,10,2,5,52,5
E01460,Male,41,Married,Master,Research & Development,Product Engineer,5,Delhi,Part-Time,2021-10-26,,True,,178000,0,3,4,50,7
E00152,Female,38,Single,High School,Operations,Quality Analyst,5,Chennai,Full-Time,2023-01-12,,True,,148000,10,4,6,36,15
E02454,Female,36,Married,High School,Operations,Logistics Coordinator,4,Hyderabad,Full-Time,2025-01-05,,True,,82500,15,5,5,12,16
E01713,Female,29,Married,Master,Sales,Sales Executive,4,Chennai,Full-Time,2020-01-09,,True,,127500,10,5,7,72,0
E00238,Female,33,Single,Bachelor,Sales,Account Executive,3,Delhi,Full-Time,2025-01-19,,True,,118000,20,3,7,11,6
E01065,Female,23,Single,Bachelor,Operations,Logistics Coordinator,1,Mumbai,Full-Time,2021-01-30,,True,,87000,5,3,6,59,2
E01980,Male,26,Single,PhD,Marketing,Marketing Analyst,1,Mumbai,Full-Time,2023-11-09,2024-01-22,False,Resigned,86500,0,4,6,2,0
E01705,Male,34,Married,High School,Sales,Business Development,4,Delhi,Full-Time,2025-04-20,2025-08-31,False,Layoff,104500,10,5,4,4,0
E00200,Female,26,Single,Diploma,Operations,Logistics Coordinator,1,Mumbai,Full-Time,2023-04-21,2023-08-21,False,Resigned,60000,5,3,6,4,0
E00358,Female,28,Married,Diploma,Sales,Business Development,1,Remote,Full-Time,2022-06-01,,True,,102000,5,5,6,43,14
E01358,Male,43,Married,High School,IT,Software Engineer,6,Chennai,Full-Time,2025-02-19,,True,,159500,0,3,6,10,16
E02537,Female,26,Single,Master,Operations,Quality Analyst,1,Bengaluru,Full-Time,2020-08-09,,True,,55000,5,5,6,65,10
E00522,Male,34,Married,PhD,Operations,Logistics Coordinator,4,Bengaluru,Full-Time,2022-08-21,,True,,123500,0,5,6,40,0
E01074,Male,34,Divorced,Master,Customer Support,Support Lead,3,Delhi,Full-Time,2021-09-20,,True,,58500,10,4,10,52,20
E00508,Male,210,Married,Bachelor,Customer Support,Support Agent,4,Delhi,Full-Time,2023-02-03,,True,,74000,5,3,7,35,5
E01794,Female,38,Single,Bachelor,Human Resources,Recruiter,3,Hyderabad,Part-Time,2025-10-12,,True,,112000,5,4,5,2,0
E02990,Female,27,Single,PhD,Customer Support,Support Agent,3,Bengaluru,Full-Time,2023-11-12,,True,,95500,0,3,6,26,22
E02027,Male,39,Married,Master,Finance,Financial Analyst,5,Remote,Full-Time,2020-10-14,2020-12-31,False,Resigned,163000,10,5,7,2,6
E00228,Female,36,Married,High School,Customer Support,Support Lead,3,Delhi,Full-Time,2024-10-09,,True,,75000,5,4,7,14,6
E02019,Female,33,Married,Diploma,Marketing,Marketing Analyst,2,Delhi,Part-Time,2021-05-23,,True,,74500,5,5,3,56,4
E01398,Male,27,Married,PhD,Marketing,Marketing Analyst,3,Hyderabad,Full-Time,2024-05-22,,True,,83500,0,3,6,19,1
E02575,Male,34,Single,PhD,Research & Development,Product Engineer,5,Chennai,Full-Time,2021-05-07,,True,,151500,0,5,8,56,12
E00055,Male,32,Married,Master,Customer Support,Escalation Specialist,3,Hyderabad,Full-Time,2022-12-30,2023-04-28,False,Resigned,69000,0,4,2,3,4
E02949,Unknown,30,Single,Diploma,Marketing,Marketing Analyst,2,Bengaluru,Full-Time,2024-06-30,,True,,85500,5,3,6,18,4
E01519,Female,33,Married,High School,Customer Support,Support Agent,2,Chennai,Full-Time,2020-04-29,2020-08-01,False,Resigned,76000,5,5,8,3,5
E00462,Female,31,Married,PhD,IT,Data Analyst,3,Chennai,Full-Time,2022-08-07,,True,,139500,20,2,3,41,10
E02218,Male,26,Married,Master,Sales,Sales Executive,2,Chennai,Full-Time,2022-04-22,,True,,82000,5,4,5,44,0
E00090,Male,30,Married,High School,Finance,Credit Analyst,2,Hyderabad,Full-Time,2024-10-22,,True,,120000,5,3,8,14,3
E00885,Unknown,25,Married,High School,Sales,Business Development,2,Bengaluru,Full-Time,2023-05-17,,True,,93000,0,5,4,31,2
E02261,Female,37,Married,PhD,Customer Support,Escalation Specialist,4,Remote,Full-Time,2021-10-29,2022-01-15,False,Resigned,97500,5,3,9,2,0
E01871,Female,29,Married,Diploma,Finance,Credit Analyst,1,Bengaluru,Full-Time,2020-04-12,,True,,71000,5,5,5,69,2
E02883,Female,37,Married,Bachelor,Finance,Accountant,3,Bengaluru,Full-Time,2025-11-13,,True,,93500,0,4,6,1,5
E02186,Female,34,Married,PhD,Marketing,Marketing Analyst,4,Hyderabad,Full-Time,2020-04-14,,True,,92500,15,5,6,69,0
E01367,Female,36,Married,PhD,Executive,CEO,3,Mumbai,Full-Time,2025-06-16,,True,,305500,5,3,6,6,4
E01235,Male,40,Single,Master,Finance,Credit Analyst,4,Bengaluru,Full-Time,2024-07-25,,True,,128000,0,4,7,17,0
E01464,Female,32,Single,Master,Marketing,Content Writer,1,Bengaluru,Full-Time,2022-08-05,2022-12-17,False,Relocation,56500,0,3,4,4,10
E01327,Female,31,Single,High School,Finance,Accountant,5,Delhi,Full-Time,2021-03-02,,True,,108000,0,3,5,58,12
E02844,Male,30,Married,Master,Customer Support,Support Agent,2,Hyderabad,Full-Time,2024-12-24,,True,,62500,0,3,7,12,6
E00644,Male,27,Married,Diploma,IT,Data Analyst,3,Bengaluru,Part-Time,2025-04-13,,True,,118500,5,4,9,8,8
E02821,Male,34,Single,High School,IT,Software Engineer,2,Chennai,Part-Time,2025-12-20,,True,,149000,0,5,6,1,9
E02116,Male,32,Divorced,PhD,Sales,Sales Executive,3,Delhi,Full-Time,2021-04-24,,True,,101500,0,4,3,57,3
E02848,Male,38,Married,High School,Finance,Accountant,5,Bengaluru,Full-Time,2021-03-18,,True,,117500,5,3,8,58,2
E01418,Female,31,Married,High School,IT,Data Analyst,3,Remote,Full-Time,2020-06-23,,True,,173500,0,5,7,67,8
E00752,Female,29,Single,Diploma,Sales,Sales Executive,4,Bengaluru,Full-Time,2022-03-26,,True,,150000,10,4,6,45,0
E02751,Female,30,Married,High School,Customer Support,Support Agent,2,Delhi,Full-Time,2024-12-13,2025-05-02,False,Relocation,53000,5,2,8,4,10
E01323,Male,28,Married,High School,Customer Support,Support Agent,2,Remote,Full-Time,2022-08-08,2022-11-24,False,Resigned,57000,0,5,6,3,7
E00021,Male,34,Married,Master,Operations,Logistics Coordinator,1,Bengaluru,Full-Time,2022-10-27,,True,,96500,10,3,9,38,7
E02778,Male,25,Single,Master,Research & Development,Product Engineer,2,Hyderabad,Full-Time,2020-03-04,,True,,161500,0,4,5,70,9
E02120,Unknown,34,Single,Bachelor,Human Resources,HR Analyst,1,Chennai,Full-Time,2023-02-10,,True,,68500,10,4,6,35,15
E02670,Female,30,Single,Diploma,Marketing,Marketing Analyst,2,Chennai,Full-Time,2024-03-17,,True,,63500,10,3,6,21,7
E01282,Male,28,Single,PhD,Marketing,SEO Specialist,2,Remote,Full-Time,2020-05-19,,True,,85000,10,4,3,68,6
E01328,Female,29,Married,Master,Marketing,Marketing Analyst,2,Hyderabad,Full-Time,2025-03-12,,True,,60500,0,4,5,9,10
E02315,Female,37,Married,Master,IT,IT Support,5,Hyderabad,Full-Time,2020-03-21,,True,,133500,5,4,6,70,0
E00066,Female,24,Married,Bachelor,IT,DevOps Engineer,1,Hyderabad,Full-Time,2024-07-10,,True,,96000,5,3,7,17,9
E02857,Male,23,Divorced,High School,Customer Support,Support Agent,1,Remote,Full-Time,2025-10-25,,True,,46500,0,4,5,2,11
E01680,Female,33,Married,High School,Finance,Credit Analyst,1,Remote,Full-Time,2020-05-09,,True,,99000,5,2,6,68,0
E00823,Female,35,Married,PhD,Human Resources,HR Analyst,2,Remote,Full-Time,2021-04-27,,True,,76500,5,2,5,56,21
E01425,Male,34,Married,High School,IT,Data Analyst,1,Hyderabad,Full-Time,2024-01-11,,True,,140000,10,3,8,24,7
E00825,Female,36,Married,Bachelor,Customer Support,Support Agent,2,Delhi,Full-Time,2023-11-06,,True,,76500,15,2,2,26,3
E01309,Female,30,Married,Bachelor,Finance,Credit Analyst,2,Mumbai,Full-Time,2021-03-04,,True,,118000,10,5,6,58,4
E01526,Female,33,Married,High School,Customer Support,Support Lead,3,Hyderabad,Full-Time,2025-01-14,2025-02-23,False,Layoff,76000,0,4,9,1,10
E02441,Male,36,Married,Master,Operations,Operations Analyst,3,Hyderabad,Full-Time,2023-05-01,,True,,78000,5,2,6,32,5
E02780,Female,32,Married,PhD,Sales,Business Development,3,Remote,Full-Time,2025-08-06,2025-10-07,False,Resigned,129000,10,2,7,2,3
E02897,Female,32,Married,Bachelor,Sales,Business Development,3,Remote,Full-Time,2020-04-19,,True,,99000,5,4,4,69,5
E01886,Male,33,Single,Diploma,Sales,Business Development,3,Delhi,Full-Time,2024-06-24,,True,,97500,5,3,5,18,9
E01116,Female,30,Married,Diploma,Operations,Quality Analyst,2,Remote,Full-Time,2022-12-31,,True,,94500,0,5,9,36,9
E00223,Female,29,Married,PhD,Marketing,Marketing Analyst,3,Hyderabad,Full-Time,2021-09-28,,True,,82000,10,5,8,51,10
E00179,Female,26,Single,PhD,IT,Data Analyst,2,Delhi,Full-Time,2022-10-29,,True,,163000,0,4,8,38,7
E02998,Female,37,Married,Diploma,Customer Support,Escalation Specialist,4,Hyderabad,Full-Time,2020-07-19,,True,,94500,20,3,8,66,0
E02168,Male,40,Single,High School,Customer Support,Support Agent,5,Remote,Full-Time,2025-02-13,,True,,96000,0,4,4,10,12
E00506,Female,36,Single,Diploma,Operations,Logistics Coordinator,4,Delhi,Full-Time,2020-06-04,,True,,88000,5,4,7,67,1
E01950,Male,38,Single,Master,Research & Development,Research Scientist,6,Chennai,Full-Time,2021-03-25,,True,,267000,0,5,7,58,15
E01196,Male,43,Married,Diploma,Operations,Operations Analyst,6,Remote,Full-Time,2024-08-30,2024-10-18,False,Retirement,143000,10,1,10,1,10
E02013,Male,34,Married,High School,Finance,Credit Analyst,3,Remote,Full-Time,2025-02-08,,True,,93000,10,3,4,10,13
E02929,Female,30,Single,Diploma,Sales,Sales Executive,2,Chennai,Full-Time,2020-10-29,,True,,69000,20,4,6,62,0
E01297,Female,32,Single,Diploma,Human Resources,HR Generalist,3,Delhi,Full-Time,2022-07-17,,True,,111000,15,4,4,42,0
E02655,Male,34,Single,Master,Human Resources,Recruiter,1,Delhi,Full-Time,2024-11-01,,True,,81500,10,5,3,14,0
E00631,Female,27,Married,Diploma,Finance,Credit Analyst,1,Delhi,Full-Time,2023-01-25,,True,,76000,0,3,9,35,2
E00148,Male,34,Married,Master,Human Resources,HR Generalist,3,Hyderabad,Full-Time,2022-03-29,,True,,97000,0,3,6,45,7
E00935,Male,26,Married,Bachelor,Operations,Logistics Coordinator,2,Remote,Full-Time,2021-11-08,2022-02-08,False,Resigned,71000,5,3,8,3,0
E02139,Female,31,Married,PhD,Human Resources,HR Generalist,3,Hyderabad,Contract,2022-08-18,,True,,99000,0,2,4,41,4
E01634,Male,29,Married,PhD,Human Resources,Recruiter,1,Delhi,Full-Time,2025-04-15,,True,,60500,15,4,5,8,3
E02837,Female,33,Married,PhD,Finance,Credit Analyst,5,Chennai,Full-Time,2020-06-26,,True,,170000,20,3,5,67,0
E00357,Male,32,Married,High School,Marketing,Marketing Analyst,5,Delhi,Full-Time,2020-01-01,2020-03-18,False,Resigned,82000,5,4,8,2,0
E01348,Male,33,Divorced,Master,Customer Support,Escalation Specialist,1,Hyderabad,Full-Time,2025-08-14,2025-12-28,False,Resigned,65000,0,3,6,4,14
E00747,Male,36,Single,PhD,Customer Support,Support Agent,2,Mumbai,Full-Time,2024-05-31,,True,,51500,0,4,5,19,10
E01158,Female,33,Divorced,Bachelor,Sales,Business Development,4,Remote,Full-Time,2025-05-18,,True,,135000,15,2,9,7,9
E01169,Male,27,Married,Bachelor,Finance,Credit Analyst,2,Chennai,Full-Time,2023-08-30,2024-01-11,False,Resigned,119000,0,4,5,4,7
E01549,Female,26,Single,High School,Human Resources,HR Generalist,1,Chennai,Full-Time,2025-07-28,,True,,78500,5,4,6,5,6
E01463,Male,35,Single,Diploma,Operations,Logistics Coordinator,5,Delhi,Full-Time,2020-04-16,,True,,88500,0,4,6,69,6
E00678,Male,26,Married,PhD,Sales,Account Executive,1,Hyderabad,Contract,2020-08-29,2020-11-20,False,Resigned,70000,0,4,5,2,7
E01815,female,32,Married,Master,Finance,Financial Analyst,2,Chennai,Full-Time,2024-06-04,,True,,125000,20,3,5,19,0
E02906,Male,34,Divorced,Master,Finance,Accountant,3,Remote,Full-Time,2025-03-26,,True,,117500,0,5,5,9,8
E01423,Male,28,Married,PhD,Sales,Account Executive,3,Bengaluru,Full-Time,2020-09-14,,True,,83000,5,3,5,64,11
E02816,Female,38,Married,High School,IT,Data Analyst,6,Bengaluru,Full-Time,2023-10-22,,True,,203500,5,4,7,26,12
E00728,Male,28,Married,Master,Human Resources,HR Analyst,2,Mumbai,Part-Time,2022-07-05,2022-10-01,False,Relocation,92500,0,4,4,2,1
E02851,Male,30,Divorced,PhD,Human Resources,HR Analyst,2,Delhi,Full-Time,2024-08-21,2024-12-20,False,Resigned,93500,5,5,4,4,6
E00413,Male,30,Married,Master,Operations,Operations Analyst,3,Delhi,Full-Time,2021-12-13,,True,,83000,5,5,6,49,3
E01208,Female,31,Single,High School,Operations,Quality Analyst,4,Chennai,Full-Time,2021-03-17,2021-07-27,False,Resigned,82500,10,3,5,4,6
E01115,Male,41,Married,Diploma,Customer Support,Escalation Specialist,7,Bengaluru,Full-Time,2024-11-06,2025-03-17,False,Performance / Termination,113500,0,3,7,4,1
E02413,Female,24,Married,Diploma,Customer Support,Support Agent,1,Hyderabad,Full-Time,2023-12-05,,True,,64000,0,1,8,25,8
E01930,Male,32,Married,PhD,Customer Support,Support Agent,2,Chennai,Part-Time,2023-11-07,2024-03-18,False,Resigned,53500,10,3,7,4,3
E00983,male,27,Single,Bachelor,Sales,Account Executive,3,Remote,Full-Time,2020-08-29,,True,,138500,5,5,6,65,8
E02273,Female,34,Single,Diploma,Research & Development,Research Scientist,2,Bengaluru,Full-Time,2022-03-29,2022-05-12,False,Retirement,125500,15,3,2,1,12
E02280,Male,33,Married,Diploma,Customer Support,Support Lead,4,Delhi,Full-Time,2024-09-21,2024-11-13,False,Performance / Termination,99000,5,5,6,1,13
E01195,Male,37,Married,Bachelor,Customer Support,Escalation Specialist,3,Delhi,Part-Time,2021-05-20,,True,,70000,0,3,5,56,10
E01712,Male,33,Married,Master,Customer Support,Escalation Specialist,3,Delhi,Full-Time,2020-12-27,,True,,91500,15,3,4,61,5
E00514,male,24,Married,Diploma,Research & Development,Data Scientist,1,Mumbai,Full-Time,2020-08-26,,True,,153000,15,5,8,65,6
E02271,Female,33,Married,Diploma,IT,Data Analyst,6,Delhi,Full-Time,2024-07-23,,True,,254000,0,4,5,17,0
E00235,Female,26,Married,Bachelor,Marketing,Marketing Analyst,2,Remote,Full-Time,2021-12-15,2022-01-18,False,Retirement,100000,0,3,8,1,1
E02297,Male,34,Married,Bachelor,Sales,Sales Executive,3,Chennai,Part-Time,2020-10-15,,True,,112000,15,2,7,63,0
E00545,Male,33,Divorced,Bachelor,Customer Support,Escalation Specialist,4,Chennai,Full-Time,2020-06-25,2020-10-20,False,Retirement,102500,10,3,7,3,4
E00209,Male,31,Single,Master,Operations,Operations Analyst,1,Mumbai,Contract,2020-05-25,,True,,82500,5,4,4,68,5
E00156,Female,27,Married,PhD,Operations,Quality Analyst,3,Bengaluru,Full-Time,2022-08-21,,True,,79000,10,3,6,40,4
E01640,Male,28,Divorced,High School,Customer Support,Escalation Specialist,3,Remote,Contract,2023-03-26,,True,,74000,0,5,5,33,9
E02369,Female,39,Single,Bachelor,Operations,Quality Analyst,4,Remote,Full-Time,2020-06-07,2020-10-23,False,Performance / Termination,132000,15,5,4,4,14
E01968,Female,39,Single,High School,Research & Development,Product Engineer,6,Remote,Full-Time,2023-01-02,,True,,257000,15,5,6,36,12
E02268,Female,32,Married,Diploma,Finance,Credit Analyst,1,Remote,Full-Time,2023-10-24,2024-03-16,False,Resigned,98500,0,3,6,4,4
E00595,Male,24,Single,High School,Marketing,SEO Specialist,1,Delhi,Full-Time,2023-05-30,,True,,51000,0,3,7,31,5
E02770,Male,23,Married,Diploma,Finance,Credit Analyst,1,Remote,Full-Time,2021-12-18,,True,,69000,10,2,2,49,14
E02444,Female,38,Married,Master,Executive,COO,5,Mumbai,Full-Time,2022-07-15,,True,,399000,0,4,9,42,1
E01617,Male,41,Married,High School,Operations,Quality Analyst,7,Bengaluru,Full-Time,2020-12-03,2021-05-01,False,Performance / Termination,157000,0,3,3,4,12
E01652,Male,30,Married,High School,Customer Support,Escalation Specialist,2,Bengaluru,Full-Time,2021-02-06,,True,,55500,15,3,2,59,3
E01446,Female,28,Married,Master,Operations,Operations Analyst,3,Mumbai,Full-Time,2022-09-30,,True,,105000,5,4,6,39,2
E00621,Female,35,Married,Master,Human Resources,HR Generalist,3,Hyderabad,Full-Time,2021-03-14,,True,,94000,10,4,6,58,5
E00549,Female,40,Married,Bachelor,Sales,Business Development,4,Bengaluru,Full-Time,2021-12-21,,True,,104000,20,3,7,49,0
E00870,Male,32,Married,High School,Finance,Financial Analyst,2,Remote,Contract,2022-03-04,2022-07-04,False,Performance / Termination,999999,5,4,5,4,2
E00586,Male,32,Married,High School,IT,Software Engineer,2,Delhi,Full-Time,2021-09-07,,True,,126000,0,4,4,52,15
E00956,Male,41,Married,Diploma,,Business Development,5,Delhi,Full-Time,2023-04-14,,True,,166000,5,2,5,33,6
E00957,Unknown,41,Single,Diploma,Human Resources,HR Generalist,5,Delhi,Full-Time,2021-03-23,,True,,88500,5,4,8,58,0
E01670,Female,34,Married,High School,Operations,Quality Analyst,3,Bengaluru,Full-Time,2024-05-15,,True,,82000,0,4,7,19,9
E02719,Female,34,Married,Bachelor,IT,Data Analyst,1,Chennai,Full-Time,2020-02-12,,True,,129500,5,3,8,71,8
E00333,Male,32,Married,High School,IT,IT Support,4,Bengaluru,Full-Time,2023-08-12,,True,,186000,0,3,5,29,12
E00394,Male,32,Married,Diploma,IT,Software Engineer,4,Mumbai,Full-Time,2024-09-21,,True,,126000,20,3,4,15,0
E02402,Female,30,Married,PhD,Customer Support,Escalation Specialist,4,Mumbai,Full-Time,2025-09-24,,True,,81000,10,5,6,3,0
E01804,Female,33,Married,Diploma,Sales,Business Development,1,Remote,Full-Time,2021-01-07,,True,,95000,15,4,7,60,5
E02815,Female,27,Married,PhD,Sales,Account Executive,3,Mumbai,Full-Time,2025-01-23,,True,,129000,10,4,8,11,12
E00320,Male,33,Married,Diploma,Marketing,SEO Specialist,4,Delhi,Full-Time,2025-01-31,,True,,124500,0,4,6,11,12
E01844,Female,36,Married,Master,Operations,Logistics Coordinator,7,Mumbai,Full-Time,2024-01-27,,True,,166000,10,3,8,23,0
E01127,Male,32,Divorced,Master,Finance,Accountant,3,Hyderabad,Full-Time,2025-01-18,2025-04-26,False,Performance / Termination,137500,15,3,7,3,9
E00864,Male,31,Single,PhD,Research & Development,Product Engineer,3,Bengaluru,Full-Time,2022-05-04,,True,,177500,0,4,6,44,10
E02919,Female,26,Married,High School,Customer Support,Escalation Specialist,2,Bengaluru,Full-Time,2020-01-18,,True,,55500,0,4,4,72,10
E02717,Female,25,Married,Diploma,Operations,Operations Analyst,2,Mumbai,Full-Time,2025-11-21,2025-12-06,False,Resigned,110000,0,2,5,1,6
E02989,Male,26,Married,PhD,IT,IT Support,1,Bengaluru,Full-Time,2025-04-15,2025-08-10,False,Resigned,83500,5,3,5,3,12
E00691,Female,46,Married,Bachelor,Sales,Account Executive,7,Mumbai,Full-Time,2023-05-26,,True,,180500,5,3,7,31,17
E02382,Male,31,Married,High School,Research & Development,Data Scientist,3,Mumbai,Full-Time,2022-05-20,,True,,137500,10,5,9,44,7
E01752,Male,43,Married,Master,Human Resources,HR Generalist,6,Mumbai,Full-Time,2020-03-04,,True,,133500,0,4,3,70,3
E01037,Female,37,Married,Master,Operations,Operations Analyst,5,Hyderabad,Contract,2025-06-07,2025-08-27,False,Retirement,135000,5,5,7,2,12
E02855,Female,29,Married,Diploma,Marketing,Marketing Analyst,3,Mumbai,Full-Time,2025-05-20,,True,,105000,5,3,4,7,7
E02898,Male,29,Single,High School,Customer Support,Escalation Specialist,4,Hyderabad,Full-Time,2025-01-18,2025-03-10,False,Resigned,59500,0,3,3,1,12
E00796,Female,32,Married,PhD,Marketing,SEO Specialist,5,Chennai,Full-Time,2024-03-08,,True,,130000,0,4,6,22,7
E00700,male,28,Married,PhD,Sales,Business Development,2,Chennai,Full-Time,2024-07-29,,True,,102000,0,4,4,17,0
E02047,Female,28,Married,High School,Research & Development,Product Engineer,3,Bengaluru,Full-Time,2020-06-09,,True,,182000,5,3,6,67,9
E00624,Male,30,Married,Bachelor,Human Resources,Recruiter,1,Hyderabad,Full-Time,2020-09-02,2020-12-04,False,Retirement,62500,5,5,7,3,3
E01181,Female,30,Single,High School,Research & Development,Data Scientist,3,Chennai,Full-Time,2021-09-04,,True,,151000,5,5,8,52,3
E01732,Female,32,Married,Diploma,Research & Development,Research Scientist,5,Delhi,Full-Time,2025-03-07,,True,,181000,0,4,5,9,6
E02628,Male,28,Married,Diploma,Sales,Sales Executive,3,Mumbai,Full-Time,2025-04-28,2025-09-08,False,Retirement,127500,5,4,6,4,6
E01933,Male,40,Married,Master,Sales,Business Development,5,Mumbai,Full-Time,2021-06-04,,True,,167500,20,4,5,55,5
E01651,Male,34,Single,Diploma,Customer Support,Escalation Specialist,6,Remote,Full-Time,2025-11-24,,True,,112500,0,2,7,1,0
E02440,Male,38,Single,Diploma,Human Resources,Recruiter,3,Delhi,Full-Time,2020-11-16,,True,,122500,0,4,8,62,4
E00790,Female,29,Single,Diploma,Marketing,SEO Specialist,2,Chennai,Full-Time,2021-02-18,,True,,72000,5,2,6,59,0
E02100,Male,28,Married,High School,Customer Support,Support Lead,2,Mumbai,Full-Time,2023-02-12,,True,,64500,5,4,4,35,0
E01560,Male,34,Married,Bachelor,Human Resources,Recruiter,2,Chennai,Full-Time,2023-05-30,,True,,89500,0,5,5,31,12
E01502,Male,38,Single,Bachelor,Sales,Business Development,4,Chennai,Full-Time,2022-10-24,,True,,140000,5,5,8,38,0
E00281,Female,34,Single,High School,Operations,Logistics Coordinator,1,Chennai,Full-Time,2024-02-06,,True,,95500,20,4,6,23,19
E02380,Male,41,Single,High School,Finance,Credit Analyst,5,Bengaluru,Full-Time,2021-06-03,,True,,105500,0,4,4,55,4
E01704,Male,34,Married,Bachelor,Research & Development,Research Scientist,1,Hyderabad,Full-Time,2022-07-19,2022-11-21,False,Resigned,158500,10,5,8,4,14
E02878,Female,33,Married,Bachelor,Customer Support,Support Lead,4,Delhi,Full-Time,2022-07-24,,True,,69000,0,3,8,41,8
E00762,Male,30,Divorced,High School,Finance,Credit Analyst,3,Bengaluru,Full-Time,2022-05-23,,True,,108000,20,3,4,43,4
E00407,Male,40,Single,Bachelor,Human Resources,HR Generalist,4,Chennai,Full-Time,2023-11-13,,True,,132500,15,3,5,25,4
E00655,Male,33,Married,Master,Marketing,SEO Specialist,3,Chennai,Full-Time,2024-05-12,,True,,71000,10,2,1,19,0
E01921,Female,40,Single,Master,Finance,Accountant,7,Bengaluru,Full-Time,2025-06-24,,True,,204500,15,1,5,6,0
E01816,Female,210,Married,Bachelor,Sales,Sales Executive,1,Chennai,Full-Time,2024-08-03,,True,,96000,0,4,4,17,16
E01676,Female,36,Single,Master,Operations,Operations Analyst,5,Chennai,Full-Time,2021-07-12,2021-08-21,False,Resigned,135000,0,3,6,1,10
E01845,Female,33,Married,Diploma,Customer Support,Support Lead,6,Hyderabad,Full-Time,2025-12-15,,True,,109500,20,3,7,1,2
E01912,Female,36,Single,High School,IT,DevOps Engineer,2,Hyderabad,Full-Time,2024-11-03,,True,,119000,5,5,8,14,11
E01516,Female,37,Married,Diploma,Research & Development,Product Engineer,6,Remote,Part-Time,2025-12-11,,True,,185500,0,2,9,1,4
E02743,Female,32,Divorced,PhD,Sales,Sales Executive,3,Mumbai,Full-Time,2024-01-18,,True,,102000,5,3,5,23,6
E02287,Male,30,Single,Diploma,Research & Development,Research Scientist,3,Hyderabad,Full-Time,2024-10-25,,True,,171000,10,5,9,14,7
E02666,Unknown,25,Divorced,PhD,Sales,Sales Executive,2,Mumbai,Full-Time,2021-06-15,2021-09-14,False,Resigned,119500,0,2,7,3,0
E02303,Female,36,Married,Bachelor,Operations,Operations Analyst,3,Delhi,Full-Time,2022-11-20,,True,,114500,0,2,5,37,5
E02746,Male,31,Married,Master,Finance,Financial Analyst,3,Delhi,Full-Time,2020-10-18,,True,,114000,5,3,5,63,0
E00699,Female,34,Married,Diploma,Marketing,Content Writer,4,Delhi,Contract,2022-02-27,2022-04-06,False,Resigned,87500,10,3,7,1,9
E01096,Female,34,Divorced,High School,Sales,Sales Executive,5,Mumbai,Full-Time,2020-12-21,,True,,166000,5,5,8,61,10
E02631,Male,32,Single,PhD,Research & Development,Data Scientist,3,Mumbai,Full-Time,2020-04-29,,True,,190000,10,2,8,69,7
E00643,Male,38,Married,Diploma,Operations,Operations Analyst,6,Delhi,Contract,2025-09-26,,True,,120500,0,5,8,3,5
E00074,Male,27,Married,Bachelor,IT,Software Engineer,2,Delhi,Full-Time,2025-11-16,2025-12-01,False,Retirement,153000,5,1,8,1,12
E02457,Female,32,Single,Master,Customer Support,Escalation Specialist,3,Hyderabad,Full-Time,2024-08-09,,True,,64000,0,5,6,16,3
E01909,Female,28,Married,Bachelor,Operations,Logistics Coordinator,2,Chennai,Full-Time,2021-07-09,2021-09-11,False,Resigned,70000,0,3,5,2,0
E02579,Unknown,46,Married,High School,IT,IT Support,7,Hyderabad,Full-Time,2023-07-08,,True,,229000,10,3,3,30,13
E02788,Female,33,Single,High School,Human Resources,HR Analyst,3,Hyderabad,Full-Time,2020-06-13,,True,,93000,10,2,9,67,14
E02178,Male,36,Divorced,High School,Human Resources,Recruiter,3,Mumbai,Full-Time,2021-12-01,,True,,80000,20,3,9,49,7
E01667,Female,25,Married,PhD,IT,Data Analyst,2,Chennai,Full-Time,2023-12-04,,True,,101500,15,2,6,25,1
E01789,Male,34,Married,Master,Sales,Sales Executive,6,Hyderabad,Full-Time,2025-05-14,,True,,131500,5,3,4,7,7
E02791,Male,33,Married,PhD,Marketing,Content Writer,1,Mumbai,Full-Time,2025-05-31,,True,,75000,5,3,7,7,6
E02409,Male,34,Married,Master,Customer Support,Escalation Specialist,3,Remote,Full-Time,2023-08-31,,True,,89500,0,5,7,28,0
E00440,Male,44,Single,Master,Customer Support,Support Agent,6,Bengaluru,Contract,2022-11-01,,True,,108500,5,2,6,38,0
E00275,Female,30,Single,Diploma,IT,Data Analyst,2,Hyderabad,Full-Time,2022-02-10,,True,,146000,0,4,3,47,11
E00620,Female,29,Married,High School,Operations,Operations Analyst,2,Remote,Full-Time,2023-04-26,2023-07-10,False,Retirement,112500,0,3,6,2,17
E02316,Female,35,Divorced,Bachelor,Finance,Financial Analyst,3,Hyderabad,Full-Time,2025-08-03,,True,,123500,0,4,6,5,3
E01639,Male,37,Single,Bachelor,Research & Development,Data Scientist,5,Bengaluru,Full-Time,2023-12-08,2024-01-14,False,Resigned,203000,20,3,8,1,11
E00132,Male,27,Married,Diploma,IT,DevOps Engineer,3,Hyderabad,Full-Time,2025-11-05,,True,,143000,0,3,6,1,3
E00177,Male,34,Single,High School,Customer Support,Support Lead,3,Chennai,Part-Time,2022-05-13,,True,,84500,5,3,5,44,8
E00181,Female,29,Married,Bachelor,Human Resources,HR Analyst,1,Chennai,Full-Time,2024-06-14,,True,,89000,0,4,6,18,9
E01885,Female,33,Married,High School,Customer Support,Support Agent,4,Mumbai,Full-Time,2023-03-18,,True,,88000,10,4,6,33,7
E00428,Female,27,Married,PhD,IT,Software Engineer,2,Hyderabad,Full-Time,2022-10-25,2023-03-07,False,Layoff,99500,0,5,6,4,0
E01971,Female,24,Married,High School,IT,DevOps Engineer,1,Bengaluru,Part-Time,2022-04-05,,True,,83000,15,5,8,45,3
E00579,Male,31,Married,Diploma,Human Resources,HR Generalist,1,Mumbai,Full-Time,2020-01-30,,True,,83000,10,2,5,72,5
E01543,Male,30,Married,Master,Customer Support,Escalation Specialist,1,Mumbai,Full-Time,2020-09-30,,True,,64500,10,2,5,63,8
E02466,Male,29,Married,PhD,Finance,Accountant,3,Hyderabad,Full-Time,2025-11-20,,True,,133500,10,3,4,1,13
E01801,Male,29,Married,Bachelor,Marketing,Marketing Analyst,3,Chennai,Full-Time,2021-12-10,,True,,89500,15,4,5,49,4
E02234,Female,30,Single,Diploma,Operations,Operations Analyst,2,Chennai,Full-Time,2022-01-04,,True,,79500,5,5,8,48,14
E02669,Female,36,Married,PhD,Research & Development,Research Scientist,5,Delhi,Full-Time,2020-11-06,2020-12-19,False,Layoff,213000,10,5,3,1,1
E00390,Female,35,Married,Master,Marketing,Marketing Analyst,4,Mumbai,Full-Time,2020-11-28,,True,,93000,5,3,5,61,9
E01220,Female,33,Married,PhD,Operations,Quality Analyst,4,Hyderabad,Full-Time,2023-03-10,,True,,119000,10,2,7,34,7
E00385,Male,35,Single,Diploma,Operations,Logistics Coordinator,2,Chennai,Full-Time,2021-05-25,,True,,80000,5,3,3,56,13
E01854,female,34,Married,High School,Human Resources,HR Generalist,1,Bengaluru,Full-Time,2023-11-11,,True,,63500,5,2,8,26,8
E02307,female,30,Married,High School,Marketing,Content Writer,3,Bengaluru,Full-Time,2020-04-09,,True,,109000,10,3,7,69,0
E00296,Female,32,Single,PhD,Operations,Operations Analyst,1,Remote,Full-Time,2025-07-21,,True,,63500,10,4,5,5,6
E00583,Male,34,Divorced,Bachelor,Operations,Operations Analyst,4,Mumbai,Full-Time,2024-05-28,,True,,129000,10,3,5,19,14
E00045,Female,35,Single,Bachelor,Operations,Quality Analyst,3,Mumbai,Full-Time,2021-09-22,,True,,76000,10,5,5,52,12
E02918,Female,43,Married,High School,Operations,Logistics Coordinator,6,Delhi,Full-Time,2025-06-10,,True,,140000,0,3,8,6,6
E01546,Male,34,Single,Diploma,IT,DevOps Engineer,2,Hyderabad,Full-Time,2021-08-24,,True,,158500,0,2,2,53,7
E00777,Male,28,Married,Master,IT,DevOps Engineer,1,Mumbai,Full-Time,2024-11-24,,True,,120500,5,3,5,13,4
E00313,Female,27,Married,Master,Customer Support,Escalation Specialist,1,Hyderabad,Full-Time,2025-07-26,,True,,69000,0,4,7,5,2
E00984,Female,46,Married,Diploma,Customer Support,Support Agent,7,Delhi,Full-Time,2022-05-04,,True,,110000,10,2,8,44,6
E00098,Male,26,Divorced,High School,Operations,Operations Analyst,2,Remote,Full-Time,2022-12-27,2023-03-15,False,Resigned,91000,0,4,4,2,10
E02979,Female,40,Single,PhD,Operations,Quality Analyst,5,Chennai,Full-Time,2025-03-30,,True,,121500,5,5,5,9,11
E02808,Male,28,Single,Master,Operations,Quality Analyst,1,Mumbai,Full-Time,2023-08-06,,True,,89000,0,4,7,29,0
E02258,Female,37,Single,Bachelor,IT,Data Analyst,6,Hyderabad,Contract,2024-05-29,,True,,239000,15,4,8,19,10
E01770,Male,32,Married,High School,Sales,Business Development,2,Bengaluru,Full-Time,2025-10-24,2025-12-30,False,Resigned,92500,0,4,3,2,8
E01699,Female,44,Married,Diploma,Sales,Business Development,7,Chennai,Full-Time,2024-11-19,,True,,158500,15,5,10,13,11
E01879,Female,29,Single,High School,Sales,Account Executive,1,Remote,Full-Time,2021-04-14,,True,,96000,10,5,6,57,0
E01765,Female,38,Married,PhD,IT,Software Engineer,6,Hyderabad,Full-Time,2020-07-07,2020-10-20,False,Relocation,197500,20,3,7,3,0
E02850,Female,32,Married,Master,Human Resources,HR Analyst,2,Hyderabad,Full-Time,2021-01-30,,True,,100500,15,4,6,59,18
E01882,Female,34,Married,Master,Human Resources,HR Generalist,1,Hyderabad,Full-Time,2020-10-13,,True,,62500,10,4,5,63,0
E01966,Male,25,Married,Bachelor,Human Resources,HR Analyst,2,Chennai,Full-Time,2023-09-15,,True,,112000,15,3,5,27,14
E02685,Unknown,30,Married,Diploma,IT,Software Engineer,1,Hyderabad,Full-Time,2022-10-04,2023-02-21,False,Resigned,144000,20,4,6,4,2
E00916,Female,41,Married,Master,Research & Development,Product Engineer,5,Delhi,Full-Time,2022-10-16,,True,,168500,10,4,5,39,9
E00546,Female,26,Married,Bachelor,Sales,Sales Executive,1,Delhi,Full-Time,2022-04-25,2022-07-05,False,Retirement,92000,5,3,4,2,7
E02430,Female,32,Married,PhD,IT,Software Engineer,2,Remote,Full-Time,2020-10-03,,True,,99500,0,4,8,63,13
E00377,Male,44,Married,Diploma,Customer Support,Escalation Specialist,6,Bengaluru,Full-Time,2023-01-06,,True,,98500,15,5,5,36,0
E01305,Male,33,Married,PhD,Customer Support,Support Agent,1,Hyderabad,Full-Time,2020-03-07,,True,,41000,0,3,7,70,17
E01659,Male,37,Married,High School,Executive,COO,7,Bengaluru,Full-Time,2025-03-25,,True,,292000,20,5,3,9,5
E00553,Female,35,Married,Master,Operations,Logistics Coordinator,2,Chennai,Full-Time,2025-11-04,,True,,83500,10,5,8,1,11
E00092,Male,42,Married,PhD,Sales,Account Executive,7,Bengaluru,Full-Time,2022-07-12,,True,,154500,0,5,7,42,6
E02368,Female,36,Married,PhD,Operations,Quality Analyst,6,Remote,Full-Time,2022-03-15,,True,,96500,0,3,5,46,15
E00588,Female,29,Single,Diploma,Customer Support,Escalation Specialist,1,Delhi,Full-Time,2024-05-05,,True,,65000,0,4,6,20,5
E01202,Female,31,Single,Bachelor,Sales,Account Executive,3,Chennai,Full-Time,2024-11-23,,True,,126500,0,3,8,13,8
E02314,Male,250,Single,Bachelor,IT,IT Support,5,Mumbai,Contract,2020-09-21,,True,,206500,10,3,8,64,17
E01198,Female,30,Married,Master,Human Resources,Recruiter,2,Mumbai,Full-Time,2025-05-11,,True,,65000,0,5,7,7,6
E00145,Female,36,Married,Bachelor,Operations,Logistics Coordinator,3,Hyderabad,Full-Time,2025-10-02,,True,,101500,15,5,6,3,2
E00842,Male,42,Married,High School,IT,Software Engineer,6,Remote,Part-Time,2024-01-15,,True,,238000,10,5,6,23,0
E01428,Female,29,Married,High School,Marketing,Marketing Analyst,1,Bengaluru,Part-Time,2022-12-03,,True,,59000,0,4,9,37,0
E02496,Female,41,Married,High School,Operations,Quality Analyst,5,Mumbai,Full-Time,2022-12-28,2023-05-19,False,Performance / Termination,108500,10,3,7,4,1
E00347,Male,33,Married,Diploma,Research & Development,Research Scientist,2,Bengaluru,Full-Time,2020-08-07,,True,,184500,15,3,6,65,0
E02522,Male,30,Single,PhD,Operations,Quality Analyst,1,Mumbai,Full-Time,2022-03-11,,True,,91500,0,4,6,46,8
E00964,Female,36,Married,Master,Marketing,Content Writer,7,Bengaluru,Full-Time,2022-10-12,,True,,135500,0,3,3,39,5
E01495,Male,44,Married,High School,Sales,Business Development,6,Delhi,Full-Time,2023-03-10,,True,,184500,15,4,4,34,4
E01884,Female,36,Married,High School,Operations,Quality Analyst,2,Chennai,Full-Time,2024-09-06,,True,,71500,15,4,6,16,9
E02231,Female,34,Divorced,Diploma,Customer Support,Support Lead,2,Mumbai,Full-Time,2020-09-01,2020-10-04,False,Retirement,73500,0,4,8,1,4
E00233,Female,39,Married,Diploma,Operations,Logistics Coordinator,4,Remote,Full-Time,2021-08-22,,True,,118500,10,3,8,53,5
E01481,Male,36,Married,PhD,IT,Software Engineer,4,Chennai,Full-Time,2025-05-19,,True,,153000,0,2,7,7,0
E01745,Female,35,Married,Bachelor,IT,Data Analyst,2,Bengaluru,Full-Time,2024-05-24,,True,,168500,0,4,5,19,0
E02032,Male,30,Divorced,Diploma,Customer Support,Support Lead,1,Hyderabad,Full-Time,2021-11-30,2022-02-22,False,Retirement,71000,10,3,3,2,7
E01916,Female,41,Married,PhD,Finance,Accountant,6,Delhi,Full-Time,2022-06-27,,True,,140500,20,5,5,42,0
E00130,Male,29,Divorced,High School,Finance,Credit Analyst,2,Delhi,Full-Time,2025-04-07,,True,,126000,0,3,3,8,10
E00136,Male,35,Married,Bachelor,Customer Support,Support Agent,2,Bengaluru,Full-Time,2020-11-06,,True,,68500,15,3,4,62,0
E02361,Male,31,Single,Bachelor,Operations,Logistics Coordinator,1,Chennai,Full-Time,2020-01-24,,True,,64000,0,5,6,72,12
E02318,Female,40,Married,Bachelor,Operations,Logistics Coordinator,4,Mumbai,Part-Time,2022-10-27,,True,,90000,5,4,7,38,2
E02871,Female,33,Single,High School,IT,Software Engineer,5,Delhi,Contract,2025-12-11,,True,,154500,0,4,8,1,5
E02160,female,29,Married,Master,Customer Support,Support Lead,1,Bengaluru,Full-Time,2021-05-24,2021-10-20,False,Resigned,54000,10,5,7,4,4
E02054,Female,27,Married,PhD,Operations,Quality Analyst,2,Delhi,Full-Time,2022-12-05,,True,,110500,10,4,9,37,21
E01450,Male,34,Married,Bachelor,Finance,Credit Analyst,4,Bengaluru,Full-Time,2022-06-22,,True,,145500,0,5,6,42,12
E00783,Female,28,Married,PhD,Marketing,Marketing Analyst,1,Remote,Full-Time,2025-09-04,,True,,80000,5,4,1,3,3
E01947,Male,36,Married,High School,Customer Support,Support Agent,3,Delhi,Full-Time,2024-07-27,,True,,69500,15,5,5,17,4
E02825,Female,25,Married,PhD,IT,IT Support,2,Mumbai,Full-Time,2024-02-26,,True,,169000,0,4,6,22,13
E01408,Female,28,Married,Master,IT,DevOps Engineer,1,Bengaluru,Full-Time,2021-08-20,,True,,147000,5,4,9,53,0
E01404,Male,26,Single,PhD,Sales,Business Development,1,Delhi,Full-Time,2023-06-24,,True,,93500,0,4,7,30,6
E02228,Male,39,Married,Diploma,Finance,Credit Analyst,5,Mumbai,Part-Time,2022-09-08,,True,,168500,5,2,5,40,16
E01136,Male,35,Married,PhD,Customer Support,Escalation Specialist,2,Mumbai,Full-Time,2024-03-08,,True,,49500,10,4,5,22,10
E02762,Male,30,Single,Master,Research & Development,Product Engineer,2,Remote,Full-Time,2020-03-31,,True,,161000,5,4,6,70,3
E00084,Male,29,Married,High School,IT,IT Support,1,Bengaluru,Full-Time,2021-02-26,,True,,88000,5,5,6,58,5
E02338,Female,26,Married,Master,IT,DevOps Engineer,1,Delhi,Contract,2025-10-08,,True,,96500,0,1,6,2,0
E00571,Female,25,Married,Master,Sales,Account Executive,1,Chennai,Full-Time,2023-05-27,2023-07-08,False,Resigned,106000,10,5,6,1,7
E01103,Female,28,Single,Diploma,Marketing,SEO Specialist,1,Chennai,Full-Time,2023-01-05,,True,,80500,0,3,3,36,11
E01593,Female,35,Divorced,PhD,IT,Software Engineer,5,Hyderabad,Full-Time,2021-11-30,,True,,210000,5,3,7,49,0
E02578,Female,41,Single,Bachelor,Finance,Credit Analyst,5,Chennai,Full-Time,2020-12-28,,True,,130500,0,3,5,60,8
E02895,Male,28,Married,Master,Operations,Quality Analyst,1,Remote,Full-Time,2024-08-14,2024-10-20,False,Relocation,94500,15,4,2,2,0
E02542,Male,25,Single,PhD,Operations,Quality Analyst,2,Hyderabad,Full-Time,2023-06-29,2023-10-29,False,Resigned,,5,2,5,4,1
E00806,Male,30,Married,Bachelor,Marketing,Marketing Analyst,4,Delhi,Full-Time,2023-03-12,,True,,128500,0,5,4,34,10
E02779,Female,30,Married,Bachelor,Executive,COO,1,Remote,Full-Time,2024-02-09,,True,,157500,10,3,6,23,5
E00245,Female,28,Married,Bachelor,Customer Support,Support Lead,2,Delhi,Full-Time,2020-07-01,,True,,66000,0,3,4,66,0
E02530,Female,34,Married,Diploma,Customer Support,Support Agent,1,Chennai,Contract,2022-12-17,2023-05-08,False,Retirement,69500,15,3,4,4,0
E02490,Female,35,Married,Diploma,IT,Data Analyst,7,Mumbai,Full-Time,2021-03-30,,True,,,0,3,6,57,0
E02222,Male,36,Single,High School,Sales,Sales Executive,6,Remote,Full-Time,2022-04-26,,True,,179500,20,3,5,44,0
E00713,Male,39,Married,Diploma,IT,IT Support,4,Hyderabad,Full-Time,2020-11-10,,True,,147000,10,3,6,62,14
E00469,Female,34,Married,Diploma,Finance,Accountant,5,Hyderabad,Full-Time,2025-12-10,,True,,121500,5,4,5,1,0
E01873,Female,29,Married,Bachelor,IT,IT Support,2,Mumbai,Full-Time,2025-11-18,2025-12-03,False,Performance / Termination,140500,0,2,4,1,1
E00384,Female,34,Single,PhD,Sales,Account Executive,6,Bengaluru,Full-Time,2025-08-02,,True,,111500,5,4,9,5,1
E02589,Female,41,Married,Diploma,Customer Support,Support Lead,7,Remote,Full-Time,2021-09-25,,True,,137000,0,4,7,51,11
E01203,Female,30,Married,Master,Customer Support,Support Lead,2,Bengaluru,Full-Time,2025-04-16,,True,,62000,0,2,3,8,6
E00158,Female,27,Single,High School,Customer Support,Escalation Specialist,1,Chennai,Full-Time,2025-01-15,,True,,46500,0,4,5,11,5
E00596,Male,32,Married,Bachelor,Customer Support,Support Lead,4,Chennai,Full-Time,2024-02-07,2024-06-30,False,Resigned,69500,0,3,5,4,0
E00316,Female,39,Married,Bachelor,Human Resources,HR Analyst,4,Delhi,Full-Time,2020-05-23,,True,,98000,10,4,7,68,5
E02071,Female,33,Married,PhD,Marketing,Marketing Analyst,3,Bengaluru,Full-Time,2020-12-29,,True,,69500,0,4,5,60,0
E02593,Male,34,Married,High School,Operations,Operations Analyst,5,Remote,Full-Time,2022-09-18,,True,,107000,5,3,8,40,5
E01575,Male,42,Married,Diploma,Sales,Business Development,7,Chennai,Full-Time,2020-01-29,,True,,116000,5,2,6,72,0
E00548,Male,36,Married,Bachelor,Human Resources,HR Generalist,7,Remote,Part-Time,2025-03-01,,True,,133000,0,4,5,10,0
E02166,Male,33,Married,Diploma,Customer Support,Support Agent,4,Chennai,Full-Time,2023-04-21,,True,,70500,5,2,3,32,7
E02279,Male,46,Married,PhD,Research & Development,Data Scientist,7,Delhi,Full-Time,2025-05-31,2025-07-19,False,Resigned,273500,0,4,4,1,6
E00486,Female,28,Married,PhD,Operations,Logistics Coordinator,3,Mumbai,Full-Time,2021-08-31,,True,,116000,0,3,7,52,17
E02060,Female,30,Single,High School,Research & Development,Research Scientist,2,Delhi,Full-Time,2023-09-16,,True,,149500,10,4,5,27,0
E00172,Male,30,Married,Diploma,Customer Support,Support Agent,1,Delhi,Part-Time,2025-09-04,2025-12-12,False,Resigned,65500,5,4,7,3,2
E01605,Female,39,Married,Master,Operations,Operations Analyst,4,Hyderabad,Part-Time,2023-07-21,,True,,103500,0,5,6,29,3
E01534,Female,45,Married,PhD,Research & Development,Research Scientist,7,Mumbai,Full-Time,2024-09-29,2025-02-07,False,Layoff,283500,0,4,4,4,14
E01371,Male,24,Single,Master,IT,Software Engineer,1,Chennai,Full-Time,2025-07-29,,True,,96000,5,4,4,5,5
E02758,Male,37,Single,Master,Research & Development,Product Engineer,7,Delhi,Full-Time,2021-09-21,,True,,224000,5,5,4,52,3
E02254,Male,27,Single,High School,Finance,Credit Analyst,3,Mumbai,Full-Time,2023-06-15,,True,,126000,10,5,6,31,1
E00868,Male,35,Divorced,PhD,IT,Software Engineer,3,Hyderabad,Full-Time,2024-06-03,,True,,182500,0,3,5,19,0
E01152,Female,26,Single,Bachelor,Marketing,Marketing Analyst,2,Hyderabad,Full-Time,2021-06-22,,True,,103000,5,2,6,55,8
E00503,Male,30,Single,PhD,Marketing,SEO Specialist,1,Hyderabad,Full-Time,2021-04-23,,True,,73500,0,4,7,57,7
E02710,Male,27,Married,Diploma,Finance,Accountant,3,Remote,Full-Time,2023-04-01,,True,,138500,5,5,5,33,8
E01554,Female,39,Married,Bachelor,Research & Development,Product Engineer,4,Remote,Full-Time,2021-10-20,,True,,227000,10,3,5,51,5
E02038,Female,25,Married,Diploma,Operations,Logistics Coordinator,2,Mumbai,Full-Time,2021-12-17,,True,,88500,15,3,6,49,4
E02822,Female,39,Single,High School,Operations,Quality Analyst,5,Chennai,Full-Time,2025-11-29,,True,,144000,15,4,6,1,6
E01447,Female,35,Married,PhD,Finance,Financial Analyst,2,Remote,Full-Time,2024-03-13,,True,,121000,20,3,7,21,8
E01400,Male,25,Married,PhD,Customer Support,Support Agent,1,Bengaluru,Part-Time,2023-02-16,2023-07-01,False,Resigned,55500,0,4,5,4,6
E02190,female,35,Married,PhD,Sales,Business Development,4,Bengaluru,Contract,2022-08-23,,True,,100000,0,4,7,40,0
E01401,Male,34,Single,Diploma,Marketing,Content Writer,1,Mumbai,Full-Time,2020-05-25,,True,,63000,0,3,5,68,0
E02910,Female,35,Married,Bachelor,Finance,Credit Analyst,4,Hyderabad,Full-Time,2023-05-25,,True,,108500,0,4,7,31,1
E01254,Female,32,Single,Bachelor,Marketing,Marketing Analyst,3,Bengaluru,Full-Time,2020-09-12,,True,,96000,5,3,10,64,3
E02146,Female,34,Married,Bachelor,Customer Support,Support Agent,1,Hyderabad,Full-Time,2021-05-21,2021-07-28,False,Retirement,72000,5,4,5,2,8
E01205,Female,32,Married,PhD,Sales,Sales Executive,2,Remote,Full-Time,2022-05-18,2022-09-06,False,Resigned,119500,0,1,6,3,0
E01221,Female,27,Married,Bachelor,Finance,Financial Analyst,3,Remote,Full-Time,2020-12-16,,True,,145500,15,5,5,61,5
E01837,Female,34,Married,High School,IT,DevOps Engineer,6,Hyderabad,Full-Time,2024-02-26,,True,,147000,0,3,6,22,9
E01542,Male,35,Married,Bachelor,Sales,Business Development,4,Chennai,Full-Time,2022-07-06,,True,,112500,10,5,5,42,5
E01822,Male,29,Married,Bachelor,Sales,Account Executive,4,Delhi,Full-Time,2023-01-04,2023-03-18,False,Resigned,148000,0,1,6,2,0
E02010,male,27,Married,Bachelor,Research & Development,Product Engineer,3,Delhi,Full-Time,2022-10-17,,True,,174000,15,5,4,39,4
E01032,Female,23,Single,Diploma,IT,Data Analyst,1,Delhi,Full-Time,2025-07-24,,True,,109000,10,4,5,5,14
E02814,Male,37,Married,Bachelor,Operations,Operations Analyst,4,Chennai,Full-Time,2022-09-02,,True,,114500,0,4,6,40,0
E01335,Male,37,Married,Master,Marketing,Content Writer,4,Bengaluru,Part-Time,2024-10-10,,True,,103500,15,4,6,14,5
E00118,Male,31,Married,Diploma,Operations,Operations Analyst,2,Chennai,Full-Time,2020-02-18,,True,,101000,5,4,5,71,14
E01125,male,30,Single,High School,Sales,Sales Executive,1,Mumbai,Part-Time,2023-11-05,,True,,89000,0,5,5,26,1
E01506,Female,32,Single,PhD,Customer Support,Support Agent,1,Bengaluru,Full-Time,2021-04-22,,True,,73000,10,3,7,57,12
E00659,Male,39,Married,PhD,Operations,Quality Analyst,7,Bengaluru,Full-Time,2025-08-03,,True,,167500,15,3,5,5,0
E01024,Male,31,Married,High School,Customer Support,Support Lead,3,Hyderabad,Full-Time,2020-04-09,,True,,88500,5,4,9,69,0
E00744,Female,28,Married,PhD,Marketing,Content Writer,3,Bengaluru,Full-Time,2023-10-06,,True,,88000,5,4,6,27,3
E00262,Female,31,Married,Master,IT,DevOps Engineer,1,Hyderabad,Full-Time,2021-04-15,,True,,86500,10,3,6,57,10
E00204,Male,35,Married,Master,Executive,COO,4,Hyderabad,Full-Time,2020-05-04,,True,,282500,0,3,6,68,14
E00193,Male,34,Married,Bachelor,IT,Software Engineer,5,Hyderabad,Full-Time,2023-03-10,,True,,146500,0,3,7,34,20
E01995,Male,28,Single,Master,Customer Support,Support Agent,3,Remote,Full-Time,2024-12-04,,True,,75500,0,5,8,13,3
E02403,Female,29,Single,PhD,Operations,Quality Analyst,3,Bengaluru,Full-Time,2024-09-04,,True,,114500,10,3,4,16,11
E00168,Female,29,Divorced,Diploma,Operations,Logistics Coordinator,1,Hyderabad,Full-Time,2023-11-04,,True,,66500,5,4,10,26,0
E02460,Female,35,Single,PhD,IT,Data Analyst,3,Hyderabad,Full-Time,2025-10-28,,True,,175000,5,3,7,2,10
E02262,Male,30,Married,Bachelor,Sales,Business Development,4,Hyderabad,Full-Time,2024-02-05,,True,,88000,0,4,3,23,9
E00969,female,30,Married,Diploma,Research & Development,Research Scientist,2,Bengaluru,Full-Time,2025-03-15,,True,,165500,5,2,8,9,0
E00650,Male,30,Divorced,Diploma,Human Resources,Recruiter,2,Remote,Full-Time,2020-03-17,,True,,104500,0,3,5,70,0
E01132,Male,36,Married,PhD,Sales,Business Development,4,Delhi,Full-Time,2025-04-10,2025-06-02,False,Resigned,114500,5,5,6,1,2
E02574,Female,35,Married,PhD,Marketing,Marketing Analyst,5,Hyderabad,Full-Time,2022-07-14,,True,,138000,5,4,7,42,4
E02973,Female,31,Married,High School,IT,IT Support,2,Remote,Full-Time,2024-11-02,2024-12-15,False,Resigned,126000,10,4,5,1,3
E02480,Male,30,Single,Diploma,Sales,Account Executive,3,Hyderabad,Full-Time,2022-10-23,,True,,101500,0,4,5,38,9
E00629,Female,25,Married,PhD,IT,DevOps Engineer,2,Delhi,Full-Time,2022-12-21,,True,,144500,10,3,5,36,10
E02208,Female,33,Married,Master,Customer Support,Support Lead,3,Bengaluru,Full-Time,2023-07-28,,True,,65500,0,3,7,29,10
E01100,Female,25,Divorced,PhD,Finance,Financial Analyst,2,Delhi,Full-Time,2021-04-01,,True,,82000,15,4,9,57,0
E01437,Female,33,Married,High School,Finance,Financial Analyst,3,Hyderabad,Full-Time,2021-08-27,,True,,138000,0,4,6,52,3
E02267,Female,29,Single,PhD,Finance,Credit Analyst,4,Chennai,Full-Time,2020-07-28,,True,,135500,0,3,8,66,8
E00869,Male,25,Single,High School,IT,IT Support,1,Mumbai,Full-Time,2025-05-31,2025-08-10,False,Performance / Termination,82500,0,5,6,2,4
E02451,Female,27,Married,Diploma,Customer Support,Support Agent,2,Hyderabad,Part-Time,2024-10-20,,True,,70500,5,4,3,14,0
E00110,Female,37,Married,High School,Operations,Logistics Coordinator,5,Remote,Full-Time,2021-12-30,,True,,144500,0,4,7,48,14
E01899,Male,34,Married,PhD,Marketing,Content Writer,2,Mumbai,Full-Time,2023-07-25,,True,,75500,5,3,6,29,12
E01257,Male,34,Married,Master,Customer Support,Support Agent,5,Mumbai,Full-Time,2024-02-11,,True,,107500,5,3,6,22,6
E00882,Male,32,Single,Master,Operations,Logistics Coordinator,1,Hyderabad,Full-Time,2021-02-12,,True,,60500,5,4,8,59,7
E02456,Female,32,Married,High School,IT,Software Engineer,4,Mumbai,Full-Time,2021-02-01,,True,,184000,15,5,10,59,0
E02510,Female,35,Married,Master,Customer Support,Escalation Specialist,2,Chennai,Full-Time,2023-08-21,,True,,65000,5,4,7,28,14
E00591,Female,37,Married,Bachelor,Sales,Sales Executive,3,Bengaluru,Full-Time,2021-09-09,,True,,122000,20,4,8,52,5
E01057,Unknown,37,Married,Diploma,Customer Support,Support Lead,5,Remote,Part-Time,2022-08-08,,True,,91500,10,4,6,41,9
E02053,Male,26,Married,PhD,Sales,Sales Executive,1,Remote,Full-Time,2024-01-07,,True,,77500,0,3,7,24,3
E02188,Female,30,Married,Master,Research & Development,Product Engineer,1,Mumbai,Full-Time,2022-12-10,,True,,163000,5,4,5,37,7
E02483,Male,31,Married,Master,Marketing,SEO Specialist,1,Delhi,Full-Time,2023-10-09,,True,,66500,10,2,6,27,0
E02039,Female,30,Married,Bachelor,Finance,Financial Analyst,3,Chennai,Full-Time,2021-06-10,,True,,114000,15,4,6,55,0
E02592,Male,34,Single,Bachelor,Finance,Accountant,1,Remote,Full-Time,2021-01-23,2021-03-14,False,Performance / Termination,65500,5,3,5,1,5
E00818,Male,25,Divorced,High School,Sales,Business Development,2,Delhi,Full-Time,2021-01-24,,True,,104000,15,4,8,60,0
E01414,Female,39,Married,Master,IT,Data Analyst,4,Remote,Full-Time,2023-09-16,2023-12-19,False,Layoff,195500,10,5,5,3,6
E02790,Male,29,Single,Diploma,Human Resources,HR Analyst,2,Mumbai,Full-Time,2024-12-26,,True,,108500,0,4,9,12,8
E02799,male,35,Married,Bachelor,Marketing,Content Writer,3,Hyderabad,Full-Time,2025-06-19,,True,,71000,15,4,7,6,9
E01993,Female,37,Married,Master,Operations,Logistics Coordinator,5,Remote,Full-Time,2023-03-07,2023-06-15,False,Relocation,141000,20,5,6,3,7
E01540,Male,33,Single,PhD,Human Resources,Recruiter,2,Bengaluru,Full-Time,2020-09-29,,True,,66500,15,4,7,63,0
E01090,Male,29,Married,Diploma,Executive,CFO,3,Chennai,Part-Time,2023-10-03,,True,,242500,5,5,6,27,2
E01042,Female,26,Married,High School,IT,Data Analyst,1,Delhi,Full-Time,2023-04-15,,True,,98000,0,5,7,33,0
E01763,Male,35,Married,Master,Operations,Logistics Coordinator,3,Remote,Full-Time,2022-03-02,,True,,93500,5,4,6,46,1
E02907,Male,25,Married,Bachelor,Customer Support,Escalation Specialist,1,Chennai,Full-Time,2022-09-02,2022-10-24,False,Retirement,62000,0,5,8,1,10
E02478,Male,26,Married,PhD,Sales,Business Development,2,Chennai,Full-Time,2023-08-25,,True,,69000,5,4,6,28,3
E00437,Male,31,Married,PhD,IT,Data Analyst,4,Hyderabad,Full-Time,2023-05-24,,True,,131500,0,5,4,31,7
E00034,Female,39,Single,Bachelor,IT,IT Support,4,Mumbai,Full-Time,2024-04-12,,True,,144000,15,4,5,20,8
E02343,Female,32,Married,Diploma,Research & Development,Research Scientist,2,Chennai,Full-Time,2025-03-27,,True,,154000,5,3,8,9,3
E00875,Female,33,Married,High School,IT,IT Support,2,Chennai,Full-Time,2022-07-09,,True,,157500,10,3,8,42,5
E02748,Female,38,Divorced,High School,Research & Development,Research Scientist,3,Remote,Full-Time,2024-08-28,,True,,199000,5,2,7,16,0
E01330,Male,33,Married,High School,Marketing,SEO Specialist,4,Mumbai,Full-Time,2021-12-19,,True,,126000,0,3,5,49,8
E01859,Female,37,Married,Bachelor,Marketing,Marketing Analyst,3,Hyderabad,Full-Time,2024-05-29,,True,,77000,0,5,1,19,0
E00381,Female,38,Married,Bachelor,Customer Support,Support Lead,4,Mumbai,Full-Time,2021-08-23,,True,,98500,0,4,4,53,12
E02436,Female,33,Married,Diploma,Customer Support,Support Agent,3,Mumbai,Full-Time,2020-11-11,,True,,79000,0,4,7,62,11
E00415,Male,28,Married,Master,Sales,Business Development,3,Chennai,Full-Time,2021-10-08,2021-12-28,False,Resigned,95000,5,3,8,2,10
E00280,Female,38,Married,High School,Research & Development,Data Scientist,5,Bengaluru,Full-Time,2023-11-22,,True,,180500,10,4,7,25,0
E02926,Female,44,Married,Master,,Software Engineer,6,Remote,Full-Time,2020-12-27,,True,,167500,0,3,6,61,4
E02442,Male,31,Married,PhD,Customer Support,Escalation Specialist,5,Bengaluru,Full-Time,2021-11-28,,True,,110000,0,4,8,49,8
E00027,Male,28,Married,PhD,Sales,Sales Executive,3,Bengaluru,Full-Time,2025-11-13,,True,,83000,15,3,5,1,4
E01870,Female,28,Single,PhD,Customer Support,Support Agent,2,Hyderabad,Full-Time,2024-07-09,2024-09-08,False,Resigned,55000,5,5,6,2,2
E02445,female,25,Married,Diploma,Sales,Sales Executive,2,Bengaluru,Full-Time,2025-06-26,,True,,115000,0,4,8,6,10
E02213,male,34,Single,Master,Customer Support,Support Lead,1,Bengaluru,Full-Time,2025-06-06,2025-10-02,False,Resigned,68000,5,3,5,3,0
E00350,Male,36,Divorced,Diploma,IT,IT Support,2,Hyderabad,Full-Time,2023-01-12,,True,,117000,10,3,3,36,0
E01040,Female,28,Married,Bachelor,Operations,Operations Analyst,2,Delhi,Full-Time,2021-11-13,,True,,87500,15,3,6,50,3
E00401,Male,31,Divorced,PhD,IT,IT Support,3,Delhi,Full-Time,2020-02-06,,True,,189000,0,5,6,71,0
E00832,Male,35,Single,Master,Sales,Account Executive,4,Mumbai,Full-Time,2025-07-22,,True,,145000,10,3,4,5,3
E02136,Male,25,Married,Bachelor,Marketing,Content Writer,2,Hyderabad,Full-Time,2025-02-07,,True,,95500,20,4,6,10,6
E00974,Male,36,Married,Diploma,IT,DevOps Engineer,7,Chennai,Full-Time,2022-05-06,,True,,257000,0,4,8,44,10
E01248,Female,26,Married,Master,Operations,Logistics Coordinator,1,Delhi,Full-Time,2025-06-16,2025-11-11,False,Resigned,57000,0,4,8,4,10
E00788,Male,26,Married,Master,Customer Support,Escalation Specialist,1,Chennai,Part-Time,2022-08-31,2022-12-17,False,Retirement,44000,5,4,5,3,8
E00273,Female,40,Divorced,Master,Human Resources,HR Analyst,4,Chennai,Full-Time,2020-04-21,,True,,93000,15,5,3,69,9
E00301,Female,25,Married,Master,Operations,Logistics Coordinator,2,Delhi,Contract,2020-08-26,,True,,72000,10,3,4,65,8
E02856,Male,27,Married,PhD,Human Resources,HR Analyst,1,Mumbai,Part-Time,2023-02-15,,True,,72000,5,3,5,35,1
E01343,Female,36,Married,PhD,Human Resources,HR Analyst,2,Chennai,Contract,2022-08-24,,True,,92000,5,4,6,40,15
E01457,Female,36,Married,Bachelor,Sales,Business Development,4,Delhi,Full-Time,2022-09-26,,True,,121000,10,5,8,39,6
E00117,Female,26,Married,High School,Research & Development,Research Scientist,1,Bengaluru,Full-Time,2021-04-11,,True,,106000,10,4,7,57,0
E00919,Male,29,Single,High School,Research & Development,Research Scientist,2,Mumbai,Contract,2020-01-06,,True,,150000,0,4,3,72,14
E01689,Female,27,Married,PhD,Finance,Financial Analyst,2,Bengaluru,Full-Time,2023-07-12,,True,,120500,0,3,7,30,5
E02367,Female,30,Married,PhD,Human Resources,HR Analyst,1,Bengaluru,Full-Time,2022-03-19,,True,,77000,5,3,9,46,3
E02462,Male,33,Married,Diploma,Operations,Quality Analyst,3,Delhi,Full-Time,2025-07-17,,True,,104000,10,1,3,5,0
E01433,Male,27,Married,PhD,Finance,Credit Analyst,2,Delhi,Full-Time,2023-06-09,,True,,118000,5,3,8,31,22
E00664,Female,32,Divorced,PhD,IT,Data Analyst,1,Hyderabad,Full-Time,2020-08-15,,True,,91500,10,5,6,65,0
E00841,Female,41,Married,Master,Customer Support,Escalation Specialist,7,Mumbai,Full-Time,2020-01-13,,True,,120000,10,5,1,72,0
E02189,Male,32,Married,PhD,Marketing,Content Writer,4,Hyderabad,Full-Time,2024-05-09,,True,,94500,5,4,10,20,10
E02972,Male,30,Single,PhD,Human Resources,HR Analyst,2,Hyderabad,Contract,2020-07-25,,True,,111500,10,4,7,66,9
E02285,Female,33,Married,Bachelor,Marketing,Marketing Analyst,3,Mumbai,Full-Time,2020-09-04,,True,,111000,5,2,8,64,5
E00417,Male,31,Single,Bachelor,Customer Support,Support Agent,3,Hyderabad,Full-Time,2020-09-02,,True,,85500,0,4,9,64,0
E01897,Female,32,Married,High School,Marketing,SEO Specialist,2,Hyderabad,Full-Time,2025-08-26,,True,,73000,0,4,3,4,1
E01427,Male,32,Single,Master,,Quality Analyst,1,Chennai,Full-Time,2025-06-03,,True,,74500,15,5,8,7,1
E00683,Female,35,Married,PhD,Operations,Logistics Coordinator,2,Chennai,Contract,2023-01-23,2023-05-20,False,Relocation,104500,15,4,7,3,0
E01598,Male,25,Married,PhD,Customer Support,Escalation Specialist,2,Remote,Full-Time,2024-08-27,,True,,60000,0,4,6,16,5
E01959,Female,27,Single,Master,Operations,Quality Analyst,3,Hyderabad,Full-Time,2022-04-23,,True,,116000,0,3,8,44,0
E02299,Female,40,Married,High School,Sales,Account Executive,6,Bengaluru,Full-Time,2021-12-31,,True,,140500,5,4,5,48,0
E01685,Female,35,Married,Master,Finance,Financial Analyst,3,Chennai,Full-Time,2025-06-06,,True,,119500,5,5,7,6,2
E02491,Female,24,Single,Diploma,,Data Scientist,1,Mumbai,Full-Time,2023-03-28,2023-07-05,False,Resigned,138000,5,4,5,3,0
E00463,Female,27,Single,Bachelor,IT,Data Analyst,3,Bengaluru,Full-Time,2023-06-02,,True,,165500,0,5,9,31,9
E01322,Male,41,Single,Bachelor,Finance,Credit Analyst,5,Chennai,Contract,2020-07-01,,True,,113000,0,4,4,66,6
E00119,Unknown,25,Married,Bachelor,IT,IT Support,2,Delhi,Full-Time,2025-06-30,2025-11-07,False,Resigned,140500,0,3,9,4,5
E00980,Male,24,Married,PhD,IT,DevOps Engineer,1,Chennai,Full-Time,2024-10-20,,True,,146000,10,4,6,14,10
E00775,Male,42,Divorced,Master,IT,DevOps Engineer,5,Bengaluru,Full-Time,2020-09-10,,True,,153000,5,3,8,64,1
E00107,Male,29,Married,Bachelor,Operations,Operations Analyst,3,Mumbai,Part-Time,2024-07-23,,True,,80500,5,4,10,17,5
E02349,Male,32,Married,High School,Marketing,SEO Specialist,4,Remote,Full-Time,2025-01-06,,True,,89500,0,3,6,11,11
E02523,Male,30,Married,PhD,IT,IT Support,4,Mumbai,Full-Time,2025-07-25,,True,,210500,5,3,7,5,6
E00166,Male,34,Married,PhD,Research & Development,Data Scientist,3,Remote,Full-Time,2024-06-10,,True,,157000,0,4,3,18,18
E01839,Female,37,Married,Bachelor,Finance,Financial Analyst,4,Delhi,Full-Time,2020-04-21,,True,,145000,5,4,5,69,10
E02526,Male,27,Married,PhD,IT,Data Analyst,3,Bengaluru,Full-Time,2024-02-24,,True,,157000,5,1,6,22,0
E00653,Female,36,Single,Master,Sales,Sales Executive,5,Hyderabad,Full-Time,2025-07-13,,True,,134000,5,4,4,5,5
E00007,Female,38,Married,PhD,Finance,Credit Analyst,5,Remote,Full-Time,2020-02-07,,True,,158000,5,5,8,71,3
E02831,Female,30,Married,Master,Operations,Operations Analyst,2,Delhi,Full-Time,2021-07-16,,True,,79500,20,5,5,54,10
E00314,Male,37,Married,PhD,Operations,Logistics Coordinator,3,Chennai,Full-Time,2024-12-01,,True,,74500,5,5,9,13,8
E00500,Female,33,Single,PhD,Operations,Operations Analyst,4,Delhi,Full-Time,2023-12-26,,True,,116000,15,4,7,24,13
E00524,Female,32,Married,Master,Human Resources,Recruiter,4,Bengaluru,Full-Time,2022-12-28,,True,,82000,5,5,3,36,0
E02148,Female,31,Divorced,Bachelor,Research & Development,Product Engineer,2,Hyderabad,Full-Time,2020-03-09,2020-06-26,False,Resigned,148500,5,4,6,3,11
E00335,Female,31,Married,Master,Operations,Logistics Coordinator,3,Delhi,Full-Time,2022-01-07,2022-05-11,False,Relocation,119000,0,5,4,4,5
E01395,Female,28,Married,Diploma,Customer Support,Support Lead,3,Delhi,Full-Time,2022-03-29,,True,,75000,0,3,7,45,5
E01857,Male,41,Married,Bachelor,Customer Support,Support Agent,7,Bengaluru,Full-Time,2023-04-04,,True,,133500,5,5,5,33,0
E02757,Male,25,Married,Master,Customer Support,Support Lead,1,Delhi,Full-Time,2020-05-04,2020-08-10,False,Layoff,66500,0,5,8,3,5
E02001,Male,27,Single,PhD,Sales,Account Executive,1,Bengaluru,Full-Time,2020-06-15,,True,,90500,5,4,6,67,3
E01119,Female,34,Single,Bachelor,Research & Development,Product Engineer,6,Mumbai,Full-Time,2025-01-01,2025-02-02,False,Resigned,246500,0,4,9,1,0
E01292,Male,31,Married,Bachelor,Customer Support,Escalation Specialist,3,Chennai,Full-Time,2025-12-21,,True,,53500,0,2,6,1,4
E02840,Male,31,Divorced,Master,Finance,Credit Analyst,1,Bengaluru,Full-Time,2020-12-13,,True,,100500,0,4,4,61,5
E02858,Male,31,Married,Diploma,IT,DevOps Engineer,2,Chennai,Full-Time,2024-08-13,,True,,113000,20,2,10,16,10
E02515,Male,30,Married,High School,Operations,Operations Analyst,1,Delhi,Full-Time,2024-08-07,2024-10-16,False,Resigned,84500,5,3,7,2,6
E02087,Female,46,Single,High School,,Financial Analyst,7,Delhi,Full-Time,2025-03-26,,True,,215000,5,5,5,9,2
E02173,Male,30,Married,PhD,Operations,Logistics Coordinator,1,Delhi,Full-Time,2024-02-22,,True,,62000,10,3,6,22,0
E02508,Unknown,41,Single,Master,Marketing,Marketing Analyst,6,Mumbai,Full-Time,2021-08-12,,True,,89500,10,2,5,53,11
E02282,Male,26,Single,PhD,Marketing,Content Writer,2,Delhi,Full-Time,2022-08-23,2023-01-10,False,Layoff,65500,0,5,6,4,0
E01393,Female,38,Married,High School,Finance,Accountant,3,Mumbai,Full-Time,2020-06-03,,True,,115000,15,5,5,67,0
E01102,Male,29,Married,PhD,Sales,Account Executive,4,Chennai,Full-Time,2023-04-01,,True,,114000,0,5,6,33,4
E00640,Female,25,Married,High School,Finance,Financial Analyst,2,Mumbai,Full-Time,2025-01-06,,True,,97500,0,3,8,11,2
E02885,Female,32,Married,Bachelor,Finance,Financial Analyst,3,Remote,Full-Time,2021-11-28,,True,,90500,0,4,4,49,12
E01500,Male,30,Single,Master,IT,DevOps Engineer,1,Mumbai,Full-Time,2023-10-12,,True,,138000,0,5,6,27,5
E00552,Female,44,Married,High School,Customer Support,Escalation Specialist,6,Bengaluru,Full-Time,2025-08-10,2025-11-19,False,Resigned,103000,0,4,9,3,0
E01814,Male,24,Single,Master,IT,Software Engineer,1,Bengaluru,Full-Time,2022-08-29,,True,,102000,20,4,8,40,6
E01642,male,43,Married,PhD,Research & Development,Research Scientist,6,Chennai,Full-Time,2022-02-01,,True,,179500,20,4,9,47,0
E01038,Male,24,Married,Master,Human Resources,HR Generalist,1,Mumbai,Full-Time,2025-11-28,,True,,98000,20,3,10,1,13
E02142,Male,28,Married,High School,Human Resources,Recruiter,3,Mumbai,Full-Time,2025-11-24,,True,,120500,10,2,3,1,4
E02812,Male,34,Single,High School,Finance,Accountant,3,Mumbai,Full-Time,2024-06-14,,True,,117000,5,4,5,18,6
E01739,Unknown,32,Married,High School,Sales,Account Executive,2,Delhi,Full-Time,2024-12-02,2025-04-24,False,Resigned,82000,15,2,7,4,4
E01472,Male,27,Divorced,Bachelor,Sales,Business Development,3,Bengaluru,Full-Time,2023-08-03,,True,,108500,10,4,5,29,8
E00972,Female,35,Single,High School,Sales,Account Executive,2,Bengaluru,Contract,2023-07-28,2023-11-26,False,Relocation,78500,15,5,4,4,2
E02399,Male,38,Single,High School,Research & Development,Research Scientist,3,Bengaluru,Part-Time,2024-12-15,,True,,190500,10,5,7,12,10
E01771,Male,32,Single,High School,Sales,Business Development,2,Bengaluru,Full-Time,2020-03-31,2020-07-27,False,Layoff,89500,20,4,6,3,5
E00632,Female,27,Divorced,PhD,Customer Support,Escalation Specialist,3,Chennai,Full-Time,2024-01-25,,True,,82000,10,2,3,23,11
E00746,Male,32,Single,High School,Operations,Quality Analyst,3,Hyderabad,Full-Time,2023-06-10,,True,,101500,5,5,4,31,6
E01527,Male,32,Married,Master,Operations,Quality Analyst,1,Remote,Full-Time,2022-10-02,2023-01-23,False,Retirement,76500,0,5,4,3,3
E01524,Male,34,Married,Bachelor,Finance,Credit Analyst,1,Mumbai,Full-Time,2022-07-09,,True,,110000,0,3,4,42,3
E00227,Female,38,Divorced,Bachelor,Sales,Business Development,4,Delhi,Full-Time,2025-12-24,2025-12-30,False,Retirement,141000,5,4,3,1,5
E00154,Male,33,Married,Master,Sales,Account Executive,4,Delhi,Full-Time,2023-04-02,,True,,150000,0,5,7,33,4
E00388,Male,31,Married,High School,Operations,Logistics Coordinator,1,Delhi,Full-Time,2023-11-28,,True,,74500,5,5,5,25,12
E01829,Female,31,Married,Bachelor,Operations,Operations Analyst,2,Remote,Full-Time,2022-07-08,,True,,109000,5,3,5,42,11
E02015,Male,26,Single,Bachelor,Customer Support,Support Agent,1,Remote,Full-Time,2024-11-22,2024-12-29,False,Retirement,61500,0,4,7,1,2
E02555,Male,33,Divorced,Master,Sales,Business Development,3,Mumbai,Full-Time,2022-08-28,,True,,98000,0,3,4,40,5
E01906,Unknown,39,Married,Bachelor,Research & Development,Product Engineer,6,Chennai,Full-Time,2025-11-01,,True,,180000,10,5,9,2,14
E01011,Female,27,Single,High School,Operations,Quality Analyst,1,Remote,Full-Time,2025-11-20,,True,,71000,5,5,10,1,10
E00749,Female,32,Married,Bachelor,Customer Support,Support Agent,2,Delhi,Full-Time,2023-03-21,,True,,70000,0,4,10,33,3
E02379,Female,38,Married,Master,Sales,Account Executive,5,Bengaluru,Full-Time,2020-12-13,,True,,166000,0,4,6,61,0
E01865,Female,34,Married,High School,,Support Lead,2,Bengaluru,Full-Time,2025-01-27,,True,,69500,0,4,5,11,7
E00794,Male,34,Divorced,Diploma,Operations,Quality Analyst,2,Chennai,Full-Time,2022-08-14,,True,,80500,5,5,7,41,3
E01729,Male,31,Divorced,Diploma,Operations,Operations Analyst,2,Remote,Full-Time,2022-10-04,2023-01-23,False,Resigned,78500,0,3,7,3,5
E02200,Male,29,Married,Master,Customer Support,Support Agent,1,Remote,Part-Time,2020-07-29,,True,,52500,10,4,5,66,4
E00067,Female,32,Married,PhD,Human Resources,Recruiter,1,Bengaluru,Full-Time,2022-09-20,,True,,60000,20,5,5,39,17
E01883,Female,29,Single,PhD,Marketing,SEO Specialist,3,Delhi,Full-Time,2020-08-13,,True,,70000,10,3,10,65,3
E00232,Male,30,Married,High School,IT,Software Engineer,1,Chennai,Contract,2025-03-19,,True,,122500,0,2,5,9,3
E01768,Male,31,Married,PhD,IT,IT Support,2,Mumbai,Contract,2023-10-20,2023-12-18,False,Performance / Termination,116000,0,3,3,1,3
E00862,Female,32,Single,High School,IT,IT Support,5,Remote,Full-Time,2021-02-15,,True,,155500,0,4,4,59,0
E02985,Female,34,Married,Bachelor,Marketing,Marketing Analyst,1,Bengaluru,Full-Time,2020-08-16,,True,,88500,0,3,5,65,7
E01653,Female,41,Married,Diploma,Customer Support,Support Lead,5,Mumbai,Full-Time,2024-07-28,,True,,100500,0,3,3,17,4
E00770,Female,31,Married,High School,Operations,Operations Analyst,2,Remote,Full-Time,2023-12-07,2024-01-17,False,Resigned,72500,5,3,6,1,9
E02548,Male,23,Single,High School,Sales,Business Development,1,Bengaluru,Full-Time,2020-07-24,2020-11-30,False,Resigned,83500,0,5,7,4,5
E02373,Male,31,Married,Master,Operations,Operations Analyst,1,Chennai,Full-Time,2025-08-14,,True,,68500,10,4,6,4,12
E02237,Female,33,Single,PhD,Customer Support,Escalation Specialist,1,Mumbai,Full-Time,2021-03-08,,True,,71500,5,3,3,58,5
E00206,Female,34,Married,Bachelor,Operations,Operations Analyst,6,Remote,Full-Time,2023-01-29,,True,,149000,0,4,4,35,6
E00182,Male,31,Married,High School,Marketing,SEO Specialist,3,Chennai,Full-Time,2021-06-22,,True,,114000,5,4,7,55,8
E00087,Female,35,Divorced,Master,Operations,Operations Analyst,6,Delhi,Full-Time,2023-02-04,,True,,103000,0,3,4,35,12
E01578,Male,43,Married,High School,Sales,Account Executive,7,Hyderabad,Full-Time,2023-10-06,,True,,166000,5,3,4,27,0
E00985,Female,36,Married,Bachelor,IT,Software Engineer,5,Mumbai,Part-Time,2022-07-07,,True,,184500,0,4,6,42,4
E00088,Male,34,Divorced,High School,IT,DevOps Engineer,1,Delhi,Full-Time,2025-05-15,,True,,88000,0,5,7,7,6
E01678,Male,34,Married,Bachelor,Human Resources,HR Analyst,5,Chennai,Full-Time,2024-09-11,,True,,124500,0,3,5,15,0
E01160,Male,35,Married,Bachelor,Marketing,Content Writer,5,Remote,Full-Time,2024-07-29,,True,,116000,10,5,6,17,12
E00953,Male,40,Married,High School,IT,Software Engineer,4,Chennai,Full-Time,2020-04-08,,True,,176500,5,3,6,69,0
E00764,Male,24,Married,High School,Marketing,Content Writer,1,Mumbai,Part-Time,2024-12-19,,True,,54500,5,3,8,12,0
E00051,Male,32,Married,PhD,Operations,Quality Analyst,5,Hyderabad,Contract,2025-04-03,2025-08-31,False,Resigned,124000,5,5,6,5,8
E02983,Female,37,Divorced,Diploma,Operations,Operations Analyst,4,Chennai,Full-Time,2021-08-15,,True,,137500,15,3,6,53,6
E01999,Female,30,Divorced,PhD,Sales,Sales Executive,1,Hyderabad,Part-Time,2021-03-30,2021-06-23,False,Resigned,1500000,5,5,4,2,3
E02277,Male,32,Married,Bachelor,Operations,Logistics Coordinator,2,Delhi,Full-Time,2021-05-02,2021-08-27,False,Retirement,105500,0,3,8,3,1
E01288,Female,35,Married,Master,Customer Support,Escalation Specialist,3,Mumbai,Full-Time,2023-03-14,,True,,79500,5,3,8,34,3
E00480,Female,28,Single,Master,Operations,Quality Analyst,1,Delhi,Full-Time,2022-07-14,2022-09-24,False,Resigned,86000,0,4,8,2,0
E02362,Male,32,Single,Master,Research & Development,Research Scientist,5,Hyderabad,Full-Time,2025-05-08,,True,,146500,0,5,5,7,9
E02507,male,24,Single,Master,IT,Software Engineer,1,Chennai,Full-Time,2022-11-01,,True,,117500,10,4,3,38,0
E01750,Female,33,Married,PhD,Operations,Quality Analyst,4,Remote,Full-Time,2023-10-19,2023-12-10,False,Resigned,83500,0,5,3,1,0
E00484,Male,27,Married,Bachelor,Customer Support,Escalation Specialist,1,Mumbai,Full-Time,2022-12-17,2023-04-10,False,Resigned,67000,10,3,6,3,9
E01858,Female,32,Single,PhD,,Accountant,3,Bengaluru,Full-Time,2024-12-17,,True,,94500,0,2,8,12,17
E00826,Female,45,Single,High School,IT,Software Engineer,7,Remote,Full-Time,2020-09-02,2021-01-21,False,Layoff,257000,15,5,3,4,10
E02397,Male,29,Single,Bachelor,Sales,Sales Executive,3,Chennai,Full-Time,2020-01-12,,True,,138000,5,4,5,72,10
E00735,Male,26,Divorced,Diploma,Sales,Sales Executive,2,Hyderabad,Full-Time,2021-06-24,,True,,74000,5,4,5,55,4
E01798,Male,34,Single,PhD,Customer Support,Escalation Specialist,2,Mumbai,Full-Time,2023-11-23,,True,,76500,0,3,6,25,14
E01946,Male,250,Married,Bachelor,Executive,CEO,3,Mumbai,Full-Time,2023-04-26,,True,,241500,5,5,7,32,3
E02941,Male,41,Married,PhD,Human Resources,HR Generalist,5,Chennai,Full-Time,2020-01-25,,True,,113000,5,4,10,72,3
E00095,Female,44,Married,High School,Customer Support,Support Agent,6,Hyderabad,Part-Time,2025-03-25,2025-07-07,False,Resigned,119000,10,5,6,3,8
E00414,Male,36,Single,Diploma,Research & Development,Product Engineer,2,Hyderabad,Full-Time,2021-04-28,2021-09-06,False,Retirement,139500,15,5,5,4,0
E00436,Male,29,Married,PhD,Operations,Logistics Coordinator,4,Chennai,Full-Time,2021-07-22,,True,,89000,10,3,5,54,0
E00754,Female,25,Married,High School,,Recruiter,2,Hyderabad,Full-Time,2023-12-22,,True,,82000,15,3,7,24,0
E01559,Male,32,Single,Bachelor,Customer Support,Escalation Specialist,1,Bengaluru,Full-Time,2021-09-21,,True,,72000,20,5,6,52,10
E00318,Female,37,Single,Master,Research & Development,Data Scientist,3,Bengaluru,Full-Time,2025-01-09,2025-03-10,False,Resigned,188000,0,3,5,2,4
E01304,Male,28,Married,Diploma,IT,Data Analyst,2,Delhi,Full-Time,2023-01-17,,True,,125000,0,3,5,35,7
E02609,Male,32,Married,High School,Finance,Credit Analyst,5,Mumbai,Full-Time,2021-05-22,,True,,146000,10,4,3,56,7
E01075,Female,33,Married,High School,IT,Software Engineer,3,Delhi,Full-Time,2021-08-10,,True,,181500,5,5,5,53,6
E00849,Male,33,Single,High School,Finance,Accountant,5,Remote,Full-Time,2021-07-24,,True,,106500,0,4,6,54,0
E00635,Female,32,Married,PhD,,Quality Analyst,2,Mumbai,Full-Time,2020-01-10,,True,,111000,10,3,9,72,1
E00708,Female,28,Married,Master,IT,Data Analyst,2,Mumbai,Full-Time,2020-10-04,,True,,120000,10,3,4,63,2
E00604,Female,26,Married,Master,Operations,Operations Analyst,2,Bengaluru,Full-Time,2025-11-07,,True,,66000,15,3,8,1,18
E00370,Female,34,Married,Diploma,IT,DevOps Engineer,2,Delhi,Full-Time,2025-11-10,,True,,160500,5,5,9,1,1
E02564,Female,30,Married,PhD,Customer Support,Support Agent,3,Mumbai,Full-Time,2022-09-30,,True,,82500,10,3,6,39,6
E01567,Female,40,Married,High School,IT,Data Analyst,5,Mumbai,Full-Time,2020-05-10,,True,,229000,5,4,5,68,0
E00921,Male,35,Married,Master,Finance,Accountant,5,Bengaluru,Full-Time,2023-05-28,2023-09-19,False,Relocation,180500,5,5,5,3,7
E01230,Female,44,Single,PhD,Research & Development,Data Scientist,7,Remote,Full-Time,2025-08-05,,True,,306000,5,4,8,4,4
E02461,Female,32,Single,High School,Human Resources,Recruiter,5,Chennai,Full-Time,2020-10-03,,True,,89500,0,4,6,63,8
E02252,Female,35,Married,Bachelor,Finance,Accountant,2,Mumbai,Part-Time,2024-01-29,,True,,90500,5,5,7,23,6
E00884,Female,33,Single,Diploma,Operations,Logistics Coordinator,2,Bengaluru,Full-Time,2024-01-16,,True,,83000,5,5,4,23,1
E00716,Male,26,Single,High School,Marketing,Content Writer,1,Bengaluru,Full-Time,2020-08-25,,True,,59500,10,4,4,65,0
E00144,Male,31,Married,Master,Human Resources,Recruiter,5,Chennai,Contract,2023-10-12,,True,,130000,10,5,4,27,0
E02585,male,35,Single,Bachelor,Customer Support,Support Agent,2,Chennai,Full-Time,2022-12-27,,True,,61000,0,4,7,36,0
E01913,Male,31,Married,Bachelor,Sales,Business Development,3,Mumbai,Full-Time,2023-03-10,,True,,93500,0,3,7,34,9
E00234,Female,30,Married,Master,IT,IT Support,1,Mumbai,Part-Time,2024-05-06,2024-09-06,False,Resigned,142500,10,5,6,4,7
E02952,Male,29,Married,Diploma,IT,Software Engineer,3,Mumbai,Full-Time,2020-04-20,2020-06-29,False,Retirement,163000,5,4,4,2,7
E02502,Unknown,35,Single,PhD,Customer Support,Escalation Specialist,2,Hyderabad,Full-Time,2024-06-20,,True,,75500,5,3,5,18,6
E00686,Male,39,Married,Diploma,Human Resources,Recruiter,4,Delhi,Full-Time,2023-01-24,,True,,131000,5,4,5,35,9
E01880,Male,31,Single,High School,Human Resources,Recruiter,3,Mumbai,Full-Time,2023-11-23,,True,,71000,10,4,4,25,2
E02034,Male,36,Married,Master,Marketing,Content Writer,2,Delhi,Full-Time,2023-11-21,,True,,71000,15,3,7,25,0
E02561,Male,31,Married,Master,Sales,Business Development,1,Remote,Full-Time,2021-06-24,,True,,,15,3,8,55,2
E01391,Male,27,Married,PhD,Operations,Quality Analyst,1,Remote,Full-Time,2021-02-13,2021-06-01,False,Layoff,74000,0,4,6,3,4
E01949,Female,29,Married,PhD,Finance,Accountant,3,Chennai,Full-Time,2021-04-21,,True,,121000,5,3,6,57,8
E02172,Male,40,Married,High School,Customer Support,Escalation Specialist,4,Bengaluru,Full-Time,2025-04-01,,True,,78500,10,5,2,9,8
E02687,Male,34,Married,Bachelor,Operations,Logistics Coordinator,4,Remote,Full-Time,2025-07-04,2025-09-13,False,Performance / Termination,119500,5,2,8,2,6
E00799,Female,38,Married,Master,Operations,Operations Analyst,3,Chennai,Full-Time,2025-05-31,,True,,126500,10,5,9,7,0
E01923,Female,25,Single,Master,Operations,Operations Analyst,2,Bengaluru,Full-Time,2025-04-15,2025-08-01,False,Resigned,105500,0,4,5,3,9
E02663,Male,25,Married,Bachelor,Executive,CEO,2,Delhi,Full-Time,2021-09-13,,True,,186000,15,4,4,52,16
E00991,Female,36,Married,PhD,IT,Software Engineer,3,Hyderabad,Full-Time,2022-03-10,,True,,175500,5,5,7,46,8
E01940,Female,42,Married,Master,Customer Support,Support Lead,7,Bengaluru,Full-Time,2024-04-30,,True,,130500,0,2,7,20,2
E02202,Male,36,Married,PhD,Customer Support,Support Agent,3,Bengaluru,Full-Time,2022-09-03,2022-10-26,False,Performance / Termination,54500,10,4,5,1,0
E00529,Female,27,Married,Bachelor,Customer Support,Support Agent,2,Remote,Part-Time,2020-05-24,2020-09-30,False,Retirement,83000,0,3,4,4,6
E02374,Male,30,Married,Diploma,Finance,Accountant,2,Delhi,Full-Time,2022-06-04,,True,,126500,0,3,7,43,4
E01580,Female,26,Single,PhD,Finance,Accountant,1,Remote,Full-Time,2023-01-31,,True,,74500,0,3,6,35,2
E02313,Female,30,Married,Master,Customer Support,Support Agent,4,Chennai,Full-Time,2020-01-29,,True,,63000,0,1,6,72,0
E02613,Male,29,Married,Master,IT,IT Support,2,Bengaluru,Full-Time,2021-11-28,,True,,96500,10,3,7,49,2
E01249,Female,25,Married,Bachelor,Operations,Quality Analyst,2,Delhi,Full-Time,2021-01-21,,True,,106000,10,3,8,60,5
E00804,Male,30,Single,Master,Operations,Operations Analyst,2,Delhi,Full-Time,2020-07-02,,True,,71000,0,3,6,66,7
E00695,Female,31,Single,High School,Customer Support,Support Lead,3,Hyderabad,Full-Time,2023-07-17,,True,,75500,10,4,4,29,5
E01582,Male,24,Married,High School,Sales,Account Executive,1,Mumbai,Full-Time,2023-11-03,2024-03-06,False,Resigned,81500,5,1,7,4,0
E00569,Female,34,Divorced,PhD,IT,Software Engineer,2,Chennai,Full-Time,2025-03-04,,True,,97500,10,5,8,10,0
E00615,Female,38,Divorced,Diploma,Marketing,Content Writer,3,Chennai,Full-Time,2025-02-07,,True,,115500,5,4,3,10,2
E02351,Female,34,Single,Master,Executive,COO,1,Delhi,Full-Time,2024-10-29,,True,,209000,0,2,10,14,6
E00366,Female,33,Married,PhD,Finance,Accountant,2,Bengaluru,Full-Time,2021-05-08,2021-07-06,False,Resigned,119000,5,4,6,1,0
E01706,Male,28,Married,Master,Customer Support,Escalation Specialist,3,Chennai,Full-Time,2024-06-01,,True,,73500,10,2,6,19,4
E02392,Female,31,Single,Bachelor,Marketing,SEO Specialist,3,Hyderabad,Full-Time,2024-01-11,,True,,110500,0,3,7,24,0
E02217,Male,35,Divorced,Diploma,Human Resources,HR Generalist,3,Mumbai,Full-Time,2025-07-18,,True,,88500,0,5,6,5,10
E01422,Female,37,Divorced,Master,Customer Support,Escalation Specialist,5,Remote,Full-Time,2022-04-17,,True,,77500,0,3,5,45,22
E02259,Male,35,Married,Bachelor,IT,DevOps Engineer,2,Chennai,Full-Time,2021-02-19,,True,,138500,5,5,6,59,8
E00400,Female,27,Married,High School,Customer Support,Support Lead,1,Bengaluru,Full-Time,2025-06-04,,True,,68500,0,4,7,7,4
E01493,Male,31,Married,Bachelor,IT,IT Support,3,Hyderabad,Full-Time,2022-03-09,,True,,112500,0,4,8,46,4
E00614,Female,26,Married,PhD,Sales,Account Executive,1,Delhi,Full-Time,2020-07-08,,True,,78000,5,4,6,66,2
E01484,Male,32,Married,Master,Sales,Account Executive,4,Chennai,Full-Time,2025-09-17,,True,,146500,10,4,8,3,9
E02269,Female,37,Married,High School,Operations,Operations Analyst,5,Remote,Full-Time,2020-07-27,,True,,124500,5,3,4,66,9
E00496,Male,26,Single,Bachelor,Human Resources,Recruiter,2,Mumbai,Full-Time,2020-06-10,,True,,69500,0,5,6,67,0
E02733,male,29,Married,Master,Finance,Accountant,3,Chennai,Full-Time,2020-06-02,2020-09-07,False,Resigned,98500,10,4,7,3,0
E01772,Male,32,Divorced,High School,Operations,Quality Analyst,2,Mumbai,Full-Time,2025-03-12,,True,,109000,5,3,6,9,2
E00255,Female,34,Married,Bachelor,Sales,Business Development,4,Bengaluru,Full-Time,2021-11-26,,True,,114500,10,4,6,49,0
E01021,Female,32,Married,Diploma,IT,Data Analyst,2,Bengaluru,Part-Time,2025-06-28,2025-10-03,False,Resigned,142500,0,4,6,3,2
E02159,Male,32,Married,High School,Human Resources,HR Analyst,5,Mumbai,Full-Time,2024-09-08,,True,,95000,5,5,7,15,4
E02532,Male,34,Married,Master,Operations,Quality Analyst,4,Hyderabad,Full-Time,2021-04-01,,True,,84000,5,4,8,57,6
E02935,Female,40,Married,High School,Finance,Credit Analyst,4,Chennai,Full-Time,2022-10-03,2023-02-10,False,Retirement,121500,20,4,8,4,3
E02003,Female,25,Married,High School,Customer Support,Support Lead,1,Chennai,Part-Time,2023-02-05,,True,,69500,15,4,9,35,13
E02828,Male,35,Married,PhD,Sales,Sales Executive,3,Delhi,Full-Time,2020-07-31,,True,,97500,5,4,8,65,5
E00392,Male,31,Married,Bachelor,Customer Support,Support Agent,3,Delhi,Full-Time,2022-03-20,2022-07-06,False,Resigned,91500,20,5,10,3,6
E00169,Male,30,Married,PhD,Operations,Quality Analyst,4,Hyderabad,Full-Time,2024-10-31,2025-01-11,False,Retirement,136500,15,4,4,2,7
E01217,Female,31,Married,Bachelor,Finance,Financial Analyst,1,Chennai,Full-Time,2024-11-06,,True,,92500,0,5,6,14,0
E01746,Female,30,Single,PhD,Customer Support,Escalation Specialist,3,Chennai,Full-Time,2022-09-18,2022-12-30,False,Resigned,75500,5,3,4,3,7
E01780,Male,40,Married,High School,Finance,Credit Analyst,7,Delhi,Full-Time,2021-07-15,,True,,162500,5,5,9,54,0
E00877,Female,25,Divorced,PhD,Research & Development,Data Scientist,1,Hyderabad,Full-Time,2020-10-23,,True,,115000,20,3,7,63,11
E01250,Male,36,Married,Diploma,Research & Development,Product Engineer,6,Hyderabad,Full-Time,2022-09-07,,True,,167500,0,4,6,40,2
E01252,Female,29,Married,Diploma,Customer Support,Support Lead,1,Delhi,Full-Time,2022-11-24,,True,,65500,20,4,5,37,0
E01298,Male,31,Married,Master,Finance,Accountant,2,Remote,Full-Time,2021-07-29,,True,,116000,0,4,8,53,1
E01190,Female,26,Married,Diploma,Research & Development,Research Scientist,1,Bengaluru,Full-Time,2023-12-20,,True,,144500,0,5,5,24,4
E02041,Male,31,Single,Diploma,Customer Support,Support Agent,3,Remote,Part-Time,2020-12-01,,True,,57500,0,4,7,61,5
E00337,Male,35,Married,PhD,Operations,Logistics Coordinator,5,Mumbai,Full-Time,2022-06-10,,True,,120000,10,2,7,43,15
E01073,Female,36,Married,Master,Operations,Operations Analyst,6,Hyderabad,Full-Time,2023-04-22,,True,,160000,0,3,5,32,0
E01737,Male,25,Single,High School,IT,Software Engineer,2,Bengaluru,Full-Time,2020-06-30,2020-08-12,False,Resigned,162500,0,4,3,1,0
E00367,Female,36,Married,Diploma,Human Resources,HR Analyst,7,Mumbai,Full-Time,2021-05-29,,True,,171000,0,4,8,55,0
E01766,Male,31,Married,High School,Customer Support,Support Agent,5,Bengaluru,Full-Time,2024-12-20,,True,,102000,10,4,3,12,0
E02005,Male,41,Married,Diploma,Operations,Logistics Coordinator,7,Hyderabad,Full-Time,2020-03-14,,True,,168000,0,4,7,70,0
E00355,Female,31,Married,PhD,IT,Data Analyst,4,Chennai,Full-Time,2022-09-14,,True,,126000,0,5,5,40,4
E02050,Male,32,Married,Master,Research & Development,Research Scientist,4,Hyderabad,Full-Time,2023-07-27,2023-11-07,False,Layoff,137000,0,4,9,3,10
E01245,Unknown,33,Married,Master,Marketing,Marketing Analyst,1,Chennai,Full-Time,2025-05-20,2025-09-17,False,Resigned,,5,4,6,4,9
E02119,Female,39,Married,Bachelor,Customer Support,Escalation Specialist,4,Delhi,Full-Time,2024-08-07,,True,,73000,0,5,8,17,15
E02465,Male,29,Single,PhD,Sales,Business Development,3,Delhi,Contract,2022-03-04,,True,,113500,20,5,7,46,8
E00677,Female,33,Married,Bachelor,IT,DevOps Engineer,3,Bengaluru,Full-Time,2020-12-14,,True,,187000,15,4,8,61,6
E01922,Female,31,Single,Bachelor,Marketing,SEO Specialist,4,Chennai,Full-Time,2021-06-10,,True,,98500,5,3,8,55,9
E01989,Male,39,Single,Diploma,Customer Support,Support Lead,7,Remote,Full-Time,2025-02-11,2025-05-03,False,Relocation,103000,0,2,8,2,11
E02764,Female,25,Married,Diploma,Customer Support,Support Lead,2,Bengaluru,Full-Time,2020-06-28,2020-09-17,False,Resigned,74500,0,3,10,2,1
E02650,Male,25,Married,PhD,Operations,Logistics Coordinator,2,Mumbai,Full-Time,2021-01-25,,True,,109000,0,3,6,60,5
E02113,Male,32,Married,Diploma,Marketing,Content Writer,2,Remote,Contract,2024-08-18,,True,,89000,15,4,7,16,0
E00828,Male,37,Single,Diploma,Marketing,Marketing Analyst,5,Remote,Full-Time,2025-06-30,2025-09-29,False,Resigned,99500,5,2,3,3,9
E00210,Male,27,Single,Bachelor,Customer Support,Support Lead,2,Delhi,Contract,2023-03-22,,True,,72000,5,4,1,33,5
E02567,Female,30,Single,PhD,Sales,Account Executive,3,Mumbai,Full-Time,2025-07-08,,True,,78000,10,2,5,5,11
E00457,Male,33,Married,Bachelor,Sales,Account Executive,3,Bengaluru,Full-Time,2020-04-13,,True,,92500,0,2,7,69,0
E00454,Female,38,Married,High School,Finance,Financial Analyst,3,Mumbai,Full-Time,2021-09-09,,True,,104000,0,3,8,52,6
E00618,Male,32,Divorced,PhD,IT,Software Engineer,4,Delhi,Full-Time,2022-11-14,,True,,137500,5,4,8,38,4
E02197,Male,35,Single,High School,Sales,Sales Executive,2,Delhi,Full-Time,2023-11-06,,True,,73000,10,3,8,26,12
E00257,Male,24,Married,Bachelor,Finance,Accountant,1,Hyderabad,Full-Time,2021-10-17,2022-01-18,False,Retirement,64000,0,4,7,3,21
E01986,Female,36,Married,PhD,Customer Support,Support Agent,3,Delhi,Full-Time,2021-11-18,,True,,73500,0,4,9,50,5
E02199,Male,28,Divorced,PhD,Operations,Operations Analyst,3,Delhi,Full-Time,2025-01-08,2025-03-19,False,Resigned,79000,0,5,7,2,3
E01430,Female,32,Married,Diploma,Customer Support,Support Lead,1,Delhi,Contract,2024-02-26,,True,,70500,0,5,6,22,0
E00843,Female,33,Divorced,PhD,Finance,Credit Analyst,4,Remote,Full-Time,2024-11-28,,True,,165500,0,3,6,13,0
E00140,Female,36,Married,High School,Sales,Sales Executive,6,Chennai,Full-Time,2025-03-24,,True,,119000,15,4,4,9,6
E00009,Male,34,Married,Diploma,Customer Support,Support Lead,1,Mumbai,Full-Time,2022-12-27,2023-02-10,False,Resigned,56000,5,5,8,1,16
E00111,Male,37,Single,Diploma,Human Resources,HR Analyst,5,Chennai,Part-Time,2025-09-25,,True,,115000,5,4,7,3,9
E02571,Male,33,Married,Master,Sales,Sales Executive,1,Hyderabad,Full-Time,2022-10-21,,True,,72000,5,4,7,38,12
E02331,Male,37,Single,PhD,Customer Support,Support Lead,7,Mumbai,Full-Time,2025-11-14,,True,,133000,0,2,9,1,3
E01279,Male,41,Married,Bachelor,IT,Software Engineer,5,Delhi,Part-Time,2025-04-06,,True,,156500,0,4,7,8,4
E02635,Female,27,Married,Diploma,Finance,Accountant,3,Remote,Part-Time,2020-10-09,,True,,138000,5,5,7,63,13
E01512,female,30,Married,High School,Sales,Account Executive,1,Delhi,Full-Time,2022-05-16,2022-08-22,False,Resigned,106500,15,3,6,3,4
E02288,female,34,Single,Diploma,Research & Development,Product Engineer,2,Mumbai,Full-Time,2024-07-22,,True,,121000,15,4,8,17,0
E01587,Male,32,Married,PhD,Operations,Logistics Coordinator,2,Delhi,Full-Time,2024-04-03,,True,,83500,5,3,5,21,0
E02554,Female,26,Married,High School,Human Resources,HR Analyst,2,Hyderabad,Full-Time,2021-12-27,,True,,106000,10,4,4,48,6
E02735,Male,34,Married,High School,IT,Software Engineer,1,Chennai,Full-Time,2020-01-16,,True,,127500,0,5,7,72,0
E00626,Male,33,Single,Diploma,Finance,Financial Analyst,3,Delhi,Contract,2022-03-24,,True,,,10,3,5,45,8
E01799,Male,31,Divorced,Master,Research & Development,Research Scientist,2,Hyderabad,Part-Time,2021-02-03,,True,,127500,10,3,6,59,12
E00410,Male,29,Single,Diploma,Marketing,Content Writer,4,Hyderabad,Full-Time,2021-12-08,,True,,97500,15,4,8,49,9
E00696,Male,31,Married,Diploma,Finance,Accountant,1,Chennai,Full-Time,2021-02-18,,True,,68000,5,3,8,59,9
E02057,female,29,Single,PhD,Finance,Financial Analyst,1,Chennai,Full-Time,2021-08-26,,True,,106500,10,4,10,52,21
E00801,Female,33,Single,Diploma,Customer Support,Support Agent,3,Remote,Part-Time,2020-08-01,,True,,90000,0,5,6,65,0
E01387,Male,25,Married,Diploma,IT,Software Engineer,2,Remote,Full-Time,2020-09-29,,True,,165500,10,4,7,63,14
E00603,Male,27,Married,Master,Research & Development,Research Scientist,3,Chennai,Full-Time,2024-11-19,,True,,190000,10,4,6,13,5
E00523,Male,34,Married,High School,Marketing,SEO Specialist,4,Bengaluru,Full-Time,2020-04-02,,True,,99500,10,3,9,69,7
E01139,Male,29,Married,High School,Research & Development,Research Scientist,3,Remote,Full-Time,2020-03-17,,True,,138500,0,2,6,70,2
E00499,Female,23,Married,High School,Sales,Account Executive,1,Mumbai,Full-Time,2020-09-17,2021-02-11,False,Relocation,81000,0,3,4,4,7
E00214,Male,32,Married,Bachelor,Customer Support,Support Agent,2,Hyderabad,Full-Time,2024-04-21,2024-06-24,False,Resigned,57000,0,4,6,2,4
E01492,Female,26,Married,PhD,Research & Development,Data Scientist,1,Chennai,Full-Time,2020-11-25,2020-12-27,False,Resigned,149500,0,4,7,1,0
E01153,Female,24,Single,Bachelor,IT,Software Engineer,1,Chennai,Full-Time,2023-06-03,2023-10-27,False,Layoff,100000,5,4,4,4,4
E00387,Male,31,Single,Master,IT,Data Analyst,4,Mumbai,Part-Time,2022-07-29,,True,,164000,10,3,8,41,9
E01977,Female,32,Married,Master,Marketing,SEO Specialist,1,Chennai,Full-Time,2021-04-01,,True,,67500,15,5,9,57,11
E02665,Female,28,Married,PhD,Sales,Account Executive,2,Hyderabad,Full-Time,2020-01-21,2020-03-19,False,Resigned,120500,5,3,7,1,8
E01337,Male,36,Married,Master,Finance,Credit Analyst,5,Delhi,Full-Time,2020-11-02,,True,,134500,5,1,7,62,1
E01320,Male,30,Divorced,Master,Customer Support,Escalation Specialist,3,Delhi,Full-Time,2024-07-18,2024-09-27,False,Resigned,92500,0,3,6,2,2
E00032,Female,36,Married,Diploma,IT,DevOps Engineer,4,Mumbai,Full-Time,2025-10-26,,True,,195500,10,5,6,2,7
E01468,Female,28,Married,Bachelor,Sales,Business Development,1,Hyderabad,Full-Time,2020-03-26,2020-05-30,False,Performance / Termination,80000,10,1,4,2,12
E00627,Male,37,Married,PhD,Customer Support,Escalation Specialist,5,Bengaluru,Full-Time,2024-08-24,,True,,93000,0,4,4,16,6
E00841,Female,41,Married,Master,Customer Support,Escalation Specialist,7,Mumbai,Full-Time,2020-01-13,,True,,120000,10,5,1,72,0
E02709,Male,33,Married,Master,Finance,Financial Analyst,4,Remote,Full-Time,2024-07-19,,True,,142500,0,4,8,17,4
E01012,Female,25,Single,High School,Marketing,Content Writer,2,Delhi,Full-Time,2020-05-11,,True,,90500,15,5,6,68,17
E02386,Male,28,Single,Master,Human Resources,HR Generalist,3,Chennai,Full-Time,2023-05-07,,True,,108500,5,3,2,32,3
E02443,Female,33,Married,High School,Customer Support,Support Lead,2,Bengaluru,Full-Time,2023-06-04,2023-10-19,False,Resigned,58000,0,3,6,4,14
E00667,Female,28,Married,Bachelor,Customer Support,Support Lead,3,Remote,Full-Time,2022-04-17,,True,,75500,5,3,8,45,2
E00576,Male,36,Married,PhD,Customer Support,Support Lead,4,Hyderabad,Full-Time,2020-06-29,,True,,68500,5,4,7,67,12
E00161,Female,31,Single,Diploma,Sales,Sales Executive,4,Remote,Full-Time,2024-01-17,,True,,137500,0,4,8,23,3
E01411,Female,25,Married,Bachelor,Finance,Credit Analyst,1,Hyderabad,Full-Time,2023-12-17,,True,,108000,0,4,6,24,0
E01760,Male,36,Married,High School,Operations,Quality Analyst,2,Mumbai,Full-Time,2021-05-04,2021-06-29,False,Resigned,107500,0,5,6,1,3
E02346,Female,32,Single,High School,IT,DevOps Engineer,3,Mumbai,Full-Time,2025-08-12,,True,,127000,0,3,8,4,11
E02836,Male,24,Married,PhD,Sales,Sales Executive,1,Hyderabad,Full-Time,2023-03-30,,True,,71500,0,4,8,33,2
E02471,Female,32,Married,PhD,Research & Development,Data Scientist,1,Chennai,Full-Time,2021-07-01,,True,,135500,10,3,4,54,4
E02684,Male,33,Married,Master,Operations,Logistics Coordinator,5,Bengaluru,Full-Time,2021-08-30,2021-10-19,False,Layoff,141500,10,4,6,1,0
E01317,Female,30,Married,Master,Sales,Sales Executive,1,Delhi,Full-Time,2024-08-13,,True,,67500,15,4,7,16,3
E00556,Male,39,Married,PhD,Human Resources,HR Generalist,4,Mumbai,Full-Time,2020-12-21,2021-01-30,False,Retirement,103500,0,5,7,1,14
E00424,Male,34,Married,Diploma,Sales,Account Executive,5,Chennai,Full-Time,2021-06-08,,True,,122500,0,3,3,55,2
E00035,Female,33,Single,Master,Research & Development,Product Engineer,4,Remote,Full-Time,2023-09-20,2023-11-27,False,Relocation,207500,10,3,4,2,7
E00703,Female,32,Single,Diploma,Finance,Accountant,2,Hyderabad,Full-Time,2023-12-21,,True,,77500,10,3,5,24,3
E00425,Female,33,Married,High School,Operations,Operations Analyst,3,Bengaluru,Full-Time,2023-08-09,,True,,102000,10,5,7,29,6
E00139,female,32,Married,Diploma,Operations,Logistics Coordinator,1,Delhi,Full-Time,2022-06-05,,True,,78500,0,4,7,43,13
E01735,Male,28,Married,PhD,IT,IT Support,1,Hyderabad,Full-Time,2020-12-14,,True,,98000,15,3,6,61,15
E00444,Female,29,Married,PhD,Sales,Account Executive,2,Mumbai,Full-Time,2023-04-06,,True,,90000,15,5,5,33,0
E00004,Female,28,Married,Master,Customer Support,Escalation Specialist,3,Chennai,Full-Time,2024-06-21,,True,,70000,5,3,7,18,0
E02021,Male,31,Married,High School,Sales,Business Development,3,Bengaluru,Full-Time,2020-01-13,,True,,77500,0,5,3,72,4
E01841,Female,24,Married,Master,Human Resources,Recruiter,1,Hyderabad,Full-Time,2024-06-20,,True,,80000,0,4,4,18,0
E00383,Unknown,33,Single,High School,Customer Support,Support Lead,1,Chennai,Full-Time,2024-03-18,2024-06-06,False,Resigned,63000,15,4,5,2,8
E02569,Female,39,Married,Master,Customer Support,Support Lead,5,Hyderabad,Full-Time,2023-08-01,,True,,102000,10,5,6,29,6
E01030,Female,39,Married,Bachelor,,Data Scientist,4,Mumbai,Full-Time,2025-02-04,,True,,158500,10,3,3,11,4
E00961,Female,23,Married,High School,IT,DevOps Engineer,1,Chennai,Full-Time,2020-11-20,,True,,82500,5,3,8,62,4
E00542,Female,29,Married,Diploma,Sales,Account Executive,3,Hyderabad,Full-Time,2024-02-04,,True,,114000,5,4,5,23,6
E01813,Male,32,Married,PhD,Research & Development,Data Scientist,1,Mumbai,Full-Time,2020-08-15,,True,,109000,5,2,6,65,6
E01708,Female,31,Married,Diploma,Operations,Operations Analyst,2,Chennai,Full-Time,2022-02-02,,True,,93500,0,5,6,47,6
E00372,male,29,Divorced,PhD,Human Resources,Recruiter,2,Chennai,Contract,2020-10-09,,True,,75000,5,5,7,63,5
E01600,Male,35,Single,Diploma,Operations,Quality Analyst,4,Mumbai,Part-Time,2025-10-04,2025-12-30,False,Performance / Termination,133000,5,4,6,2,0
E00219,Female,34,Married,High School,Operations,Operations Analyst,2,Mumbai,Full-Time,2021-02-13,,True,,78500,0,3,5,59,9
E00723,Female,41,Single,Bachelor,IT,Software Engineer,6,Mumbai,Full-Time,2020-12-04,,True,,146000,0,4,7,61,0
E01607,Female,25,Married,Bachelor,Marketing,SEO Specialist,2,Bengaluru,Full-Time,2020-04-23,,True,,100500,10,3,6,69,8
E01901,Male,30,Married,Diploma,Research & Development,Product Engineer,2,Remote,Full-Time,2020-10-16,,True,,147500,0,5,4,63,10
E02112,Male,23,Married,High School,IT,DevOps Engineer,1,Chennai,Full-Time,2025-11-14,,True,,141000,0,4,4,1,10
E00293,Female,30,Married,Diploma,Operations,Quality Analyst,1,Remote,Full-Time,2024-04-13,2024-08-24,False,Layoff,56500,0,3,6,4,3
E02078,Male,30,Married,PhD,Operations,Logistics Coordinator,1,Delhi,Full-Time,2020-04-11,,True,,57500,5,1,6,69,0
E00003,Female,31,Married,Master,Sales,Sales Executive,3,Delhi,Full-Time,2020-11-08,,True,,96000,10,3,8,62,12
E02070,Male,23,Single,Bachelor,Operations,Logistics Coordinator,1,Hyderabad,Full-Time,2020-09-30,2020-12-08,False,Retirement,61000,5,3,7,2,8
E01783,Male,33,Married,Master,IT,IT Support,2,Delhi,Full-Time,2021-03-14,,True,,152500,15,4,8,58,11
E00488,Male,37,Married,Bachelor,Research & Development,Data Scientist,6,Remote,Contract,2021-03-15,,True,,285000,10,4,5,58,1
E01842,Male,25,Single,PhD,Sales,Business Development,2,Delhi,Full-Time,2021-09-11,2022-01-08,False,Resigned,88500,0,3,6,3,9
E02867,Female,33,Married,PhD,Marketing,SEO Specialist,1,Hyderabad,Full-Time,2025-01-29,,True,,60000,0,4,9,11,11
E00453,Female,32,Single,Diploma,Finance,Credit Analyst,1,Mumbai,Full-Time,2025-01-07,,True,,102000,10,3,7,11,11
E02809,male,36,Married,Master,Sales,Account Executive,3,Remote,Full-Time,2024-03-10,,True,,101500,0,5,6,22,4
E02377,Female,32,Single,PhD,Finance,Accountant,1,Bengaluru,Full-Time,2021-04-09,,True,,69500,0,3,10,57,7
E02673,Female,29,Single,Diploma,Research & Development,Product Engineer,1,Chennai,Full-Time,2020-02-02,2020-04-23,False,Resigned,138500,10,4,7,2,0
E00224,Female,41,Single,High School,Operations,Operations Analyst,7,Bengaluru,Full-Time,2020-03-20,,True,,112000,15,3,3,70,8
E02083,Male,38,Married,Bachelor,Operations,Operations Analyst,6,Remote,Full-Time,2020-04-24,,True,,143000,0,3,6,69,8
E00456,Male,210,Single,PhD,Customer Support,Support Agent,6,Mumbai,Full-Time,2020-02-02,,True,,87500,10,2,6,71,11
E01881,Male,30,Married,High School,Sales,Business Development,4,Chennai,Full-Time,2020-12-21,,True,,119500,15,3,9,61,0
E02833,Male,30,Married,Bachelor,Operations,Operations Analyst,1,Bengaluru,Full-Time,2022-07-30,2022-09-15,False,Resigned,92000,10,3,5,1,7
E00903,Male,32,Married,Bachelor,Operations,Operations Analyst,5,Mumbai,Full-Time,2020-12-23,,True,,156500,15,3,4,61,6
E02901,Male,28,Single,Diploma,Customer Support,Support Agent,3,Delhi,Full-Time,2022-04-26,,True,,91500,5,3,6,44,16
E02974,Female,30,Single,High School,Customer Support,Support Agent,3,Delhi,Full-Time,2021-03-25,,True,,61500,0,4,5,58,6
E02485,Male,36,Married,Master,IT,Software Engineer,3,Hyderabad,Full-Time,2022-06-23,,True,,114500,20,4,7,42,13
E00448,female,29,Married,PhD,Operations,Operations Analyst,3,Bengaluru,Full-Time,2024-12-07,,True,,127000,10,5,6,12,1
E02081,Male,42,Single,PhD,Finance,Accountant,5,Chennai,Full-Time,2022-07-25,,True,,,10,2,4,41,0
E01444,Female,32,Married,PhD,Sales,Business Development,3,Mumbai,Full-Time,2024-11-14,,True,,77000,10,3,3,13,14
E01087,Male,31,Married,PhD,Customer Support,Escalation Specialist,2,Delhi,Full-Time,2021-01-01,,True,,52500,0,3,6,60,10
E00260,Female,27,Divorced,PhD,Sales,Account Executive,2,Chennai,Full-Time,2025-07-24,2025-11-25,False,Layoff,101000,5,3,7,4,8
E01094,Male,36,Married,PhD,Customer Support,Support Agent,7,Chennai,Full-Time,2024-11-26,,True,,96500,5,3,5,13,23
E00286,Male,32,Divorced,Bachelor,Sales,Account Executive,5,Delhi,Full-Time,2025-10-18,,True,,158500,5,5,8,2,0
E00605,Female,27,Single,Bachelor,Operations,Operations Analyst,1,Remote,Full-Time,2025-08-28,2025-10-30,False,Resigned,57000,5,4,5,2,9
E02322,female,27,Single,Master,Finance,Credit Analyst,2,Delhi,Full-Time,2025-07-06,,True,,87000,0,4,7,5,5
E02747,Female,33,Single,Bachelor,Operations,Logistics Coordinator,4,Hyderabad,Contract,2021-11-26,,True,,115000,0,3,4,49,1
E01452,Female,35,Married,High School,IT,Data Analyst,6,Mumbai,Full-Time,2023-08-18,,True,,187500,5,2,8,28,16
E00852,female,44,Single,Bachelor,Sales,Sales Executive,6,Mumbai,Full-Time,2022-04-27,,True,,164000,10,3,5,44,3
E00482,Male,28,Married,Bachelor,Research & Development,Data Scientist,3,Hyderabad,Full-Time,2024-03-28,,True,,171000,5,3,9,21,6
E01630,Male,36,Single,Master,Finance,Financial Analyst,3,Bengaluru,Full-Time,2020-07-11,,True,,86500,0,3,6,66,11
E01536,Female,34,Married,Bachelor,Operations,Operations Analyst,3,Mumbai,Full-Time,2021-12-18,,True,,112000,5,4,7,49,16
E00838,Female,28,Married,Bachelor,Finance,Credit Analyst,2,Delhi,Full-Time,2024-11-11,,True,,100500,20,4,6,13,5
E02103,Male,30,Married,Diploma,Research & Development,Research Scientist,1,Delhi,Full-Time,2020-02-13,,True,,101000,5,4,6,71,0
E00116,Male,39,Married,Bachelor,Customer Support,Escalation Specialist,7,Mumbai,Part-Time,2022-10-23,,True,,139000,5,3,8,38,6
E00719,Male,34,Single,PhD,Research & Development,Product Engineer,4,Hyderabad,Contract,2022-05-11,2022-08-11,False,Resigned,167500,15,5,3,3,6
E02849,Male,33,Married,PhD,IT,IT Support,3,Mumbai,Full-Time,2021-08-08,,True,,121500,0,4,5,53,1
E02426,Female,35,Married,Bachelor,Sales,Sales Executive,3,Chennai,Full-Time,2020-12-04,,True,,129000,5,4,4,61,9
E00973,Male,38,Married,High School,Finance,Credit Analyst,4,Chennai,Full-Time,2020-11-01,,True,,136500,5,3,7,62,0
E01728,Female,25,Single,Diploma,Finance,Credit Analyst,2,Delhi,Full-Time,2022-10-31,,True,,129000,10,4,7,38,5
E01405,Male,32,Married,High School,Finance,Financial Analyst,3,Delhi,Part-Time,2021-06-28,,True,,106500,0,5,3,54,5
E02061,Female,35,Divorced,PhD,IT,DevOps Engineer,3,Bengaluru,Full-Time,2024-07-01,,True,,180000,15,4,7,18,4
E02658,Female,29,Married,Master,IT,DevOps Engineer,1,Delhi,Full-Time,2022-02-17,,True,,138500,10,4,5,47,3
E00525,Female,34,Married,Bachelor,IT,IT Support,2,Chennai,Full-Time,2024-01-19,,True,,121000,5,3,3,23,4
E00550,Male,27,Divorced,High School,Operations,Logistics Coordinator,3,Remote,Full-Time,2021-10-06,2022-01-01,False,Retirement,109000,5,4,3,2,0
E00513,Male,33,Married,Diploma,Finance,Financial Analyst,3,Remote,Full-Time,2025-07-24,,True,,137500,20,4,5,5,0
E00198,Male,27,Married,Bachelor,Marketing,Content Writer,1,Remote,Full-Time,2021-02-22,,True,,51500,15,4,6,59,16
E02145,Male,33,Single,PhD,Finance,Financial Analyst,5,Remote,Full-Time,2023-09-07,2023-12-06,False,Resigned,110500,0,2,9,3,8
E00434,Female,35,Married,PhD,Customer Support,Support Lead,4,Bengaluru,Full-Time,2024-05-18,,True,,76500,15,3,7,19,8
E02881,Male,35,Married,PhD,Finance,Financial Analyst,2,Remote,Full-Time,2020-06-24,,True,,122000,15,4,10,67,11
E01095,Female,35,Married,Bachelor,Research & Development,Research Scientist,5,Bengaluru,Full-Time,2021-11-04,,True,,216500,0,4,5,50,14
E01941,Male,33,Married,PhD,Sales,Sales Executive,2,Remote,Full-Time,2025-05-31,,True,,99000,0,3,6,7,2
E01896,Male,44,Married,High School,Operations,Logistics Coordinator,6,Chennai,Part-Time,2020-03-27,,True,,,20,5,4,70,9
E00276,Male,23,Married,Master,Operations,Logistics Coordinator,1,Bengaluru,Full-Time,2022-04-21,,True,,88500,5,3,8,45,7
E00492,Male,29,Married,High School,Customer Support,Support Lead,1,Delhi,Full-Time,2021-06-30,,True,,50000,5,5,7,54,2
E00399,Male,40,Single,PhD,Human Resources,Recruiter,5,Delhi,Full-Time,2021-08-01,,True,,155000,5,4,7,53,3
E01934,Male,35,Married,Diploma,Sales,Sales Executive,6,Remote,Full-Time,2021-04-28,,True,,148500,0,2,6,56,1
E01767,Male,28,Married,Master,Finance,Credit Analyst,2,Bengaluru,Full-Time,2020-08-11,,True,,103000,0,1,7,65,7
E01275,Male,23,Married,High School,Sales,Business Development,1,Mumbai,Full-Time,2023-09-06,,True,,69500,15,3,7,28,7
E00378,Female,37,Married,Diploma,Marketing,SEO Specialist,3,Hyderabad,Full-Time,2020-04-06,,True,,86500,5,5,4,69,0
E01698,Female,33,Married,Diploma,Customer Support,Support Lead,1,Mumbai,Full-Time,2021-01-11,2021-05-17,False,Resigned,71500,0,3,5,4,15
E01498,female,35,Married,High School,IT,IT Support,5,Remote,Full-Time,2025-04-13,,True,,156000,5,2,5,8,15
E01176,Male,32,Single,PhD,Marketing,Marketing Analyst,5,Mumbai,Full-Time,2022-11-25,,True,,81000,15,3,7,37,8
E01719,Male,32,Married,Diploma,Sales,Business Development,1,Bengaluru,Full-Time,2025-02-04,,True,,100000,0,4,7,11,0
E02114,Female,40,Married,PhD,Research & Development,Product Engineer,4,Mumbai,Full-Time,2025-07-08,,True,,170500,0,3,6,5,9
E00265,male,36,Married,Bachelor,Human Resources,Recruiter,6,Chennai,Full-Time,2024-08-29,,True,,99500,5,3,5,16,13
E00203,Male,40,Married,High School,IT,DevOps Engineer,5,Mumbai,Full-Time,2021-06-23,,True,,190000,0,3,6,55,4
E00422,Female,34,Married,Diploma,Human Resources,HR Generalist,4,Remote,Full-Time,2020-10-03,,True,,136500,0,4,5,63,0
E01682,Female,43,Married,Diploma,Research & Development,Research Scientist,6,Chennai,Full-Time,2020-05-25,,True,,,15,3,4,68,2
E01838,Female,27,Married,High School,IT,Data Analyst,2,Hyderabad,Full-Time,2021-03-19,,True,,148500,5,1,6,58,0
E00103,Male,38,Single,PhD,Customer Support,Escalation Specialist,5,Delhi,Full-Time,2021-01-18,,True,,74500,10,4,8,60,0
E02639,Female,30,Married,Bachelor,Human Resources,HR Generalist,4,Delhi,Full-Time,2023-11-23,,True,,85500,0,3,10,25,0
E01033,female,28,Single,PhD,Operations,Quality Analyst,1,Bengaluru,Full-Time,2025-05-07,,True,,87500,0,2,4,7,9
E01991,Male,36,Married,High School,Operations,Quality Analyst,6,Mumbai,Full-Time,2024-11-18,2025-03-11,False,Resigned,159000,0,2,3,3,11
E01643,Male,30,Married,PhD,Customer Support,Support Lead,4,Delhi,Full-Time,2023-08-02,,True,,96000,0,3,4,29,0
E01206,Female,33,Married,PhD,Human Resources,HR Analyst,1,Hyderabad,Part-Time,2024-08-11,,True,,88000,10,4,7,16,1
E02064,Female,26,Married,Diploma,Sales,Account Executive,1,Hyderabad,Full-Time,2024-03-01,2024-04-27,False,Resigned,103500,5,5,6,1,7
E01778,Unknown,32,Single,PhD,Operations,Logistics Coordinator,3,Remote,Part-Time,2021-01-11,,True,,78000,0,4,3,60,9
E01626,female,27,Single,Bachelor,Finance,Financial Analyst,1,Remote,Full-Time,2023-03-11,,True,,76500,0,2,4,34,2
E01142,Female,38,Single,Bachelor,Customer Support,Support Agent,3,Bengaluru,Full-Time,2020-02-17,,True,,70500,5,1,7,71,0
E00483,Male,35,Married,Bachelor,Customer Support,Escalation Specialist,3,Delhi,Full-Time,2020-01-23,,True,,74500,5,5,4,72,13
E02654,Female,35,Single,Bachelor,Sales,Account Executive,5,Mumbai,Full-Time,2023-03-10,,True,,161000,10,4,10,34,0
E00585,Male,40,Single,Diploma,Operations,Quality Analyst,4,Chennai,Part-Time,2023-11-15,,True,,119000,15,3,5,25,10
E00481,Male,27,Single,Master,Research & Development,Data Scientist,3,Hyderabad,Full-Time,2023-01-06,,True,,211000,0,1,5,36,2
E02759,Female,30,Married,Master,Sales,Sales Executive,4,Remote,Full-Time,2022-04-04,,True,,86500,5,3,1,45,0
E02017,Female,29,Single,PhD,Marketing,SEO Specialist,2,Chennai,Full-Time,2022-09-14,2022-12-31,False,Resigned,93000,15,3,4,3,4
E00053,Female,38,Single,Diploma,Sales,Account Executive,7,Chennai,Full-Time,2023-10-03,,True,,158000,10,3,8,27,0
E01635,Female,33,Single,High School,Research & Development,Product Engineer,4,Delhi,Contract,2022-05-08,,True,,134000,20,5,4,44,0
E02110,Female,30,Divorced,PhD,Customer Support,Escalation Specialist,4,Bengaluru,Full-Time,2025-10-26,2025-12-25,False,Relocation,98000,0,5,7,2,10
E01851,Male,34,Married,Diploma,Operations,Logistics Coordinator,5,Hyderabad,Full-Time,2024-01-18,,True,,147500,0,5,7,23,3
E02328,Male,29,Married,Diploma,Customer Support,Support Agent,2,Delhi,Full-Time,2020-11-20,2021-01-31,False,Resigned,52500,5,3,3,2,6
E00936,Female,32,Married,High School,Operations,Operations Analyst,1,Hyderabad,Full-Time,2020-02-22,,True,,55000,0,4,7,71,12
E00322,Male,27,Married,Bachelor,Operations,Operations Analyst,2,Hyderabad,Full-Time,2020-11-30,,True,,88000,5,4,6,61,10
E02134,Male,33,Single,Bachelor,Research & Development,Product Engineer,6,Hyderabad,Full-Time,2025-02-02,,True,,252000,0,5,5,11,12
E00442,Female,44,Single,Bachelor,Customer Support,Support Agent,7,Hyderabad,Full-Time,2022-05-05,,True,,101500,5,3,6,44,5
E01459,Male,33,Single,High School,Operations,Logistics Coordinator,5,Hyderabad,Full-Time,2022-09-04,,True,,149500,5,5,9,40,14
E02029,Male,28,Single,PhD,Human Resources,HR Generalist,2,Remote,Full-Time,2025-11-18,2025-12-03,False,Resigned,,5,2,4,1,4
E01315,Female,25,Married,High School,Finance,Financial Analyst,1,Hyderabad,Full-Time,2022-04-17,2022-07-08,False,Performance / Termination,110500,15,3,7,2,3
E01890,Female,35,Married,Diploma,IT,DevOps Engineer,5,Bengaluru,Full-Time,2022-07-24,,True,,210500,5,5,5,41,5
E00134,Male,28,Married,Bachelor,Operations,Logistics Coordinator,1,Bengaluru,Full-Time,2023-06-18,,True,,82500,10,5,4,30,13
E01092,Unknown,33,Married,Diploma,Sales,Business Development,2,Delhi,Part-Time,2021-05-30,,True,,74000,0,3,6,55,0
E02586,Female,31,Married,High School,Operations,Logistics Coordinator,2,Hyderabad,Full-Time,2021-12-31,,True,,80000,0,2,5,48,12
E02727,Female,33,Married,Bachelor,Customer Support,Support Lead,1,Chennai,Contract,2023-12-21,,True,,52500,0,3,6,24,6
E01148,Male,25,Married,Master,Sales,Sales Executive,2,Bengaluru,Full-Time,2023-04-09,,True,,112000,5,5,6,33,12
E02296,Male,31,Married,High School,Operations,Operations Analyst,2,Chennai,Full-Time,2020-07-17,,True,,67500,0,5,5,66,4
E02599,Female,41,Married,Master,IT,Data Analyst,6,Remote,Full-Time,2020-08-16,,True,,182000,10,3,4,65,4
E00759,Female,31,Married,PhD,IT,Software Engineer,1,Hyderabad,Full-Time,2025-08-02,,True,,109000,10,5,4,5,6
E00201,Male,46,Married,High School,IT,Data Analyst,7,Remote,Contract,2024-04-18,,True,,210000,20,2,7,20,7
E02479,Female,37,Married,Diploma,IT,IT Support,5,Hyderabad,Full-Time,2023-05-21,2023-08-13,False,Layoff,156500,5,3,5,2,3
E00697,Male,31,Single,High School,Human Resources,HR Analyst,3,Bengaluru,Full-Time,2024-04-20,,True,,73500,15,4,3,20,12
E02311,Male,38,Married,Diploma,Finance,Accountant,7,Chennai,Full-Time,2024-02-03,,True,,206000,0,4,9,23,11
E02866,Male,29,Single,High School,Finance,Accountant,3,Remote,Full-Time,2022-02-28,,True,,128000,0,4,8,46,2
E00829,Male,31,Single,Diploma,Research & Development,Research Scientist,4,Chennai,Full-Time,2022-02-10,,True,,132000,0,5,5,47,13
E01632,Female,23,Married,Master,IT,Software Engineer,1,Bengaluru,Contract,2020-03-02,2020-06-16,False,Resigned,136500,5,3,7,3,8
E01981,Male,38,Single,PhD,Operations,Quality Analyst,7,Mumbai,Full-Time,2020-10-30,,True,,177000,0,3,6,62,0
E00592,Male,26,Married,High School,Operations,Logistics Coordinator,2,Mumbai,Part-Time,2022-07-02,,True,,77000,5,4,7,42,0
E02905,Female,30,Divorced,Diploma,Marketing,Marketing Analyst,4,Bengaluru,Full-Time,2020-11-18,,True,,96000,0,3,2,62,8
E01866,Female,39,Married,Diploma,IT,IT Support,4,Remote,Full-Time,2021-04-22,,True,,179000,0,3,6,57,0
E02183,Male,30,Married,Bachelor,IT,Data Analyst,2,Remote,Full-Time,2023-01-16,,True,,146500,15,4,9,36,9
E00267,Male,43,Married,Diploma,Human Resources,HR Analyst,6,Chennai,Full-Time,2023-06-24,,True,,127500,10,4,6,30,10
E02293,Male,28,Married,Diploma,Research & Development,Data Scientist,3,Bengaluru,Part-Time,2022-10-03,,True,,140000,5,4,6,39,9
E00920,Female,27,Married,Master,IT,Software Engineer,3,Hyderabad,Full-Time,2025-08-09,2025-10-05,False,Relocation,183000,10,4,6,1,10
E01227,Female,30,Married,Bachelor,Finance,Credit Analyst,1,Bengaluru,Full-Time,2020-06-21,,True,,114500,5,5,5,67,0
E01602,Male,26,Single,Diploma,Marketing,Content Writer,1,Mumbai,Full-Time,2022-04-18,2022-05-23,False,Layoff,59500,5,4,7,1,5
E01840,Male,35,Single,Master,Marketing,Marketing Analyst,3,Mumbai,Full-Time,2022-05-02,,True,,100000,10,3,5,44,0
E01151,Male,37,Married,Diploma,Research & Development,Research Scientist,4,Hyderabad,Full-Time,2024-05-22,,True,,226500,5,3,7,19,0
E02912,Male,27,Married,Bachelor,Marketing,Marketing Analyst,1,Hyderabad,Full-Time,2024-05-17,,True,,64000,0,5,3,19,0
E01415,Male,33,Single,Diploma,Research & Development,Product Engineer,5,Bengaluru,Contract,2025-07-04,2025-10-14,False,Resigned,189000,0,2,8,3,4
E00025,Female,30,Married,Bachelor,Finance,Financial Analyst,3,Mumbai,Full-Time,2023-07-24,,True,,144000,15,4,9,29,4
E02008,Female,29,Married,High School,Human Resources,Recruiter,3,Bengaluru,Part-Time,2024-08-11,,True,,106500,0,3,4,16,10
E00926,Male,28,Married,Bachelor,Sales,Sales Executive,1,Bengaluru,Full-Time,2022-03-07,,True,,65500,0,4,5,46,9
E01280,Female,35,Married,Diploma,Operations,Operations Analyst,3,Hyderabad,Part-Time,2025-12-07,,True,,89500,0,4,5,1,0
E00141,Female,29,Married,Bachelor,IT,DevOps Engineer,1,Hyderabad,Full-Time,2020-02-15,,True,,99000,20,5,7,71,3
E01637,female,30,Single,PhD,Marketing,Marketing Analyst,1,Remote,Full-Time,2021-03-19,,True,,85500,20,5,9,58,2
E01759,Male,39,Single,Master,IT,Data Analyst,4,Remote,Full-Time,2022-03-17,,True,,202000,5,5,2,46,7
E00720,Male,34,Single,PhD,Research & Development,Research Scientist,5,Delhi,Full-Time,2025-10-28,,True,,178500,5,3,6,2,14
E00472,Male,30,Married,Master,Research & Development,Data Scientist,4,Delhi,Full-Time,2020-06-23,,True,,177000,10,2,6,67,14
E00909,female,36,Single,High School,Customer Support,Support Agent,3,Delhi,Part-Time,2023-11-07,,True,,77000,5,3,9,26,7
E01480,Male,30,Married,High School,Operations,Logistics Coordinator,3,Mumbai,Contract,2023-10-29,,True,,108500,20,3,9,26,8
E00002,Female,35,Divorced,PhD,IT,Software Engineer,2,Remote,Full-Time,2021-03-29,,True,,170000,0,4,5,57,11
E01616,Female,41,Married,High School,Marketing,Marketing Analyst,5,Delhi,Part-Time,2022-09-20,,True,,142000,15,4,7,39,15
E02042,Male,35,Single,Diploma,Marketing,SEO Specialist,6,Remote,Full-Time,2021-02-21,,True,,118000,0,3,4,59,7
E01620,Female,37,Single,Diploma,Customer Support,Support Agent,5,Remote,Full-Time,2021-09-17,,True,,109000,0,4,5,52,0
E01200,Female,29,Married,Bachelor,Marketing,SEO Specialist,3,Mumbai,Full-Time,2023-07-16,,True,,76000,10,5,6,29,0
E02378,male,35,Married,Master,Sales,Sales Executive,5,Remote,Full-Time,2020-04-04,2020-06-20,False,Retirement,141500,5,3,6,2,6
E00247,Female,42,Single,Diploma,Customer Support,Support Lead,6,Delhi,Full-Time,2020-06-05,,True,,79500,5,5,3,67,15
E01509,Male,34,Single,High School,Sales,Account Executive,3,Remote,Full-Time,2022-06-09,,True,,84000,10,3,3,43,6
E01261,Male,38,Married,PhD,Operations,Operations Analyst,5,Remote,Full-Time,2020-02-06,,True,,87500,10,1,3,71,4
E00512,Male,44,Married,PhD,Customer Support,Support Agent,6,Hyderabad,Full-Time,2021-12-04,,True,,108000,15,4,5,49,0
E00819,Male,24,Married,High School,Sales,Sales Executive,1,Hyderabad,Full-Time,2020-05-28,,True,,95000,5,5,5,68,9
E02604,Female,33,Married,Master,Operations,Quality Analyst,4,Delhi,Full-Time,2020-08-15,,True,,119000,15,4,6,65,11
E02911,Male,35,Single,Diploma,Sales,Account Executive,4,Mumbai,Full-Time,2021-03-31,,True,,107000,10,3,10,57,7
E00979,Male,26,Married,PhD,Sales,Business Development,1,Hyderabad,Full-Time,2020-02-19,,True,,74500,0,4,7,71,5
E02802,Female,34,Single,PhD,IT,Software Engineer,3,Chennai,Full-Time,2021-08-16,,True,,159500,5,2,5,53,4
E02677,Female,24,Single,Bachelor,IT,Data Analyst,1,Chennai,Full-Time,2021-12-01,,True,,90000,0,5,6,49,8
E02696,Male,28,Single,Master,Operations,Logistics Coordinator,1,Chennai,Full-Time,2023-12-30,,True,,89500,0,4,8,24,7
E01336,Male,33,Single,Bachelor,Sales,Sales Executive,1,Mumbai,Full-Time,2022-10-08,,True,,92000,5,4,5,39,11
E00485,Female,37,Married,PhD,IT,Data Analyst,4,Chennai,Full-Time,2021-05-26,,True,,170500,10,5,6,56,8
E02877,Female,29,Married,High School,Finance,Financial Analyst,3,Hyderabad,Full-Time,2021-11-24,,True,,143000,10,3,10,49,7
E00099,Male,23,Married,Diploma,Sales,Sales Executive,1,Delhi,Full-Time,2023-07-08,,True,,68500,10,4,5,30,4
E02233,Male,38,Single,Bachelor,Research & Development,Data Scientist,7,Mumbai,Full-Time,2020-02-03,,True,,301500,10,4,8,71,0
E00814,Male,32,Married,Bachelor,Research & Development,Research Scientist,1,Hyderabad,Full-Time,2020-02-14,,True,,129500,0,5,8,71,0
E01016,Female,38,Married,Master,IT,IT Support,5,Delhi,Full-Time,2024-08-02,,True,,218000,5,1,7,17,7
E01703,Male,39,Married,PhD,IT,DevOps Engineer,7,Bengaluru,Full-Time,2025-02-19,,True,,158500,10,2,7,10,0
E00946,female,28,Married,Master,Customer Support,Escalation Specialist,2,Chennai,Full-Time,2024-05-22,,True,,59000,5,4,7,19,10
E01083,Female,33,Married,High School,IT,DevOps Engineer,3,Hyderabad,Full-Time,2025-11-16,,True,,111500,5,5,5,1,0
E02079,Male,33,Married,High School,Operations,Operations Analyst,3,Bengaluru,Full-Time,2024-02-11,,True,,101500,10,5,5,22,6
E02798,Male,29,Single,Diploma,Finance,Financial Analyst,2,Delhi,Full-Time,2025-06-17,,True,,105500,10,4,9,6,13
E00945,Male,34,Divorced,PhD,IT,DevOps Engineer,2,Remote,Full-Time,2021-10-25,,True,,129500,5,4,3,50,0
E01353,Male,33,Single,Diploma,Operations,Logistics Coordinator,2,Chennai,Full-Time,2023-02-22,,True,,101500,15,3,6,34,17
E02398,Male,30,Married,PhD,Research & Development,Product Engineer,4,Bengaluru,Part-Time,2021-12-17,,True,,174500,0,3,6,49,15
E01025,Female,36,Married,Diploma,Finance,Accountant,4,Bengaluru,Full-Time,2025-09-03,,True,,125500,15,3,6,3,0
E00724,female,26,Married,Bachelor,Operations,Operations Analyst,1,Bengaluru,Full-Time,2024-07-11,2024-10-11,False,Retirement,75500,15,4,9,3,0
E01692,Male,28,Married,Bachelor,Sales,Business Development,2,Remote,Full-Time,2020-09-09,,True,,79000,5,2,9,64,1
E02657,Male,30,Married,PhD,Sales,Account Executive,2,Mumbai,Full-Time,2024-08-03,,True,,68500,0,4,5,17,11
E00259,Female,33,Married,Diploma,Marketing,Content Writer,2,Remote,Full-Time,2023-06-20,,True,,72000,0,4,3,30,12
E01929,Female,36,Married,Master,Research & Development,Research Scientist,6,Chennai,Full-Time,2020-10-14,,True,,237000,20,3,3,63,6
E01131,Male,25,Married,Diploma,Customer Support,Support Agent,1,Hyderabad,Full-Time,2025-02-12,,True,,49500,0,3,7,10,0
E02284,Female,38,Married,Diploma,IT,IT Support,7,Chennai,Full-Time,2020-09-16,,True,,237500,10,3,4,64,0
E02776,Female,31,Married,Bachelor,Customer Support,Escalation Specialist,3,Mumbai,Full-Time,2020-02-25,2020-05-05,False,Retirement,76500,15,4,6,2,0
E02185,Female,23,Married,PhD,Operations,Quality Analyst,1,Hyderabad,Full-Time,2023-05-10,,True,,93500,10,4,4,32,6
E02394,Unknown,36,Married,Bachelor,Finance,Accountant,3,Mumbai,Full-Time,2025-10-01,,True,,116500,10,3,6,3,5
E01709,Male,28,Single,PhD,Human Resources,HR Analyst,3,Chennai,Full-Time,2021-05-06,,True,,108000,10,3,8,56,0
E00435,Female,31,Married,PhD,Operations,Operations Analyst,4,Hyderabad,Full-Time,2023-10-28,,True,,94500,0,2,6,26,10
E02275,Male,42,Single,Master,IT,Software Engineer,5,Remote,Full-Time,2024-11-07,,True,,184500,0,3,7,13,0
E01722,Male,33,Married,High School,Operations,Quality Analyst,3,Delhi,Full-Time,2025-05-25,,True,,98500,5,5,5,7,6
E01517,Female,33,Married,PhD,Marketing,Marketing Analyst,3,Delhi,Full-Time,2023-06-20,,True,,94000,0,4,9,30,18
E00962,Male,23,Single,Diploma,Research & Development,Product Engineer,1,Mumbai,Full-Time,2023-11-01,2024-02-18,False,Resigned,112500,0,4,7,3,4
E02324,Female,36,Married,Master,Operations,Logistics Coordinator,2,Hyderabad,Full-Time,2024-02-07,2024-06-21,False,Resigned,65500,10,5,6,4,14
E00859,Female,33,Married,Diploma,Human Resources,HR Generalist,6,Mumbai,Full-Time,2022-03-18,,True,,126000,10,4,5,46,7
E02486,Female,34,Single,Bachelor,Customer Support,Escalation Specialist,2,Chennai,Full-Time,2025-10-03,,True,,51500,10,4,6,2,2
E01243,Female,33,Married,Master,Operations,Operations Analyst,1,Hyderabad,Full-Time,2025-06-12,,True,,80000,0,5,7,6,0
E02611,Female,24,Married,Master,Marketing,Content Writer,1,Chennai,Full-Time,2020-09-19,,True,,67500,15,3,4,64,7
E00712,Female,30,Married,Diploma,Finance,Credit Analyst,2,Delhi,Full-Time,2020-10-07,2020-11-14,False,Resigned,99000,0,2,5,1,15
E01189,Male,38,Single,PhD,Finance,Financial Analyst,4,Bengaluru,Full-Time,2021-06-05,,True,,116000,0,3,6,55,7
E02524,Male,30,Divorced,Diploma,Operations,Logistics Coordinator,1,Remote,Full-Time,2022-01-01,,True,,96000,5,4,8,48,0
E02978,Male,33,Married,PhD,Customer Support,Support Agent,1,Chennai,Full-Time,2025-11-11,2025-11-26,False,Retirement,65000,0,3,8,1,2
E02365,Female,26,Married,PhD,Sales,Business Development,1,Delhi,Full-Time,2022-12-17,,True,,79000,0,5,4,37,2
E00326,Male,32,Married,Diploma,Sales,Sales Executive,3,Delhi,Full-Time,2020-09-24,,True,,125000,10,5,7,64,13
E02306,Male,31,Divorced,Bachelor,Finance,Financial Analyst,1,Chennai,Full-Time,2023-01-01,2023-05-21,False,Resigned,89000,5,3,4,4,12
E02470,Male,33,Single,PhD,Sales,Sales Executive,1,Delhi,Full-Time,2021-08-25,2021-11-24,False,Performance / Termination,92000,0,5,7,3,5
E00748,Male,37,Single,Diploma,Operations,Operations Analyst,3,Hyderabad,Full-Time,2020-09-06,,True,,78500,0,3,6,64,0
E01724,Female,35,Married,High School,Human Resources,Recruiter,2,Remote,Full-Time,2024-12-08,,True,,72000,0,3,5,12,9
E01005,Male,30,Married,Master,Sales,Business Development,4,Hyderabad,Full-Time,2024-07-05,,True,,148500,0,3,2,18,3
E00800,Male,28,Married,Diploma,Operations,Operations Analyst,1,Delhi,Full-Time,2025-02-07,,True,,58500,15,4,4,10,0
E00731,Male,23,Married,Diploma,Operations,Logistics Coordinator,1,Remote,Full-Time,2023-06-29,2023-09-09,False,Retirement,67500,0,4,7,2,4
E02811,Unknown,30,Married,Bachelor,Sales,Account Executive,2,Delhi,Full-Time,2024-07-16,2024-11-24,False,Resigned,118500,20,3,6,4,15
E01690,Male,38,Single,Diploma,Customer Support,Support Lead,4,Hyderabad,Full-Time,2021-11-20,,True,,102500,15,4,6,50,5
E02966,Male,44,Married,Master,Marketing,SEO Specialist,6,Hyderabad,Full-Time,2022-05-12,2022-06-19,False,Performance / Termination,98000,20,4,7,1,16
E01130,Male,36,Married,High School,Human Resources,Recruiter,2,Chennai,Full-Time,2025-04-01,,True,,91500,0,3,5,9,9
E00893,Male,29,Married,High School,IT,DevOps Engineer,2,Hyderabad,Full-Time,2022-09-20,,True,,130500,0,4,6,39,9
E02420,Female,34,Married,Master,Operations,Operations Analyst,2,Hyderabad,Full-Time,2021-11-01,,True,,65500,15,5,6,50,13
E01494,Female,32,Married,PhD,Operations,Operations Analyst,1,Hyderabad,Full-Time,2023-01-17,2023-05-29,False,Resigned,95500,0,2,5,4,1
E02191,Female,40,Married,Diploma,Customer Support,Support Lead,4,Remote,Part-Time,2023-04-29,,True,,92000,5,2,5,32,13
E01219,Male,33,Married,Diploma,Sales,Sales Executive,3,Hyderabad,Part-Time,2020-06-17,,True,,131500,0,2,8,67,6
E02031,Female,33,Divorced,Bachelor,Operations,Operations Analyst,2,Hyderabad,Full-Time,2024-09-02,2024-12-03,False,Resigned,113000,0,4,4,3,5
E00812,Female,38,Married,Diploma,Research & Development,Data Scientist,4,Delhi,Full-Time,2021-10-17,,True,,205000,10,2,9,51,0
E02266,Male,34,Married,PhD,Operations,Logistics Coordinator,3,Bengaluru,Part-Time,2022-01-29,,True,,104000,15,5,6,47,19
E00827,Male,32,Divorced,Master,Finance,Credit Analyst,3,Mumbai,Full-Time,2020-02-27,,True,,132500,10,5,8,71,0
E01894,Male,27,Divorced,High School,Sales,Sales Executive,2,Hyderabad,Part-Time,2025-01-07,2025-04-03,False,Resigned,68500,5,2,6,2,9
E01325,Male,35,Divorced,Master,IT,IT Support,2,Hyderabad,Full-Time,2024-02-01,,True,,146000,0,4,4,23,2
E00906,Unknown,30,Married,PhD,Customer Support,Support Lead,3,Delhi,Full-Time,2025-02-22,2025-05-23,False,Performance / Termination,63000,0,5,3,3,16
E02028,Male,42,Single,Master,Operations,Quality Analyst,5,Chennai,Full-Time,2024-06-11,,True,,105000,0,4,4,18,13
E02596,Male,32,Married,Master,Research & Development,Product Engineer,4,Hyderabad,Full-Time,2023-06-30,,True,,187500,10,3,4,30,6
E00837,Male,39,Married,Diploma,Research & Development,Product Engineer,6,Delhi,Contract,2025-07-25,,True,,192000,20,4,6,5,10
E01646,Male,25,Single,Diploma,Operations,Quality Analyst,1,Bengaluru,Full-Time,2023-01-06,,True,,55500,0,3,5,36,10
E00970,Male,39,Married,Bachelor,Marketing,Content Writer,5,Delhi,Full-Time,2022-09-26,,True,,105000,0,5,6,39,6
E02760,Male,34,Married,High School,IT,Software Engineer,3,Hyderabad,Full-Time,2024-09-02,,True,,111000,0,4,6,16,0
E00091,Male,27,Married,Diploma,Research & Development,Research Scientist,3,Hyderabad,Part-Time,2025-03-22,2025-07-04,False,Resigned,205000,15,4,7,3,0
E02529,Male,36,Married,High School,Operations,Logistics Coordinator,7,Delhi,Full-Time,2023-12-01,2024-02-17,False,Resigned,179500,10,3,2,2,0
E02124,Male,33,Married,PhD,Operations,Operations Analyst,2,Hyderabad,Full-Time,2021-03-11,,True,,80500,5,3,4,58,10
E02468,Male,41,Married,Bachelor,Operations,Logistics Coordinator,5,Delhi,Full-Time,2022-08-15,,True,,87500,0,3,8,41,4
E01574,Female,23,Married,Diploma,Human Resources,Recruiter,1,Remote,Full-Time,2023-03-09,,True,,90500,0,4,8,34,16
E00889,Female,34,Married,High School,Operations,Operations Analyst,3,Chennai,Full-Time,2023-05-25,,True,,121000,15,3,5,31,8
E00918,Male,35,Married,High School,Human Resources,Recruiter,4,Delhi,Full-Time,2024-10-29,,True,,106500,5,5,6,14,13
E00395,Female,39,Single,Bachelor,Human Resources,HR Analyst,7,Chennai,Full-Time,2025-02-15,,True,,157000,15,4,7,10,15
E02210,Female,31,Married,High School,Sales,Sales Executive,4,Delhi,Full-Time,2021-09-07,,True,,124500,0,3,5,52,17
E00613,Female,42,Single,Bachelor,Research & Development,Research Scientist,7,Chennai,Full-Time,2020-05-01,,True,,199000,20,4,6,69,1
E00537,Male,36,Married,Bachelor,Research & Development,Product Engineer,2,Hyderabad,Full-Time,2022-12-08,,True,,150500,0,4,3,37,0
E02144,male,35,Married,High School,Marketing,SEO Specialist,2,Delhi,Full-Time,2022-11-19,,True,,103000,0,4,8,37,12
E01058,Male,33,Married,PhD,Sales,Business Development,4,Hyderabad,Part-Time,2024-11-03,,True,,125500,10,4,6,14,4
E01974,Female,27,Divorced,High School,Customer Support,Support Lead,3,Bengaluru,Full-Time,2020-07-11,,True,,94000,0,4,7,66,0
E01686,Male,29,Married,Bachelor,Human Resources,HR Analyst,4,Remote,Full-Time,2021-07-19,,True,,108000,0,3,10,54,0
E01572,Male,28,Married,High School,Human Resources,HR Generalist,2,Remote,Full-Time,2024-01-20,,True,,,0,3,4,23,0
E00901,Female,31,Married,High School,Operations,Quality Analyst,2,Bengaluru,Full-Time,2022-04-25,,True,,68000,0,5,5,44,6
E00371,Female,24,Single,Diploma,Customer Support,Escalation Specialist,1,Delhi,Full-Time,2023-07-20,,True,,57000,10,2,5,29,10
E02959,Male,28,Single,Bachelor,Operations,Operations Analyst,1,Chennai,Full-Time,2024-06-03,,True,,62500,0,4,7,19,0
E00180,Female,36,Married,PhD,Operations,Quality Analyst,4,Delhi,Full-Time,2023-03-31,,True,,82000,20,5,7,33,0
E01300,Male,33,Married,Diploma,Customer Support,Escalation Specialist,2,Delhi,Full-Time,2025-11-12,,True,,57000,10,4,5,1,8
E01003,Male,39,Married,Bachelor,Finance,Credit Analyst,5,Bengaluru,Full-Time,2024-04-11,,True,,110500,5,4,4,20,4
E00797,Female,35,Single,Master,IT,IT Support,2,Chennai,Full-Time,2025-12-13,,True,,144500,0,3,5,1,11
E00772,Female,32,Married,Bachelor,Customer Support,Support Lead,2,Bengaluru,Full-Time,2025-09-15,,True,,82000,10,4,6,3,0
E00029,Female,29,Divorced,Bachelor,Human Resources,Recruiter,2,Chennai,Full-Time,2022-02-16,,True,,63000,5,3,7,47,5
E01491,Female,26,Married,Master,Operations,Quality Analyst,1,Hyderabad,Contract,2023-04-22,2023-08-07,False,Performance / Termination,64500,5,3,8,3,0
E01990,Male,33,Married,High School,IT,IT Support,4,Mumbai,Full-Time,2025-11-17,,True,,190000,10,4,5,1,8
E01000,Male,32,Single,Diploma,Research & Development,Product Engineer,3,Chennai,Part-Time,2022-03-12,,True,,188000,5,4,6,46,17
E02334,Female,31,Married,PhD,Finance,Accountant,2,Chennai,Part-Time,2025-12-03,,True,,131000,10,4,6,1,9
E02216,Male,33,Married,Bachelor,Operations,Quality Analyst,2,Bengaluru,Part-Time,2023-08-27,,True,,84000,0,4,5,28,6
E01939,Female,25,Married,Master,Customer Support,Support Lead,2,Remote,Full-Time,2021-08-13,2021-10-01,False,Retirement,78500,5,3,2,1,6
E02777,Male,26,Married,PhD,Sales,Sales Executive,2,Chennai,Full-Time,2020-12-02,,True,,104000,0,3,5,61,5
E01718,Male,44,Single,Diploma,Finance,Accountant,7,Chennai,Full-Time,2025-11-23,,True,,181500,10,5,5,1,5
E01242,Female,31,Married,Diploma,Research & Development,Research Scientist,4,Delhi,Full-Time,2022-11-11,2023-03-31,False,Resigned,212500,0,3,6,4,3
E00023,Female,31,Married,Diploma,Operations,Logistics Coordinator,2,Mumbai,Full-Time,2023-12-29,2024-02-25,False,Performance / Termination,99000,5,4,6,1,2
E00495,Female,39,Divorced,Bachelor,Human Resources,HR Analyst,4,Mumbai,Full-Time,2020-08-31,2020-11-30,False,Resigned,79000,0,5,4,3,13
E02731,Female,30,Single,PhD,Research & Development,Product Engineer,1,Hyderabad,Full-Time,2025-06-03,,True,,156000,5,5,7,7,7
E01419,Female,37,Married,High School,IT,Data Analyst,7,Chennai,Full-Time,2023-06-13,,True,,260000,0,4,6,31,8
E02419,Male,31,Married,Diploma,Research & Development,Data Scientist,1,Delhi,Full-Time,2023-12-07,2024-03-04,False,Relocation,140500,0,2,7,2,11
E00505,Female,30,Married,Master,Executive,CFO,1,Hyderabad,Full-Time,2021-08-11,2021-10-24,False,Retirement,246500,0,3,5,2,11
E02981,Female,25,Single,Bachelor,IT,Software Engineer,2,Mumbai,Full-Time,2023-02-20,,True,,162500,5,5,4,34,0
E01478,Male,36,Single,High School,Operations,Quality Analyst,4,Delhi,Full-Time,2022-12-14,,True,,,5,4,9,37,1
E01905,Female,44,Single,High School,Operations,Logistics Coordinator,7,Chennai,Full-Time,2021-10-25,,True,,157500,0,3,3,50,7
E02327,Female,31,Married,PhD,Operations,Logistics Coordinator,2,Chennai,Full-Time,2022-07-03,,True,,91000,0,4,6,42,1
E00339,Male,35,Married,Master,Sales,Business Development,3,Remote,Full-Time,2025-01-22,,True,,104500,20,2,4,11,7
E02301,Female,34,Married,Bachelor,Sales,Sales Executive,3,Bengaluru,Full-Time,2020-04-23,,True,,106000,20,5,6,69,6
E01118,Female,31,Married,PhD,IT,DevOps Engineer,3,Remote,Full-Time,2023-03-06,,True,,183000,5,3,9,34,19
E01210,Male,31,Married,Bachelor,IT,DevOps Engineer,1,Mumbai,Full-Time,2024-08-04,2024-12-07,False,Resigned,139500,5,4,4,4,5
E00784,Male,28,Married,Bachelor,Human Resources,Recruiter,3,Chennai,Full-Time,2022-06-19,,True,,87000,5,3,6,43,6
E00332,Female,42,Married,High School,IT,Software Engineer,5,Remote,Full-Time,2022-09-14,,True,,172000,10,3,7,40,12
E02645,Female,40,Married,Bachelor,IT,Data Analyst,7,Remote,Full-Time,2023-10-21,,True,,156500,10,3,7,26,9
E00109,Male,35,Single,Diploma,Marketing,SEO Specialist,3,Bengaluru,Full-Time,2021-05-06,,True,,93000,10,3,6,56,10
E01351,Female,32,Married,Master,IT,IT Support,1,Chennai,Full-Time,2021-11-02,2022-01-16,False,Resigned,129500,5,4,5,2,9
E01269,Male,34,Married,Bachelor,Customer Support,Support Agent,1,Remote,Full-Time,2021-10-25,,True,,66500,0,2,7,50,2
E01268,Male,33,Married,Bachelor,Sales,Account Executive,3,Mumbai,Full-Time,2025-11-24,2025-12-09,False,Resigned,127000,5,5,6,1,15
E02937,Female,29,Married,High School,Executive,CFO,2,Bengaluru,Full-Time,2023-08-11,,True,,204000,0,4,6,29,0
E00544,Male,30,Married,PhD,Research & Development,Research Scientist,1,Mumbai,Full-Time,2025-01-04,,True,,124000,15,3,3,12,0
E02783,Female,37,Single,PhD,Human Resources,HR Generalist,3,Hyderabad,Full-Time,2021-09-21,2021-12-22,False,Resigned,122500,10,3,4,3,9
E02229,Male,32,Married,PhD,IT,IT Support,2,Mumbai,Full-Time,2025-09-07,,True,,160500,0,4,10,3,0
E02768,Male,40,Married,High School,IT,DevOps Engineer,4,Delhi,Full-Time,2025-03-22,,True,,168500,0,3,6,9,9
E02290,Female,35,Married,Master,IT,DevOps Engineer,2,Bengaluru,Full-Time,2020-05-11,,True,,150500,10,3,7,68,6
E01384,Male,23,Married,High School,IT,Data Analyst,1,Delhi,Full-Time,2023-03-12,,True,,82500,10,4,6,34,5
E00741,Female,27,Married,High School,Research & Development,Data Scientist,1,Hyderabad,Full-Time,2021-08-16,,True,,132500,0,5,6,53,10
E02642,Male,33,Married,PhD,Marketing,Marketing Analyst,4,Remote,Full-Time,2022-08-10,,True,,103000,10,4,5,41,1
E00302,Male,30,Married,Bachelor,Sales,Account Executive,4,Remote,Full-Time,2025-07-26,,True,,133000,0,4,3,5,7
E01566,Male,38,Married,Bachelor,Finance,Financial Analyst,4,Bengaluru,Full-Time,2022-01-13,2022-04-14,False,Resigned,113000,0,4,2,3,2
E01561,Female,30,Single,High School,Marketing,SEO Specialist,2,Hyderabad,Full-Time,2020-01-16,,True,,64000,15,3,7,72,6
E00096,Female,26,Married,Bachelor,Marketing,SEO Specialist,2,Mumbai,Contract,2025-11-21,2025-12-06,False,Resigned,97500,0,3,6,1,3
E02891,Unknown,32,Single,Master,Marketing,Content Writer,3,Delhi,Full-Time,2021-04-07,,True,,97500,0,4,8,57,16
E01530,male,35,Married,Bachelor,Sales,Account Executive,7,Hyderabad,Contract,2024-03-26,,True,,131500,0,4,6,21,7
E00494,Male,30,Married,PhD,Human Resources,HR Generalist,3,Hyderabad,Full-Time,2022-04-23,,True,,85500,10,3,10,44,3
E00609,Female,36,Married,PhD,Operations,Logistics Coordinator,4,Mumbai,Full-Time,2024-06-08,,True,,141000,10,4,5,19,6
E00473,Female,40,Single,Bachelor,Customer Support,Escalation Specialist,4,Hyderabad,Full-Time,2024-02-12,2024-05-03,False,Resigned,67000,0,1,7,2,8
E02022,Female,27,Married,High School,Customer Support,Support Agent,3,Hyderabad,Full-Time,2020-12-24,,True,,69500,5,3,6,61,5
E01168,Female,28,Married,Diploma,Executive,COO,3,Delhi,Full-Time,2024-03-16,,True,,200500,10,4,6,21,6
E01059,Female,35,Single,Diploma,Human Resources,HR Generalist,4,Mumbai,Full-Time,2024-02-19,,True,,112500,0,3,5,22,4
E01039,Male,27,Married,Bachelor,Customer Support,Support Lead,3,Remote,Part-Time,2023-07-06,,True,,85500,5,3,5,30,11
E02151,Female,35,Married,Diploma,IT,DevOps Engineer,6,Delhi,Full-Time,2023-09-25,,True,,144500,10,3,8,27,0
E00779,male,32,Married,Master,Operations,Operations Analyst,2,Remote,Full-Time,2022-04-02,,True,,94000,0,3,6,45,8
E01510,Male,33,Married,Diploma,Marketing,SEO Specialist,4,Remote,Full-Time,2023-07-01,,True,,101000,15,5,6,30,7
E01625,Female,38,Married,Master,Operations,Logistics Coordinator,5,Bengaluru,Part-Time,2022-06-12,,True,,140500,5,3,5,43,13
E02810,Female,23,Single,Bachelor,Sales,Sales Executive,1,Chennai,Full-Time,2021-04-16,2021-08-23,False,Resigned,88500,0,2,6,4,10
E00939,Female,34,Married,PhD,IT,IT Support,1,Mumbai,Full-Time,2024-02-01,2024-03-20,False,Resigned,132500,10,2,7,1,6
E00244,Female,34,Married,Master,Finance,Accountant,4,Chennai,Full-Time,2022-05-14,,True,,93000,5,3,3,44,1
E01604,Male,38,Single,Diploma,Marketing,Content Writer,3,Delhi,Full-Time,2020-02-24,,True,,76500,0,4,7,71,0
E02226,Female,30,Married,Master,Marketing,SEO Specialist,4,Bengaluru,Full-Time,2024-02-10,,True,,104000,5,3,8,23,13
E01969,Female,34,Single,Bachelor,IT,DevOps Engineer,1,Bengaluru,Full-Time,2020-04-08,,True,,117500,15,3,10,69,0
E02371,Male,27,Married,PhD,Customer Support,Escalation Specialist,3,Hyderabad,Full-Time,2021-08-31,,True,,80000,5,4,3,52,11
E01164,Female,30,Married,Master,IT,Data Analyst,3,Delhi,Full-Time,2022-02-27,,True,,188000,0,3,8,46,12
E00518,female,28,Married,Bachelor,IT,DevOps Engineer,2,Bengaluru,Full-Time,2024-05-03,2024-06-30,False,Resigned,129500,20,5,10,1,10
E00420,Male,25,Married,Bachelor,Customer Support,Escalation Specialist,2,Chennai,Full-Time,2020-01-26,,True,,49500,15,3,3,72,3
E00287,Unknown,30,Married,Master,Operations,Quality Analyst,2,Chennai,Full-Time,2024-12-13,,True,,65500,5,4,3,12,13
E02588,Male,33,Married,Bachelor,Sales,Account Executive,4,Remote,Full-Time,2022-07-21,,True,,143000,0,5,5,41,3
E02180,Female,37,Divorced,High School,IT,Software Engineer,3,Delhi,Contract,2021-10-16,,True,,114000,0,4,6,51,0
E00928,Male,28,Single,High School,Marketing,Content Writer,2,Chennai,Part-Time,2024-02-28,2024-04-16,False,Resigned,57500,0,3,7,1,7
E02383,Male,26,Married,Bachelor,Finance,Accountant,1,Remote,Full-Time,2021-08-09,,True,,91000,5,5,5,53,9
E00256,Female,38,Single,Bachelor,IT,Data Analyst,3,Hyderabad,Full-Time,2022-03-13,,True,,182000,15,3,7,46,6
E02249,Female,25,Single,High School,IT,DevOps Engineer,2,Mumbai,Full-Time,2020-01-20,,True,,102000,0,3,4,72,0
E00093,Female,31,Married,Bachelor,IT,IT Support,2,Remote,Full-Time,2022-01-04,,True,,160500,5,4,7,48,11
E02187,Female,32,Single,Bachelor,Marketing,Content Writer,1,Chennai,Full-Time,2021-07-10,2021-09-26,False,Resigned,83000,0,2,4,2,3
E02074,Male,39,Married,PhD,Operations,Quality Analyst,4,Bengaluru,Full-Time,2025-05-08,2025-09-17,False,Resigned,125000,0,4,3,4,8
E00069,Male,37,Married,Master,Customer Support,Support Lead,4,Bengaluru,Full-Time,2023-12-05,,True,,102500,15,3,4,25,9
E00951,Male,27,Married,Bachelor,Finance,Financial Analyst,1,Chennai,Full-Time,2020-06-20,,True,,105000,5,4,4,67,18
E02424,Female,30,Married,High School,IT,DevOps Engineer,2,Hyderabad,Full-Time,2020-03-11,,True,,103500,0,3,8,70,7
E00853,Female,34,Married,Diploma,Operations,Operations Analyst,3,Delhi,Contract,2023-03-18,,True,,78500,15,5,4,33,17
E01726,Female,28,Single,High School,Finance,Financial Analyst,1,Bengaluru,Full-Time,2022-09-17,,True,,68000,15,4,10,40,5
E01984,Female,36,Divorced,Bachelor,Operations,Logistics Coordinator,2,Chennai,Full-Time,2023-05-08,,True,,69500,10,4,8,32,8
E02843,Female,25,Married,Master,Operations,Quality Analyst,1,Remote,Full-Time,2023-05-19,,True,,72000,15,4,6,31,11
E01135,Male,29,Single,High School,Operations,Operations Analyst,2,Remote,Contract,2021-09-30,,True,,74000,10,4,5,51,13
E01076,Male,28,Married,Bachelor,Marketing,Content Writer,1,Delhi,Full-Time,2023-12-25,2024-03-19,False,Resigned,62500,10,4,7,2,10
E02329,Female,35,Single,Diploma,Operations,Operations Analyst,2,Mumbai,Full-Time,2024-12-06,,True,,69000,0,1,7,13,2
E02640,Female,37,Married,PhD,IT,DevOps Engineer,3,Mumbai,Full-Time,2020-06-19,,True,,130000,10,3,5,67,0
E02683,Male,26,Single,Master,Customer Support,Escalation Specialist,2,Remote,Part-Time,2020-02-25,,True,,62000,0,3,5,71,0
E02627,Female,27,Married,PhD,IT,Software Engineer,1,Chennai,Contract,2025-01-12,,True,,98000,0,4,6,11,7
E00163,Female,34,Single,Master,Operations,Operations Analyst,2,Mumbai,Full-Time,2025-04-22,,True,,86500,10,5,7,8,0
E01183,Unknown,38,Married,High School,Finance,Accountant,4,Hyderabad,Full-Time,2023-10-26,,True,,159000,0,4,8,26,0
E01034,Female,35,Married,PhD,Research & Development,Research Scientist,3,Mumbai,Full-Time,2023-11-21,,True,,170000,15,3,6,25,11
E02080,Male,29,Married,PhD,IT,DevOps Engineer,1,Mumbai,Full-Time,2025-12-06,,True,,114000,0,3,3,1,4
E02348,Female,36,Single,Bachelor,Customer Support,Escalation Specialist,5,Remote,Full-Time,2023-09-28,,True,,102000,10,5,4,27,4
E00012,Male,24,Married,Bachelor,Customer Support,Support Lead,1,Remote,Contract,2025-10-31,,True,,71500,15,3,9,2,11
E01020,Female,32,Married,Master,Marketing,Content Writer,4,Delhi,Full-Time,2022-02-10,,True,,106500,0,5,6,47,0
E01649,Female,31,Married,Master,IT,DevOps Engineer,2,Delhi,Full-Time,2021-03-10,,True,,165000,0,4,10,58,11
E01629,Male,45,Married,High School,Finance,Credit Analyst,7,Chennai,Full-Time,2025-04-27,2025-09-08,False,Resigned,161500,5,5,7,4,0
E00050,Female,32,Divorced,High School,Finance,Financial Analyst,3,Hyderabad,Contract,2021-07-19,,True,,127000,0,4,4,54,0
E00252,female,33,Married,Master,Research & Development,Research Scientist,3,Remote,Full-Time,2025-04-04,,True,,193000,5,4,6,9,9
E00170,Female,32,Married,Diploma,Finance,Accountant,4,Remote,Full-Time,2024-03-31,,True,,116500,0,5,4,21,14
E02829,Female,39,Married,Diploma,Customer Support,Support Lead,5,Bengaluru,Full-Time,2025-01-24,2025-04-15,False,Layoff,75000,0,4,10,2,0
E02204,Male,34,Married,PhD,Research & Development,Research Scientist,2,Delhi,Full-Time,2020-01-26,,True,,177500,0,4,5,72,4
E00317,Male,26,Single,Master,IT,Data Analyst,1,Remote,Full-Time,2023-10-09,,True,,145000,15,2,6,27,2
E01342,Male,32,Married,High School,Operations,Quality Analyst,5,Delhi,Part-Time,2021-05-19,,True,,105000,5,4,6,56,1
E00782,Male,34,Married,Master,Human Resources,Recruiter,1,Delhi,Full-Time,2023-11-26,,True,,90500,5,4,8,25,18
E00036,Female,27,Married,Master,IT,DevOps Engineer,3,Hyderabad,Full-Time,2025-10-17,,True,,128000,0,5,6,2,5
E01573,Male,32,Married,PhD,IT,IT Support,1,Delhi,Contract,2020-05-25,2020-09-04,False,Performance / Termination,121000,10,1,4,3,5
E01551,Female,30,Divorced,Diploma,Customer Support,Support Lead,2,Chennai,Full-Time,2024-10-01,2025-02-08,False,Retirement,49500,0,2,5,4,2
E00071,Unknown,37,Married,Master,Marketing,SEO Specialist,3,Delhi,Full-Time,2025-02-16,2025-05-03,False,Retirement,111500,10,2,6,2,11
E01026,Male,34,Divorced,High School,Human Resources,HR Analyst,1,Remote,Full-Time,2022-08-17,,True,,63000,0,4,8,41,7
E02934,Female,31,Married,Master,IT,Data Analyst,3,Hyderabad,Full-Time,2023-06-04,,True,,116500,0,3,4,31,6
E02991,Female,27,Married,Bachelor,Finance,Financial Analyst,1,Mumbai,Full-Time,2025-04-12,2025-09-03,False,Resigned,88500,20,3,6,4,1
E01051,Female,36,Married,Master,Research & Development,Product Engineer,7,Bengaluru,Full-Time,2023-03-26,,True,,189000,5,4,6,33,8
E02492,Female,25,Single,High School,Finance,Credit Analyst,1,Chennai,Full-Time,2023-08-15,,True,,109500,15,4,5,28,11
E02333,Male,30,Married,Diploma,Human Resources,HR Generalist,4,Chennai,Full-Time,2024-05-02,,True,,102000,15,2,4,20,5
E01853,Female,32,Single,PhD,Research & Development,Research Scientist,5,Mumbai,Full-Time,2023-10-24,,True,,254500,5,3,4,26,11
E00024,Female,31,Married,PhD,Finance,Credit Analyst,3,Remote,Full-Time,2020-04-05,,True,,94500,0,5,8,69,12
E02154,Female,29,Single,Diploma,Marketing,SEO Specialist,1,Chennai,Full-Time,2022-09-15,2023-01-13,False,Retirement,61500,10,3,4,4,12
E00157,Female,33,Married,Bachelor,Finance,Accountant,1,Bengaluru,Full-Time,2024-10-25,,True,,87000,0,4,10,14,11
E02597,Male,40,Married,PhD,Sales,Sales Executive,4,Delhi,Full-Time,2025-02-06,,True,,,5,3,5,10,10
E02012,Male,28,Married,Diploma,Operations,Operations Analyst,1,Chennai,Full-Time,2020-07-30,,True,,60000,5,4,4,66,1
E00197,Female,40,Divorced,High School,Customer Support,Support Lead,5,Remote,Full-Time,2025-11-05,,True,,81000,5,4,6,1,0
E02738,Male,29,Married,PhD,Sales,Business Development,4,Hyderabad,Full-Time,2025-05-30,2025-07-20,False,Resigned,152000,5,1,9,1,9
E02453,male,28,Married,Diploma,Human Resources,HR Analyst,3,Delhi,Full-Time,2025-05-22,,True,,84000,5,5,10,7,14
E00929,Male,29,Divorced,Bachelor,Sales,Sales Executive,2,Chennai,Full-Time,2023-07-04,2023-10-20,False,Retirement,95500,15,3,7,3,4
E00738,Male,33,Married,High School,Customer Support,Support Agent,2,Hyderabad,Full-Time,2020-06-03,,True,,81500,0,3,8,67,6
E01442,Male,41,Married,High School,Operations,Operations Analyst,5,Bengaluru,Full-Time,2021-04-21,,True,,126000,0,3,4,57,8
E01308,Male,29,Single,Diploma,Research & Development,Research Scientist,1,Mumbai,Full-Time,2022-11-17,,True,,158500,5,3,5,38,0
E01173,Female,40,Married,Master,Operations,Logistics Coordinator,6,Chennai,Full-Time,2024-04-10,,True,,,0,4,3,21,1
E01862,Female,43,Married,Master,Sales,Business Development,7,Mumbai,Contract,2025-09-08,,True,,170000,0,3,10,3,1
E00493,Female,38,Married,Diploma,Customer Support,Escalation Specialist,3,Chennai,Full-Time,2020-08-19,2020-11-12,False,Performance / Termination,71000,0,3,5,2,10
E02847,Male,30,Divorced,Bachelor,Operations,Operations Analyst,2,Remote,Full-Time,2020-05-13,2020-08-28,False,Resigned,78500,0,5,9,3,1
E01791,Male,36,Married,Bachelor,Sales,Sales Executive,2,Chennai,Full-Time,2020-12-02,2021-04-19,False,Relocation,112500,20,3,6,4,8
E00211,Female,35,Single,Diploma,Customer Support,Escalation Specialist,4,Remote,Full-Time,2024-10-20,,True,,78500,15,4,6,14,5
E02741,Male,30,Married,High School,Operations,Logistics Coordinator,3,Delhi,Full-Time,2020-12-21,,True,,80000,0,5,7,61,9
E02498,Male,40,Married,Master,Sales,Business Development,5,Delhi,Full-Time,2022-01-29,2022-05-17,False,Resigned,136000,10,5,8,3,2
E02671,Female,25,Single,PhD,Finance,Credit Analyst,1,Chennai,Full-Time,2022-02-22,2022-06-20,False,Resigned,110000,0,4,5,3,8
E00291,Female,36,Single,High School,Finance,Credit Analyst,4,Mumbai,Full-Time,2022-10-24,,True,,125500,0,3,8,38,11
E01891,Female,35,Divorced,High School,Research & Development,Research Scientist,3,Remote,Full-Time,2025-05-22,,True,,154500,0,4,6,7,17
E01114,Female,38,Married,Master,Operations,Operations Analyst,3,Bengaluru,Full-Time,2020-06-30,,True,,85000,5,3,6,67,2
E02552,Female,28,Married,Diploma,Research & Development,Product Engineer,2,Remote,Full-Time,2024-07-19,,True,,179000,0,4,8,17,0
E02562,male,35,Married,Bachelor,IT,Data Analyst,4,Hyderabad,Full-Time,2024-11-18,,True,,,10,4,9,13,8
E00404,Female,30,Married,Bachelor,Customer Support,Support Lead,3,Bengaluru,Full-Time,2023-11-14,,True,,67000,5,3,6,25,0
E01283,Female,28,Married,PhD,Finance,Financial Analyst,2,Chennai,Full-Time,2025-01-22,,True,,128500,5,3,6,11,5
E01795,Female,35,Married,Master,Research & Development,Data Scientist,6,Chennai,Full-Time,2020-06-05,2020-08-07,False,Resigned,185000,0,4,3,2,1
E02230,Male,40,Single,Master,Customer Support,Support Agent,7,Delhi,Full-Time,2025-06-19,,True,,100000,10,3,8,6,8
E02547,Male,31,Divorced,PhD,Finance,Financial Analyst,1,Remote,Full-Time,2022-08-04,,True,,111000,0,4,6,41,6
E02874,Male,35,Married,PhD,Sales,Business Development,5,Hyderabad,Full-Time,2021-04-08,,True,,1500000,5,4,8,57,7
E00070,Male,32,Single,Master,Finance,Financial Analyst,1,Delhi,Full-Time,2020-04-29,,True,,,5,3,7,69,5
E01015,Female,35,Married,High School,Marketing,Content Writer,2,Bengaluru,Full-Time,2024-05-08,,True,,61000,0,4,4,20,4
E01479,Female,40,Single,Bachelor,Research & Development,Data Scientist,6,Chennai,Full-Time,2022-01-24,,True,,269500,10,3,5,47,7
E00460,Male,33,Married,Master,Sales,Account Executive,5,Mumbai,Full-Time,2022-08-20,2022-10-05,False,Resigned,163500,0,2,7,1,3
E02876,Male,29,Married,Diploma,Operations,Logistics Coordinator,3,Delhi,Full-Time,2023-02-23,2023-06-13,False,Resigned,109000,0,4,7,3,18
E02545,Male,34,Married,Bachelor,Customer Support,Escalation Specialist,4,Mumbai,Full-Time,2024-09-26,2024-12-15,False,Resigned,89500,5,5,7,2,7
E01860,Male,37,Married,PhD,Marketing,SEO Specialist,3,Mumbai,Full-Time,2022-08-12,,True,,84500,0,4,6,41,5
E02342,Female,25,Married,Master,Customer Support,Escalation Specialist,1,Mumbai,Full-Time,2025-08-01,,True,,50000,5,3,8,5,7
E01055,Male,43,Single,Bachelor,Sales,Account Executive,6,Delhi,Full-Time,2023-12-04,,True,,141500,0,4,6,25,0
E01278,Male,24,Married,Diploma,Sales,Account Executive,1,Remote,Full-Time,2024-06-27,,True,,61500,10,3,3,18,1
E02133,Female,34,Single,Bachelor,,Sales Executive,4,Remote,Part-Time,2022-01-15,,True,,94500,5,3,8,48,13
E02648,Female,32,Married,Diploma,IT,Software Engineer,2,Mumbai,Full-Time,2023-12-20,,True,,132000,15,4,7,24,7
E02098,Unknown,26,Married,High School,Marketing,Content Writer,2,Mumbai,Part-Time,2025-05-08,,True,,87500,5,5,6,7,10
E02194,Male,25,Married,PhD,Customer Support,Escalation Specialist,2,Hyderabad,Full-Time,2022-04-12,,True,,81500,10,5,8,45,10
E02138,Male,38,Single,PhD,Sales,Account Executive,3,Remote,Full-Time,2020-07-15,,True,,107500,0,4,5,66,9
E01762,Male,35,Married,Diploma,Finance,Accountant,5,Bengaluru,Full-Time,2020-09-20,,True,,155000,0,4,10,64,13
E01085,Female,33,Single,Diploma,Finance,Credit Analyst,2,Delhi,Full-Time,2025-04-25,2025-06-22,False,Retirement,98500,0,4,4,1,0
E02150,Female,31,Single,PhD,Executive,COO,1,Chennai,Full-Time,2022-01-12,2022-05-24,False,Resigned,198500,0,4,4,4,9
E00743,Unknown,31,Married,High School,IT,IT Support,3,Mumbai,Full-Time,2023-01-15,,True,,136000,10,5,3,36,6
E02046,Female,38,Married,Bachelor,Research & Development,Research Scientist,3,Hyderabad,Full-Time,2024-03-04,,True,,145500,0,2,8,22,16
E01186,Female,35,Single,Diploma,Marketing,SEO Specialist,2,Mumbai,Full-Time,2023-11-19,2024-04-05,False,Performance / Termination,,0,3,7,4,7
E00781,Male,27,Married,Master,Finance,Financial Analyst,3,Bengaluru,Full-Time,2025-10-16,2025-12-30,False,Performance / Termination,142500,0,4,5,2,1
E00938,Male,29,Married,Master,Finance,Credit Analyst,1,Chennai,Full-Time,2025-03-16,,True,,72000,20,3,4,9,18
E00786,Male,39,Married,PhD,Human Resources,Recruiter,4,Chennai,Full-Time,2021-01-25,,True,,87500,5,3,6,60,3
E02756,Female,25,Married,High School,Customer Support,Escalation Specialist,2,Mumbai,Part-Time,2020-06-16,,True,,63000,10,3,8,67,5
E02938,Female,30,Married,High School,Customer Support,Support Lead,2,Delhi,Full-Time,2025-08-08,,True,,81000,5,2,2,4,7
E00212,Male,32,Married,Diploma,Marketing,SEO Specialist,3,Hyderabad,Full-Time,2024-10-12,2024-12-19,False,Resigned,114500,5,3,4,2,10
E00207,Female,39,Divorced,High School,Marketing,Marketing Analyst,5,Hyderabad,Full-Time,2020-07-07,,True,,94000,0,3,7,66,3
E01757,Female,35,Married,PhD,IT,DevOps Engineer,7,Remote,Full-Time,2024-07-21,,True,,210500,10,5,9,17,0
E01333,Female,27,Single,Master,Customer Support,Support Agent,3,Hyderabad,Full-Time,2024-10-16,,True,,68500,0,4,10,14,9
E00911,Male,30,Married,Bachelor,Research & Development,Data Scientist,3,Hyderabad,Full-Time,2023-07-03,2023-09-03,False,Retirement,179000,0,3,5,2,8
E00705,Male,34,Married,Bachelor,Sales,Account Executive,2,Hyderabad,Full-Time,2023-12-21,,True,,101000,5,4,8,24,13
E00411,Male,31,Married,PhD,Marketing,SEO Specialist,3,Delhi,Full-Time,2022-06-14,,True,,107000,10,5,7,43,0
E00543,Female,31,Married,Diploma,Finance,Accountant,1,Chennai,Full-Time,2025-12-09,,True,,95000,10,4,8,1,0
E00086,Male,34,Divorced,Bachelor,Operations,Operations Analyst,4,Mumbai,Full-Time,2025-04-12,,True,,97000,20,4,8,8,1
E00975,Male,41,Married,PhD,Sales,Business Development,6,Chennai,Full-Time,2024-01-24,,True,,130000,0,4,7,23,6
E01711,Female,36,Married,High School,Operations,Quality Analyst,3,Mumbai,Full-Time,2020-08-04,2020-12-09,False,Performance / Termination,117000,10,2,8,4,16
E02161,Female,38,Married,Diploma,Operations,Quality Analyst,6,Chennai,Full-Time,2024-05-28,,True,,169500,0,3,7,19,0
E01927,Female,31,Single,Diploma,Operations,Logistics Coordinator,2,Delhi,Part-Time,2021-04-06,2021-06-23,False,Retirement,91000,10,3,3,2,11
E01267,Female,33,Married,PhD,Human Resources,HR Analyst,2,Mumbai,Full-Time,2020-05-07,,True,,83500,5,3,4,68,9
E02126,Female,34,Married,PhD,Customer Support,Support Agent,1,Remote,Part-Time,2023-01-15,2023-03-06,False,Resigned,61500,5,3,7,1,14
E01892,Male,39,Married,Diploma,Sales,Sales Executive,5,Bengaluru,Full-Time,2020-09-08,,True,,167000,5,1,7,64,0
E02682,Male,28,Divorced,Diploma,IT,DevOps Engineer,2,Remote,Full-Time,2024-02-18,,True,,158000,10,4,3,22,3
E00610,Male,25,Divorced,High School,Customer Support,Support Agent,1,Chennai,Full-Time,2025-10-06,2025-12-01,False,Resigned,63000,0,4,7,1,2
E00432,Male,46,Married,Master,Marketing,Marketing Analyst,7,Bengaluru,Full-Time,2024-10-02,,True,,122000,10,4,7,15,8
E01253,Female,32,Married,PhD,Operations,Operations Analyst,1,Remote,Full-Time,2025-07-13,,True,,74000,10,3,7,5,0
E02835,Female,27,Single,Diploma,Customer Support,Escalation Specialist,3,Bengaluru,Full-Time,2024-01-10,,True,,80000,10,4,5,24,10
E02218,Male,26,Married,Master,Sales,Sales Executive,2,Chennai,Full-Time,2022-04-22,,True,,82000,5,4,5,44,0
E02429,Female,33,Married,PhD,Marketing,SEO Specialist,2,Bengaluru,Full-Time,2025-12-08,,True,,100000,10,4,4,1,13
E00767,Male,36,Married,PhD,Sales,Business Development,2,Hyderabad,Full-Time,2022-09-17,,True,,75000,0,2,10,40,15
E02340,Female,31,Married,High School,Sales,Account Executive,2,Mumbai,Full-Time,2024-10-30,,True,,111000,5,3,7,14,6
E00707,Female,33,Married,Bachelor,IT,IT Support,3,Remote,Full-Time,2025-04-11,,True,,121500,0,2,5,8,0
E01505,Male,31,Divorced,Master,IT,DevOps Engineer,2,Hyderabad,Full-Time,2022-09-26,,True,,160500,5,3,5,39,10
E02795,Male,26,Single,Diploma,Marketing,SEO Specialist,2,Remote,Full-Time,2022-03-10,,True,,100500,10,4,3,46,9
E00127,Male,35,Single,Master,IT,IT Support,2,Remote,Full-Time,2023-04-02,,True,,97000,0,3,7,33,12
E02962,Female,28,Single,Master,IT,Data Analyst,3,Mumbai,Contract,2020-02-23,,True,,183000,10,4,6,71,8
E01451,Male,29,Married,High School,Finance,Financial Analyst,2,Remote,Full-Time,2021-05-14,,True,,85500,0,3,5,56,11
E02198,Male,38,Single,PhD,Research & Development,Product Engineer,3,Hyderabad,Full-Time,2021-08-03,2021-10-27,False,Retirement,174000,20,3,4,2,15
E01324,Female,27,Married,Bachelor,Operations,Logistics Coordinator,2,Mumbai,Full-Time,2020-11-13,,True,,71000,10,4,4,62,11
E01347,Female,31,Married,Diploma,Sales,Business Development,5,Remote,Contract,2022-05-08,,True,,135000,10,3,5,44,0
E02945,Male,32,Divorced,High School,Customer Support,Escalation Specialist,3,Delhi,Part-Time,2020-01-29,2020-05-01,False,Resigned,58000,5,3,5,3,8
E00239,Female,34,Married,Bachelor,Sales,Business Development,1,Bengaluru,Full-Time,2021-11-24,2022-04-01,False,Resigned,77500,0,4,7,4,6
E02155,Male,36,Married,Master,Customer Support,Support Lead,3,Delhi,Full-Time,2022-04-06,,True,,91500,20,3,8,45,6
E00902,Female,32,Married,Master,Sales,Sales Executive,1,Mumbai,Full-Time,2024-03-31,,True,,83000,0,5,7,21,9
E02765,Female,43,Married,Master,Sales,Sales Executive,6,Bengaluru,Full-Time,2021-02-01,,True,,181500,0,4,6,59,14
E02389,Female,27,Married,PhD,Operations,Operations Analyst,3,Hyderabad,Full-Time,2025-02-13,,True,,91500,0,3,4,10,2
E00073,Female,28,Married,Bachelor,Finance,Credit Analyst,3,Remote,Full-Time,2021-06-20,,True,,149000,5,3,8,55,8
E00153,Male,28,Married,High School,IT,Data Analyst,2,Remote,Full-Time,2024-08-30,2024-10-18,False,Resigned,138000,15,5,9,1,2
E00722,Female,33,Married,Master,,Software Engineer,3,Remote,Full-Time,2022-12-02,,True,,169500,5,4,6,37,0
E02651,Male,32,Married,PhD,IT,Software Engineer,5,Mumbai,Full-Time,2022-07-15,,True,,135500,0,3,3,42,15
E02090,Female,34,Married,Master,Marketing,SEO Specialist,2,Bengaluru,Part-Time,2024-08-23,,True,,62000,0,4,5,16,0
E00536,Female,29,Married,PhD,IT,IT Support,1,Bengaluru,Contract,2023-02-20,,True,,117500,10,3,5,34,2
E00949,Female,31,Married,High School,Marketing,Marketing Analyst,1,Chennai,Full-Time,2020-10-17,,True,,68000,0,4,4,63,10
E00874,Male,34,Single,Diploma,Human Resources,HR Generalist,3,Delhi,Full-Time,2020-09-28,,True,,97500,0,2,5,64,7
E02058,Male,29,Married,Bachelor,Marketing,Marketing Analyst,3,Hyderabad,Full-Time,2021-11-12,,True,,81500,20,4,8,50,11
E02933,female,33,Married,Diploma,Sales,Sales Executive,3,Remote,Full-Time,2023-02-01,,True,,133500,5,4,5,35,13
E01666,Male,33,Married,Diploma,,Operations Analyst,2,Remote,Full-Time,2025-06-22,2025-08-18,False,Resigned,69000,5,4,7,1,8
E01700,Male,28,Single,Diploma,Sales,Business Development,3,Bengaluru,Full-Time,2021-10-20,,True,,93500,5,4,8,51,3
E01973,Male,34,Married,Bachelor,Operations,Operations Analyst,4,Remote,Full-Time,2024-05-07,,True,,120000,5,3,5,20,0
E00126,Female,27,Single,Bachelor,Operations,Logistics Coordinator,2,Mumbai,Full-Time,2023-01-23,,True,,85500,0,4,8,35,12
E02634,Male,30,Single,High School,Sales,Business Development,3,Hyderabad,Contract,2022-12-10,,True,,91000,10,4,7,37,6
E01568,Male,29,Married,Bachelor,Customer Support,Support Lead,2,Bengaluru,Full-Time,2025-06-28,,True,,72000,20,3,3,6,7
E02123,Male,32,Married,High School,Sales,Account Executive,4,Bengaluru,Full-Time,2023-01-14,,True,,128500,0,3,6,36,0
E01159,Female,39,Single,Bachelor,IT,DevOps Engineer,5,Hyderabad,Full-Time,2025-03-03,,True,,182000,5,4,6,10,14
E00065,Male,33,Single,Bachelor,Operations,Logistics Coordinator,4,Remote,Full-Time,2023-01-26,,True,,99000,0,3,6,35,0
E02893,Male,28,Married,Master,IT,Data Analyst,1,Delhi,Full-Time,2024-01-07,,True,,133500,5,3,9,24,5
E02400,Female,28,Married,High School,Operations,Logistics Coordinator,1,Delhi,Full-Time,2025-11-26,,True,,61500,0,5,6,1,10
E00266,Male,28,Married,PhD,Marketing,Content Writer,1,Chennai,Full-Time,2022-03-25,,True,,61000,0,3,8,45,0
E01483,Male,37,Married,Master,Sales,Sales Executive,5,Hyderabad,Full-Time,2024-01-04,2024-02-05,False,Retirement,140000,5,3,2,1,0
E00272,Male,32,Single,PhD,Customer Support,Support Agent,2,Hyderabad,Part-Time,2025-08-12,,True,,52500,5,2,7,4,3
E02388,Female,28,Married,High School,Sales,Account Executive,2,Delhi,Part-Time,2023-12-02,,True,,98500,0,5,5,25,16
E00192,Male,34,Married,PhD,Sales,Account Executive,1,Mumbai,Full-Time,2022-09-27,,True,,64500,20,5,7,39,13
E02347,Male,28,Married,Bachelor,Research & Development,Data Scientist,1,Delhi,Part-Time,2021-08-16,,True,,108500,5,3,6,53,7
E02289,Female,30,Married,Diploma,Customer Support,Escalation Specialist,1,Chennai,Full-Time,2023-07-20,,True,,41500,0,3,6,29,11
E00080,Male,38,Married,Diploma,IT,Software Engineer,4,Delhi,Contract,2020-11-15,,True,,177000,0,4,8,62,10
E01963,Female,32,Married,Diploma,Human Resources,HR Generalist,4,Bengaluru,Full-Time,2024-07-31,,True,,88000,0,4,5,17,2
E01277,Female,35,Divorced,Diploma,Research & Development,Product Engineer,3,Hyderabad,Full-Time,2021-01-04,,True,,,10,3,5,60,2
E00343,Female,35,Married,Bachelor,Research & Development,Research Scientist,3,Remote,Full-Time,2024-04-24,,True,,193000,0,5,8,20,1
E01691,Female,26,Single,Bachelor,Customer Support,Support Lead,1,Remote,Full-Time,2020-12-26,,True,,63500,0,3,5,61,5
E01008,Female,38,Married,Diploma,Operations,Operations Analyst,3,Bengaluru,Full-Time,2025-11-10,,True,,78500,10,3,5,1,6
E02319,Male,34,Married,Bachelor,Sales,Account Executive,3,Remote,Full-Time,2020-08-25,2020-09-26,False,Resigned,123500,5,3,8,1,3
E02723,Unknown,29,Single,Master,,Quality Analyst,1,Chennai,Contract,2023-12-17,,True,,75500,0,4,4,24,7
E00231,Male,30,Married,High School,Finance,Financial Analyst,4,Bengaluru,Full-Time,2024-04-27,,True,,122500,0,5,7,20,0
E01769,Male,28,Married,Diploma,Research & Development,Research Scientist,3,Delhi,Full-Time,2024-05-04,,True,,122000,10,3,7,20,0
E00880,Male,39,Married,High School,Human Resources,HR Analyst,5,Mumbai,Full-Time,2024-07-28,,True,,103500,0,3,6,17,14
E02688,Male,34,Married,High School,Operations,Operations Analyst,6,Chennai,Full-Time,2022-11-21,,True,,142000,10,4,7,37,14
E00879,Male,29,Married,Bachelor,IT,Data Analyst,2,Remote,Full-Time,2024-07-28,,True,,157000,0,3,6,17,7
E01823,Male,32,Married,Bachelor,Sales,Account Executive,2,Hyderabad,Full-Time,2023-06-25,,True,,68500,10,4,7,30,2
E02527,Male,38,Married,PhD,Human Resources,HR Analyst,6,Chennai,Full-Time,2021-11-08,,True,,103500,0,3,5,50,15
E00431,Female,24,Single,High School,Sales,Business Development,1,Bengaluru,Full-Time,2021-08-25,,True,,60500,0,5,4,52,0
E02664,Male,39,Married,Master,IT,Software Engineer,5,Mumbai,Full-Time,2020-09-16,,True,,223500,0,4,3,64,4
E01212,Female,32,Married,PhD,Customer Support,Escalation Specialist,1,Hyderabad,Full-Time,2024-06-04,,True,,67000,0,3,9,19,5
E02250,Male,36,Married,Master,Finance,Accountant,2,Chennai,Full-Time,2021-01-28,,True,,98000,10,4,9,59,4
E02900,Female,30,Married,PhD,Human Resources,HR Analyst,3,Hyderabad,Full-Time,2024-05-16,,True,,91500,0,5,7,19,5
E01636,Female,27,Single,High School,Sales,Account Executive,3,Remote,Full-Time,2024-07-27,,True,,106500,0,2,8,17,3
E01019,Male,37,Married,PhD,Finance,Financial Analyst,3,Delhi,Full-Time,2024-10-07,,True,,124000,15,3,4,15,6
E01185,Male,38,Single,Master,Customer Support,Support Agent,6,Chennai,Part-Time,2020-01-06,,True,,84500,10,4,3,72,7
E02519,Male,35,Single,PhD,Customer Support,Support Lead,4,Hyderabad,Full-Time,2021-05-10,2021-07-22,False,Resigned,105000,0,4,8,2,8
E01812,Female,37,Married,Bachelor,Sales,Account Executive,3,Chennai,Full-Time,2025-04-20,2025-07-13,False,Retirement,126000,0,4,6,2,3
E02405,Female,44,Married,High School,Operations,Operations Analyst,6,Mumbai,Full-Time,2021-08-01,,True,,134000,0,5,5,53,1
E01041,Female,34,Married,High School,Human Resources,Recruiter,3,Delhi,Full-Time,2020-02-07,,True,,94000,10,3,8,71,11
E01944,male,32,Married,Diploma,Customer Support,Escalation Specialist,2,Delhi,Full-Time,2025-12-17,,True,,74000,0,4,4,1,4
E02300,Unknown,28,Single,PhD,Customer Support,Support Agent,1,Delhi,Full-Time,2022-04-06,2022-08-02,False,Resigned,57500,10,3,2,3,0
E02707,Female,30,Married,Master,Operations,Operations Analyst,1,Remote,Part-Time,2023-04-07,,True,,60500,5,3,10,33,3
E00048,Male,28,Single,Diploma,Research & Development,Product Engineer,3,Remote,Part-Time,2024-12-09,,True,,152000,10,5,6,12,9
E02073,Male,25,Married,Master,Human Resources,HR Analyst,1,Delhi,Full-Time,2025-03-31,2025-05-12,False,Resigned,999999,0,3,5,1,7
E01867,Male,40,Married,PhD,Human Resources,HR Analyst,4,Chennai,Full-Time,2021-10-01,,True,,108000,0,3,5,51,2
E01123,Female,38,Married,Bachelor,Finance,Financial Analyst,7,Hyderabad,Part-Time,2022-11-29,,True,,158000,15,3,8,37,5
E02577,Female,36,Married,Master,Research & Development,Research Scientist,2,Remote,Full-Time,2022-05-06,,True,,118000,5,3,7,44,7
E02745,Male,42,Single,High School,Customer Support,Support Lead,5,Mumbai,Full-Time,2024-08-28,,True,,71500,20,3,4,16,6
E01811,Male,34,Single,Master,Customer Support,Support Lead,2,Delhi,Full-Time,2021-09-19,,True,,53000,0,4,6,52,0
E02744,Female,36,Married,Diploma,Sales,Account Executive,4,Chennai,Full-Time,2025-05-18,,True,,143000,5,3,9,7,6
E02411,Female,26,Single,Master,Customer Support,Support Lead,1,Bengaluru,Full-Time,2023-01-13,,True,,49000,5,5,8,36,4
E02956,Female,32,Married,High School,Sales,Account Executive,5,Mumbai,Full-Time,2020-02-10,,True,,148000,10,2,6,71,0
E01334,male,25,Married,PhD,Human Resources,HR Generalist,2,Delhi,Full-Time,2023-11-05,,True,,74000,0,3,4,26,8
E00860,Female,28,Married,Bachelor,Customer Support,Support Agent,1,Hyderabad,Full-Time,2024-03-10,,True,,56000,10,4,6,22,3
E00075,Male,36,Married,Bachelor,Customer Support,Support Agent,3,Delhi,Full-Time,2024-08-08,,True,,63000,10,3,4,17,9
E02621,Female,29,Married,Diploma,Customer Support,Support Lead,1,Hyderabad,Full-Time,2020-02-22,,True,,45000,10,3,5,71,7
E00937,Male,33,Single,High School,Sales,Sales Executive,6,Mumbai,Contract,2021-01-26,,True,,162500,0,5,6,60,7
E00533,Female,28,Married,Bachelor,Customer Support,Escalation Specialist,3,Mumbai,Full-Time,2020-05-07,,True,,87000,0,4,6,68,0
E02278,Male,33,Single,Diploma,Operations,Quality Analyst,1,Delhi,Contract,2022-01-26,2022-04-22,False,Layoff,68500,5,3,7,2,3
E00633,Female,34,Divorced,High School,Operations,Logistics Coordinator,4,Bengaluru,Full-Time,2022-01-20,2022-06-19,False,Performance / Termination,115500,15,4,3,5,4
E01876,female,32,Married,Diploma,Finance,Accountant,2,Remote,Full-Time,2025-02-26,,True,,75000,20,5,4,10,1
E00567,Female,29,Married,Master,Finance,Accountant,2,Chennai,Full-Time,2023-03-13,,True,,74500,10,4,4,34,0
E02040,Female,36,Single,PhD,Finance,Credit Analyst,3,Delhi,Full-Time,2024-10-05,2024-12-08,False,Relocation,85000,0,3,8,2,16
E01723,Female,30,Married,High School,Customer Support,Support Lead,1,Hyderabad,Full-Time,2025-09-09,2025-12-01,False,Resigned,66500,10,4,5,2,6
E02819,Male,39,Married,Diploma,Finance,Accountant,6,Hyderabad,Full-Time,2021-09-25,2022-02-12,False,Retirement,155500,0,4,6,4,9
E00299,Female,37,Married,High School,Operations,Operations Analyst,5,Delhi,Part-Time,2021-08-10,,True,,124500,5,4,6,53,7
E01311,Male,27,Single,PhD,Research & Development,Data Scientist,1,Bengaluru,Full-Time,2023-09-17,,True,,156000,5,4,3,27,0
E00897,Female,25,Married,Master,Customer Support,Support Lead,1,Hyderabad,Full-Time,2022-03-14,,True,,46500,15,4,5,46,13
E01072,Male,31,Married,High School,IT,DevOps Engineer,2,Bengaluru,Full-Time,2024-04-15,,True,,96000,5,5,9,20,7
E01503,Male,31,Married,Diploma,IT,IT Support,3,Delhi,Part-Time,2023-06-26,,True,,120500,15,3,6,30,11
E00715,Male,32,Single,High School,Operations,Logistics Coordinator,3,Bengaluru,Contract,2020-08-29,2020-10-27,False,Retirement,94000,0,3,3,1,1
E02752,male,34,Single,PhD,Marketing,SEO Specialist,6,Mumbai,Full-Time,2023-06-01,,True,,106500,10,3,6,31,8
E02500,Female,36,Divorced,Bachelor,Customer Support,Support Lead,3,Chennai,Full-Time,2021-11-08,,True,,72500,10,3,5,50,7
E01378,Male,25,Single,High School,Operations,Quality Analyst,1,Chennai,Full-Time,2020-10-06,,True,,64500,10,3,6,63,7
E02551,Female,210,Married,High School,Human Resources,HR Generalist,3,Chennai,Full-Time,2022-04-28,,True,,88000,0,3,5,44,0
E00243,Female,37,Married,High School,Operations,Logistics Coordinator,4,Hyderabad,Full-Time,2022-06-17,,True,,88000,15,3,7,43,2
E01448,Male,25,Married,Bachelor,Human Resources,HR Analyst,1,Mumbai,Full-Time,2022-08-23,,True,,68500,0,5,5,40,0
E02870,Male,32,Married,High School,Research & Development,Product Engineer,2,Chennai,Full-Time,2024-08-22,,True,,178500,10,5,8,16,0
E00736,Female,30,Single,PhD,Customer Support,Support Lead,2,Bengaluru,Full-Time,2020-08-05,,True,,58000,5,4,5,65,9
E01403,Unknown,38,Single,PhD,Operations,Logistics Coordinator,3,Remote,Full-Time,2022-08-24,,True,,81500,20,4,7,40,4
E01438,Male,33,Single,Bachelor,Human Resources,HR Generalist,1,Mumbai,Contract,2022-06-07,2022-09-07,False,Retirement,64500,15,4,4,3,10
E01532,Male,28,Single,Diploma,Finance,Accountant,1,Bengaluru,Full-Time,2021-08-24,,True,,77500,0,3,4,53,4
E02820,Female,32,Married,High School,Sales,Account Executive,2,Remote,Full-Time,2025-08-27,,True,,72000,5,5,8,4,1
E00122,Male,35,Married,PhD,Customer Support,Support Lead,7,Mumbai,Full-Time,2021-06-06,,True,,82500,10,4,4,55,11
E01124,Male,40,Married,Diploma,Operations,Quality Analyst,4,Chennai,Full-Time,2024-07-23,,True,,112500,0,4,10,17,11
E01681,Male,25,Single,Diploma,Finance,Accountant,1,Mumbai,Part-Time,2024-03-02,,True,,75000,0,4,7,22,6
E00833,Female,23,Married,PhD,Sales,Account Executive,1,Mumbai,Full-Time,2023-02-25,,True,,106500,0,5,7,34,10
E00338,Male,29,Married,High School,Marketing,SEO Specialist,3,Bengaluru,Full-Time,2023-02-18,,True,,68500,10,4,2,34,1
E00133,Unknown,37,Married,Bachelor,Sales,Sales Executive,3,Bengaluru,Full-Time,2025-09-26,,True,,77500,0,4,8,3,3
E02725,male,29,Married,Diploma,Sales,Sales Executive,3,Chennai,Full-Time,2025-02-02,,True,,91000,10,3,4,11,3
E00507,Female,31,Married,Master,Customer Support,Escalation Specialist,2,Chennai,Full-Time,2024-01-18,2024-04-01,False,Relocation,69000,15,4,6,2,0
E02272,Female,39,Married,Diploma,Marketing,Marketing Analyst,7,Hyderabad,Full-Time,2021-12-27,,True,,122500,0,4,6,48,7
E02294,Male,30,Married,Diploma,Research & Development,Data Scientist,1,Mumbai,Full-Time,2021-02-25,,True,,116000,15,4,5,59,12
E00739,Male,28,Married,Master,Sales,Sales Executive,2,Remote,Full-Time,2024-10-28,2025-02-05,False,Resigned,94000,5,4,7,3,0
E00149,Male,34,Married,Diploma,Research & Development,Data Scientist,4,Remote,Full-Time,2025-09-06,,True,,172500,15,4,7,3,7
E02065,Female,45,Married,Diploma,Finance,Accountant,7,Mumbai,Full-Time,2020-11-04,,True,,162500,0,4,7,62,7
E00175,Female,35,Married,Master,Customer Support,Support Agent,6,Hyderabad,Full-Time,2024-08-28,,True,,96500,5,2,7,16,0
E00439,Male,27,Single,High School,Customer Support,Escalation Specialist,3,Hyderabad,Full-Time,2024-01-18,,True,,94500,0,2,6,23,5
E00521,Male,38,Single,Master,Operations,Operations Analyst,3,Bengaluru,Full-Time,2021-03-08,,True,,100500,0,4,6,58,8
E00950,Male,42,Married,PhD,IT,IT Support,5,Remote,Full-Time,2020-08-19,,True,,157000,0,4,6,65,3
E02862,Female,27,Single,Master,Customer Support,Support Agent,3,Delhi,Full-Time,2021-03-01,2021-06-18,False,Resigned,86500,15,3,7,3,0
E00769,Male,30,Single,High School,Finance,Accountant,3,Bengaluru,Full-Time,2021-08-24,,True,,127500,0,4,7,53,13
E01496,Male,42,Married,Diploma,IT,IT Support,7,Hyderabad,Full-Time,2021-04-01,,True,,206500,10,4,6,57,2
E00416,Female,25,Divorced,High School,Operations,Logistics Coordinator,1,Remote,Full-Time,2020-09-12,,True,,81000,5,5,6,64,0
E01104,Male,41,Married,Bachelor,Customer Support,Support Agent,5,Chennai,Full-Time,2022-03-09,2022-06-20,False,Resigned,69000,20,4,10,3,3
E01089,Female,28,Divorced,Master,IT,DevOps Engineer,2,Hyderabad,Full-Time,2020-08-22,,True,,126500,5,3,7,65,2
E01156,Female,31,Single,High School,Research & Development,Research Scientist,1,Chennai,Full-Time,2020-12-12,,True,,109000,0,2,7,61,1
E01439,Male,31,Married,Master,IT,Software Engineer,2,Bengaluru,Contract,2024-02-01,,True,,139500,0,3,3,23,14
E00078,Male,36,Married,Master,Sales,Account Executive,3,Delhi,Full-Time,2024-10-29,,True,,125500,10,3,8,14,6
E01979,Male,38,Married,PhD,Operations,Quality Analyst,4,Bengaluru,Part-Time,2023-12-17,,True,,108000,0,4,7,24,0
E02165,Male,32,Single,Master,IT,DevOps Engineer,2,Delhi,Full-Time,2021-11-26,,True,,147000,5,5,9,49,0
E02927,Female,30,Single,High School,Operations,Quality Analyst,2,Mumbai,Full-Time,2022-02-19,,True,,95000,15,3,5,47,0
E01138,Female,250,Married,Diploma,IT,Data Analyst,1,Mumbai,Full-Time,2025-08-22,,True,,123500,5,3,6,4,5
E02697,Female,29,Single,Diploma,Sales,Business Development,1,Mumbai,Full-Time,2024-07-01,,True,,101000,5,3,7,18,4
E01819,Male,28,Married,PhD,Sales,Business Development,3,Hyderabad,Full-Time,2023-05-28,2023-06-29,False,Layoff,134000,10,5,6,1,13
E01852,Male,41,Married,Diploma,Sales,Sales Executive,5,Mumbai,Full-Time,2023-09-18,,True,,115500,10,4,7,27,9
E00702,Male,36,Married,Diploma,Research & Development,Product Engineer,3,Remote,Full-Time,2020-09-26,2021-02-05,False,Resigned,202000,10,4,7,4,0
E00220,Male,30,Single,Bachelor,IT,DevOps Engineer,3,Delhi,Full-Time,2024-01-18,,True,,145500,15,3,5,23,4
E00555,Female,32,Single,Master,Customer Support,Support Lead,2,Hyderabad,Full-Time,2023-05-10,,True,,68000,10,5,6,32,0
E00222,Female,24,Married,Bachelor,Finance,Accountant,1,Remote,Full-Time,2023-01-02,,True,,93000,0,2,6,36,8
E00330,Male,41,Single,Master,Sales,Sales Executive,7,Chennai,Full-Time,2022-04-22,,True,,197000,10,3,4,44,2
E01547,Female,43,Married,PhD,Research & Development,Product Engineer,6,Bengaluru,Full-Time,2023-06-28,,True,,174500,10,3,7,30,9
E00527,Male,33,Married,Bachelor,Operations,Logistics Coordinator,1,Delhi,Full-Time,2022-11-23,,True,,57000,10,3,5,37,16
E00661,Unknown,44,Married,Master,Human Resources,Recruiter,7,Mumbai,Part-Time,2021-08-15,,True,,115500,0,5,6,53,8
E01143,Female,38,Single,High School,Operations,Operations Analyst,5,Chennai,Full-Time,2024-06-28,,True,,133500,20,1,3,18,18
E00557,Male,36,Married,PhD,Finance,Credit Analyst,3,Bengaluru,Contract,2025-07-14,,True,,122000,5,4,7,5,6
E02412,Male,44,Married,High School,Finance,Financial Analyst,6,Remote,Full-Time,2023-02-23,,True,,137000,20,3,10,34,3
E02423,Unknown,25,Married,Diploma,IT,DevOps Engineer,2,Delhi,Full-Time,2024-08-22,,True,,133000,0,4,8,16,1
E01747,Female,38,Single,Master,Sales,Sales Executive,4,Bengaluru,Full-Time,2023-04-19,,True,,139500,0,4,5,32,5
E01273,Male,35,Married,Diploma,Customer Support,Escalation Specialist,3,Delhi,Full-Time,2025-09-12,2025-12-30,False,Layoff,66500,0,4,5,3,1
E00389,Female,25,Divorced,High School,Customer Support,Support Lead,1,Hyderabad,Full-Time,2024-12-06,2025-01-17,False,Resigned,62000,15,3,8,1,5
E02016,Female,38,Married,Master,,HR Analyst,3,Bengaluru,Full-Time,2021-11-27,,True,,106500,0,2,8,49,8
E00375,Female,46,Single,Diploma,IT,IT Support,7,Hyderabad,Full-Time,2023-09-17,,True,,278000,0,3,5,27,11
E01833,Male,31,Married,Diploma,Customer Support,Support Lead,3,Delhi,Full-Time,2022-10-20,2022-12-10,False,Resigned,72500,10,5,7,1,12
E01222,Female,30,Single,Bachelor,Sales,Sales Executive,3,Delhi,Full-Time,2023-10-06,,True,,96500,5,4,4,27,6
E02141,Female,35,Single,High School,Finance,Financial Analyst,6,Delhi,Full-Time,2020-08-23,,True,,140000,5,4,7,65,12
E02568,Unknown,31,Married,PhD,Sales,Account Executive,2,Chennai,Full-Time,2024-08-04,,True,,82000,0,5,7,17,9
E02310,Male,33,Married,Master,Customer Support,Escalation Specialist,1,Delhi,Full-Time,2022-04-04,2022-07-01,False,Retirement,45000,5,2,7,2,3
E02109,Male,33,Married,Diploma,Research & Development,Research Scientist,1,Chennai,Full-Time,2020-02-01,,True,,110000,10,3,7,72,1
E02428,Female,29,Single,High School,Operations,Quality Analyst,3,Bengaluru,Contract,2024-10-02,,True,,77000,10,5,6,15,11
E01046,male,23,Married,Master,Sales,Account Executive,1,Hyderabad,Full-Time,2023-01-18,,True,,65000,5,3,6,35,7
E02325,Female,27,Married,Diploma,Finance,Accountant,1,Remote,Full-Time,2025-11-09,,True,,86000,5,3,8,1,0
E02838,Male,41,Divorced,Master,Finance,Financial Analyst,5,Mumbai,Full-Time,2024-10-20,,True,,168500,15,3,4,14,13
E02153,Male,36,Married,Diploma,Finance,Financial Analyst,2,Mumbai,Full-Time,2024-02-26,,True,,104000,10,4,6,22,6
E01066,Female,30,Single,PhD,Sales,Business Development,3,Hyderabad,Part-Time,2020-03-22,,True,,86500,10,5,6,70,8
E01861,Male,34,Married,Bachelor,Marketing,SEO Specialist,1,Hyderabad,Full-Time,2021-09-11,,True,,52000,5,2,10,52,7
E00601,Male,27,Married,Diploma,Research & Development,Data Scientist,2,Hyderabad,Full-Time,2023-04-14,,True,,152500,0,3,7,33,0
E01171,Male,37,Single,High School,Customer Support,Support Agent,4,Delhi,Full-Time,2025-09-22,2025-12-16,False,Resigned,91000,5,4,8,2,0
E00682,Female,30,Married,Diploma,Executive,CFO,1,Hyderabad,Full-Time,2022-10-23,,True,,205000,0,4,7,38,9
E02356,Female,26,Married,High School,Research & Development,Research Scientist,2,Delhi,Full-Time,2023-04-18,,True,,108000,5,3,6,32,0
E01023,Male,33,Married,Bachelor,Research & Development,Research Scientist,2,Remote,Full-Time,2024-06-29,,True,,139500,10,3,6,18,6
E01569,Female,38,Single,Master,Research & Development,Product Engineer,4,Bengaluru,Full-Time,2023-12-01,,True,,170000,15,2,4,25,14
E01904,Female,29,Married,PhD,Research & Development,Research Scientist,2,Hyderabad,Part-Time,2024-12-01,2025-01-17,False,Layoff,148000,5,5,1,1,4
E01467,Female,32,Single,Bachelor,Operations,Quality Analyst,4,Remote,Full-Time,2025-01-13,,True,,134500,0,3,7,11,6
E00459,Male,25,Married,High School,IT,DevOps Engineer,2,Mumbai,Full-Time,2021-08-20,,True,,129500,5,4,1,53,6
E00082,Female,27,Married,Master,Human Resources,HR Generalist,2,Remote,Full-Time,2024-12-12,,True,,99000,0,3,8,12,2
E00361,Female,27,Single,Diploma,Human Resources,HR Analyst,2,Remote,Full-Time,2021-07-24,2021-10-09,False,Resigned,66500,5,4,4,2,12
E02842,Unknown,34,Married,Diploma,Customer Support,Escalation Specialist,6,Hyderabad,Full-Time,2024-06-30,2024-09-07,False,Resigned,123000,0,4,5,2,7
E02097,Female,32,Married,PhD,Sales,Sales Executive,3,Remote,Full-Time,2024-06-27,,True,,134000,10,3,6,18,4
E01618,Male,36,Single,Bachelor,Human Resources,HR Analyst,5,Chennai,Full-Time,2022-12-01,,True,,91500,5,2,6,37,6
E02092,Unknown,31,Divorced,Diploma,Operations,Quality Analyst,2,Delhi,Full-Time,2024-07-14,,True,,64000,5,2,5,17,11
E01193,Female,31,Married,PhD,Marketing,Content Writer,1,Mumbai,Contract,2022-04-22,,True,,87000,0,3,10,44,16
E00502,Male,32,Married,Master,Sales,Account Executive,2,Delhi,Full-Time,2024-06-25,,True,,103500,5,3,5,18,8
E00164,Female,29,Married,Diploma,Operations,Quality Analyst,1,Hyderabad,Full-Time,2020-04-18,,True,,,0,5,5,69,7
E00662,Female,34,Married,High School,IT,Data Analyst,2,Remote,Full-Time,2024-03-28,,True,,98000,10,3,5,21,0
E01228,Female,36,Married,Diploma,Research & Development,Product Engineer,4,Bengaluru,Full-Time,2022-10-15,,True,,230000,0,5,5,39,9
E02818,Male,30,Married,High School,Research & Development,Research Scientist,2,Bengaluru,Full-Time,2020-07-17,2020-12-12,False,Resigned,122500,15,4,8,4,18
E00359,Male,34,Single,Master,Operations,Logistics Coordinator,3,Bengaluru,Full-Time,2024-05-02,,True,,85500,0,3,6,20,0
E00423,Female,38,Married,Diploma,Finance,Accountant,4,Mumbai,Full-Time,2023-12-19,,True,,115000,15,4,6,24,20
E00176,Female,42,Divorced,High School,Sales,Sales Executive,6,Chennai,Full-Time,2024-10-14,,True,,150000,0,4,6,14,3
E01958,Male,23,Divorced,Diploma,Research & Development,Data Scientist,1,Bengaluru,Full-Time,2020-11-24,,True,,128000,5,4,5,62,0
E00780,Male,31,Married,Master,Finance,Financial Analyst,4,Remote,Contract,2024-09-23,2025-01-13,False,Resigned,130000,0,5,4,3,10
E02302,Female,31,Married,Diploma,Customer Support,Support Lead,1,Chennai,Full-Time,2024-05-03,,True,,51000,10,3,5,20,4
E01409,Female,34,Married,Bachelor,Finance,Accountant,2,Hyderabad,Full-Time,2024-09-22,,True,,122500,10,2,7,15,5
E02740,Male,40,Married,Master,Human Resources,Recruiter,7,Remote,Full-Time,2021-01-13,,True,,178500,5,3,5,60,0
E01081,Male,31,Married,Bachelor,Operations,Quality Analyst,3,Bengaluru,Full-Time,2021-06-26,,True,,77500,0,5,9,54,17
E02539,Male,36,Single,Bachelor,Operations,Operations Analyst,4,Hyderabad,Full-Time,2023-05-29,,True,,139500,0,3,6,31,3
E00761,Male,28,Married,PhD,Operations,Logistics Coordinator,1,Mumbai,Full-Time,2024-06-10,,True,,59500,0,3,3,18,0
E01474,Male,28,Married,High School,Executive,COO,2,Mumbai,Full-Time,2023-05-23,,True,,299500,0,4,7,31,7
E02084,Unknown,35,Married,Diploma,Operations,Logistics Coordinator,3,Delhi,Full-Time,2025-11-12,2025-11-27,False,Resigned,95000,0,3,5,1,6
E00282,Female,42,Married,Bachelor,Sales,Account Executive,7,Delhi,Full-Time,2025-04-27,,True,,198000,0,4,4,8,14
E02888,Female,34,Married,Bachelor,Finance,Financial Analyst,1,Remote,Full-Time,2025-11-25,2025-12-10,False,Resigned,98000,5,3,5,1,11
E00300,Female,44,Married,PhD,Human Resources,Recruiter,6,Bengaluru,Full-Time,2024-02-07,,True,,103500,5,4,6,23,9
E01420,Female,34,Married,Master,Operations,Quality Analyst,1,Bengaluru,Full-Time,2022-08-06,,True,,75000,0,3,5,41,2
E02678,Female,35,Married,Bachelor,Research & Development,Product Engineer,2,Bengaluru,Full-Time,2023-08-11,,True,,109000,0,4,5,29,0
E02425,Male,34,Single,Diploma,IT,DevOps Engineer,2,Mumbai,Full-Time,2024-02-21,,True,,118500,5,3,3,22,0
E02909,Female,29,Single,PhD,Operations,Operations Analyst,3,Mumbai,Full-Time,2025-03-29,,True,,123000,20,3,6,9,13
E00213,Male,35,Single,Diploma,Customer Support,Support Lead,2,Remote,Full-Time,2023-10-09,,True,,73500,15,3,7,27,0
E00369,Female,32,Single,PhD,Sales,Account Executive,4,Bengaluru,Full-Time,2022-09-06,,True,,94500,10,3,7,40,0
E00452,Female,39,Married,PhD,IT,IT Support,5,Chennai,Full-Time,2021-08-18,,True,,195000,5,4,7,53,3
E02700,Female,30,Married,Diploma,Marketing,SEO Specialist,1,Chennai,Full-Time,2022-10-28,,True,,80500,5,3,7,38,10
E00641,Male,40,Married,PhD,Operations,Operations Analyst,4,Mumbai,Full-Time,2025-11-03,,True,,121000,0,5,6,1,0
E00115,Male,33,Single,PhD,Finance,Financial Analyst,6,Mumbai,Full-Time,2024-05-03,,True,,125000,0,3,5,20,8
E00474,Female,31,Single,Master,Customer Support,Support Agent,4,Hyderabad,Full-Time,2025-06-08,,True,,82500,20,3,4,6,12
E00698,Male,31,Single,Bachelor,Sales,Business Development,1,Chennai,Full-Time,2023-12-01,2024-03-02,False,Relocation,93000,10,4,7,3,0
E01406,Male,34,Married,Diploma,Research & Development,Research Scientist,2,Delhi,Full-Time,2023-08-19,,True,,106000,0,3,6,28,8
E02152,Female,29,Married,PhD,Customer Support,Escalation Specialist,1,Hyderabad,Full-Time,2020-02-14,2020-06-27,False,Retirement,48000,0,1,6,4,8
E02913,Male,30,Single,PhD,IT,Data Analyst,2,Remote,Full-Time,2025-12-17,,True,,159000,0,4,7,1,5
E00263,Female,31,Single,Master,Human Resources,HR Analyst,1,Remote,Full-Time,2022-10-30,,True,,97000,20,5,5,38,5
E02541,Female,38,Married,Diploma,Sales,Account Executive,7,Chennai,Full-Time,2023-07-31,,True,,158500,0,5,6,29,4
E00458,Male,32,Married,High School,Operations,Quality Analyst,4,Mumbai,Full-Time,2025-02-14,,True,,80000,5,5,5,10,2
E02384,Male,32,Married,PhD,Marketing,Content Writer,2,Delhi,Full-Time,2024-12-29,2025-03-25,False,Resigned,102500,0,5,4,2,17
E01421,Female,34,Married,PhD,Human Resources,Recruiter,4,Chennai,Full-Time,2021-12-25,,True,,94500,0,5,7,48,9
E02354,Female,31,Single,PhD,IT,DevOps Engineer,3,Remote,Full-Time,2021-10-16,,True,,117000,10,4,3,51,7
E02763,Male,34,Divorced,Master,Operations,Quality Analyst,2,Mumbai,Full-Time,2024-01-21,2024-03-13,False,Retirement,64500,0,4,5,1,2
E00016,Male,28,Married,Bachelor,Human Resources,HR Analyst,3,Hyderabad,Full-Time,2025-03-30,2025-07-18,False,Resigned,83000,0,4,5,3,5
E00844,Female,29,Married,Bachelor,Human Resources,Recruiter,2,Hyderabad,Full-Time,2025-09-22,,True,,74000,20,4,2,3,21
E01948,Male,36,Married,PhD,IT,IT Support,3,Mumbai,Full-Time,2024-04-09,,True,,139000,5,5,2,21,2
E01942,Male,33,Married,Bachelor,Marketing,Marketing Analyst,3,Bengaluru,Part-Time,2023-02-24,2023-06-04,False,Resigned,93000,0,4,6,3,7
E02088,Female,42,Married,Master,Sales,Sales Executive,6,Remote,Full-Time,2021-07-16,,True,,158500,0,3,8,54,3
E01396,Male,28,Married,Master,Finance,Credit Analyst,3,Hyderabad,Full-Time,2022-07-19,,True,,146000,0,3,8,42,0
E02076,Male,33,Married,Master,Customer Support,Support Agent,3,Delhi,Part-Time,2021-10-18,,True,,85000,0,3,6,51,15
E00072,Male,39,Married,PhD,Customer Support,Support Agent,5,Hyderabad,Full-Time,2021-03-08,2021-06-15,False,Retirement,77500,5,5,5,3,9
E02352,Female,36,Single,Diploma,IT,DevOps Engineer,2,Remote,Full-Time,2021-02-18,,True,,110500,0,3,7,59,13
E00037,Female,37,Single,Diploma,Executive,CEO,3,Chennai,Full-Time,2023-10-19,,True,,258500,0,5,6,26,7
E00418,Female,28,Married,High School,IT,IT Support,2,Delhi,Full-Time,2024-10-29,2025-02-03,False,Retirement,140500,5,2,6,3,6
E01009,Male,31,Married,Master,IT,DevOps Engineer,2,Bengaluru,Full-Time,2021-02-24,,True,,165500,15,4,5,59,11
E01514,Female,30,Married,Master,Finance,Financial Analyst,2,Chennai,Full-Time,2021-07-08,,True,,82500,10,2,5,54,0
E01507,Female,31,Married,High School,IT,Software Engineer,1,Bengaluru,Full-Time,2021-10-10,,True,,108000,0,4,7,51,7
E00230,Male,25,Married,Master,Customer Support,Escalation Specialist,1,Remote,Full-Time,2022-03-24,2022-04-23,False,Layoff,46500,5,4,7,1,5
E01061,Male,41,Married,Bachelor,Operations,Quality Analyst,5,Hyderabad,Full-Time,2020-11-30,,True,,99500,15,4,6,61,9
E02521,Female,33,Single,PhD,Customer Support,Support Agent,4,Remote,Full-Time,2023-04-22,2023-05-28,False,Relocation,105000,0,1,4,1,6
E00120,Male,33,Married,Master,Marketing,Content Writer,6,Hyderabad,Full-Time,2023-03-11,,True,,103000,5,4,8,34,7
E02616,Female,28,Married,Master,Operations,Operations Analyst,2,Bengaluru,Part-Time,2024-04-30,,True,,100500,10,3,3,20,7
E00292,Female,27,Married,Master,Marketing,Marketing Analyst,1,Delhi,Full-Time,2020-10-19,,True,,67500,5,1,7,63,2
E02473,Female,38,Married,High School,Customer Support,Support Agent,4,Chennai,Full-Time,2022-01-25,,True,,70500,0,4,5,47,5
E00947,Female,40,Single,Diploma,Research & Development,Research Scientist,5,Mumbai,Full-Time,2024-09-15,,True,,162000,15,5,8,15,2
E00987,Female,27,Married,PhD,IT,Data Analyst,2,Remote,Full-Time,2023-09-16,,True,,101000,0,2,6,27,0
E00421,Female,28,Married,Bachelor,Operations,Logistics Coordinator,1,Hyderabad,Full-Time,2024-04-30,,True,,79500,0,3,6,20,9
E00516,Male,28,Single,PhD,Operations,Operations Analyst,2,Remote,Full-Time,2022-12-16,,True,,104500,5,4,6,37,19
E02565,Female,31,Married,Diploma,Sales,Business Development,1,Bengaluru,Full-Time,2020-11-05,,True,,90500,0,2,1,62,11
E00261,Male,31,Married,Bachelor,,Content Writer,1,Bengaluru,Full-Time,2025-11-28,,True,,73000,0,4,5,1,4
E00580,Male,39,Single,PhD,IT,Software Engineer,5,Hyderabad,Full-Time,2025-05-06,2025-08-17,False,Performance / Termination,156500,0,2,9,3,25
E02158,Female,34,Single,Master,Marketing,SEO Specialist,2,Bengaluru,Contract,2021-11-15,,True,,64000,10,4,5,50,1
E02487,Unknown,27,Married,Master,IT,IT Support,2,Mumbai,Full-Time,2023-04-05,,True,,99000,0,4,5,33,12
E01983,male,27,Married,Master,Finance,Financial Analyst,3,Remote,Full-Time,2021-06-10,,True,,84500,15,4,7,55,10
E01276,Female,27,Single,Bachelor,Sales,Business Development,2,Delhi,Full-Time,2022-09-30,,True,,120500,0,4,10,39,0
E00878,Female,34,Married,Master,Human Resources,HR Analyst,3,Hyderabad,Full-Time,2024-03-05,,True,,88500,10,5,6,22,7
E00798,Female,29,Single,Bachelor,IT,Software Engineer,3,Bengaluru,Full-Time,2023-11-02,,True,,119000,0,3,6,26,11
E01932,Male,26,Married,High School,Operations,Quality Analyst,2,Bengaluru,Full-Time,2021-06-28,,True,,101000,5,3,6,54,4
E00998,male,31,Married,PhD,Finance,Financial Analyst,4,Mumbai,Full-Time,2024-11-07,,True,,160000,10,5,7,13,0
E02326,male,36,Single,Master,Sales,Sales Executive,3,Bengaluru,Full-Time,2022-10-05,,True,,107000,15,2,6,39,3
E02884,Male,30,Single,Diploma,Research & Development,Research Scientist,4,Delhi,Full-Time,2023-09-19,,True,,212500,10,5,8,27,9
E00820,Female,35,Married,PhD,Sales,Business Development,3,Delhi,Full-Time,2020-11-25,,True,,115000,0,4,6,62,7
E00216,Female,32,Married,Diploma,Sales,Sales Executive,1,Delhi,Full-Time,2024-03-25,,True,,60000,0,3,5,21,0
E00958,Male,35,Married,Bachelor,IT,Data Analyst,3,Remote,Full-Time,2025-04-20,,True,,151000,10,4,6,8,9
E00309,Female,40,Married,High School,Marketing,Content Writer,4,Chennai,Full-Time,2023-02-08,2023-04-20,False,Resigned,107500,20,3,8,2,0
E00106,Male,36,Married,Diploma,Marketing,Marketing Analyst,2,Remote,Full-Time,2023-07-20,,True,,89000,10,2,6,29,12
E02363,Female,41,Married,Master,IT,Data Analyst,6,Mumbai,Full-Time,2021-12-17,,True,,189000,5,2,3,49,8
E01029,Male,30,Married,PhD,Human Resources,HR Analyst,1,Hyderabad,Full-Time,2020-08-26,,True,,60000,0,3,5,65,1
E00948,Male,30,Married,Diploma,Marketing,Marketing Analyst,4,Bengaluru,Full-Time,2023-03-14,,True,,116000,5,3,6,34,2
E00848,Female,34,Married,Bachelor,Finance,Accountant,1,Mumbai,Full-Time,2021-05-20,,True,,76500,0,4,7,56,0
E01120,Male,29,Married,PhD,Customer Support,Escalation Specialist,2,Chennai,Full-Time,2025-05-02,,True,,49500,5,4,6,8,4
E00915,Female,32,Married,PhD,Operations,Operations Analyst,1,Hyderabad,Full-Time,2021-08-23,2021-10-04,False,Resigned,63000,15,3,9,1,7
E00352,Male,31,Single,Bachelor,Human Resources,HR Generalist,1,Mumbai,Part-Time,2024-10-07,2025-01-14,False,Retirement,90000,5,5,5,3,6
E00063,Male,33,Single,PhD,Sales,Business Development,1,Bengaluru,Full-Time,2021-12-19,,True,,90500,0,4,8,49,3
E01126,Unknown,26,Single,Diploma,IT,IT Support,1,Chennai,Full-Time,2023-03-14,,True,,111500,10,5,5,34,0
E01761,Male,36,Married,PhD,IT,IT Support,3,Mumbai,Full-Time,2021-08-15,,True,,173000,20,2,4,53,10
E02969,Male,30,Married,High School,Sales,Account Executive,1,Bengaluru,Full-Time,2021-12-28,,True,,106000,15,2,4,48,3
E02605,female,37,Single,High School,Sales,Sales Executive,7,Mumbai,Full-Time,2022-05-10,,True,,141500,15,4,7,44,1
E02794,Female,38,Married,Bachelor,Marketing,Marketing Analyst,4,Remote,Full-Time,2024-08-15,,True,,126500,20,3,7,16,14
E02505,Female,36,Married,Diploma,Sales,Account Executive,2,Hyderabad,Full-Time,2023-05-05,,True,,110000,10,3,6,32,4
E01537,female,35,Single,Diploma,Human Resources,HR Analyst,6,Delhi,Full-Time,2022-12-09,,True,,122000,15,2,10,37,8
E02600,Female,35,Married,High School,Marketing,SEO Specialist,6,Hyderabad,Part-Time,2022-07-03,,True,,141500,0,3,6,42,3
E02722,Male,31,Married,PhD,Operations,Operations Analyst,1,Hyderabad,Full-Time,2020-02-25,2020-05-06,False,Performance / Termination,96000,5,4,10,2,0
E01952,Male,44,Married,High School,Finance,Financial Analyst,6,Bengaluru,Full-Time,2023-03-20,,True,,145000,10,5,4,33,14
E01601,Male,25,Married,Master,Marketing,Marketing Analyst,2,Mumbai,Full-Time,2023-03-26,,True,,63000,0,4,2,33,10
E02975,Female,29,Married,Bachelor,Operations,Logistics Coordinator,1,Bengaluru,Full-Time,2021-11-09,2022-02-01,False,Resigned,61000,5,4,2,2,17
E01226,Female,31,Married,Master,Operations,Logistics Coordinator,5,Chennai,Full-Time,2023-11-23,,True,,156000,5,4,4,25,5
E00501,Female,42,Married,Master,Sales,Account Executive,6,Chennai,Full-Time,2024-09-14,,True,,166500,0,4,6,15,7
E02067,Female,40,Single,Master,IT,Data Analyst,7,Mumbai,Full-Time,2022-07-15,,True,,211500,0,3,7,42,0
E02253,Male,32,Married,Bachelor,Customer Support,Support Lead,4,Hyderabad,Full-Time,2020-06-26,2020-10-22,False,Layoff,82000,5,3,6,3,6
E02122,Male,37,Married,Bachelor,Operations,Quality Analyst,3,Hyderabad,Full-Time,2025-03-01,,True,,113000,0,3,8,10,13
E00446,Male,32,Married,PhD,Operations,Quality Analyst,4,Hyderabad,Full-Time,2021-07-09,,True,,126000,5,4,7,54,0
E00616,Female,37,Single,Master,IT,Software Engineer,4,Bengaluru,Full-Time,2022-05-03,,True,,132000,0,4,6,44,9
E01903,Male,38,Married,High School,Sales,Business Development,5,Hyderabad,Full-Time,2023-08-24,,True,,165500,15,4,7,28,2
E02193,Male,41,Married,PhD,Finance,Accountant,7,Chennai,Full-Time,2023-09-13,,True,,125500,0,5,5,28,0
E02984,Male,29,Single,Diploma,Research & Development,Data Scientist,4,Hyderabad,Part-Time,2025-01-29,,True,,211500,10,3,5,11,0
E02196,Female,31,Married,High School,Sales,Sales Executive,2,Bengaluru,Full-Time,2023-07-14,,True,,73000,0,3,7,30,4
E00477,Male,23,Married,Bachelor,Marketing,Content Writer,1,Bengaluru,Full-Time,2022-03-09,,True,,55000,5,5,6,46,6
E01748,Male,35,Divorced,PhD,Research & Development,Product Engineer,2,Mumbai,Full-Time,2022-06-01,,True,,175500,0,3,6,43,0
E00461,Female,23,Single,Master,Operations,Operations Analyst,1,Chennai,Full-Time,2020-04-05,2020-07-17,False,Resigned,55500,20,3,5,3,8
E01175,Female,28,Married,Master,Sales,Sales Executive,3,Mumbai,Full-Time,2020-12-20,2021-01-26,False,Resigned,131500,5,4,6,1,0
E01184,Male,33,Single,Master,Operations,Quality Analyst,3,Bengaluru,Part-Time,2022-04-08,,True,,87500,5,4,7,45,0
E00270,Female,35,Single,PhD,Customer Support,Support Lead,4,Hyderabad,Full-Time,2023-10-02,,True,,61500,0,4,7,27,11
E00867,Female,35,Divorced,PhD,Sales,Business Development,4,Mumbai,Full-Time,2020-04-20,,True,,86500,10,4,6,69,3
E01128,Female,36,Divorced,Master,Finance,Financial Analyst,4,Chennai,Part-Time,2022-09-22,,True,,104500,0,4,4,39,14
E00665,Female,36,Married,Bachelor,Operations,Quality Analyst,2,Remote,Full-Time,2021-02-28,2021-07-17,False,Resigned,81500,0,3,9,4,6
E02255,Female,37,Married,PhD,Human Resources,HR Analyst,5,Hyderabad,Full-Time,2023-04-28,,True,,101000,0,5,5,32,2
E00657,Male,38,Married,High School,Customer Support,Support Lead,5,Chennai,Full-Time,2020-09-05,,True,,93000,0,4,10,64,5
E00077,Female,38,Married,High School,Research & Development,Product Engineer,3,Bengaluru,Part-Time,2020-01-08,,True,,156500,5,3,8,72,1
E00785,Male,34,Married,High School,Finance,Financial Analyst,1,Remote,Full-Time,2025-03-27,,True,,105000,10,4,8,9,12
E02171,Male,35,Married,Master,IT,Software Engineer,7,Delhi,Full-Time,2023-10-30,,True,,185000,5,3,8,26,8
E02030,Female,39,Married,High School,Operations,Logistics Coordinator,7,Delhi,Full-Time,2024-11-02,,True,,159000,15,3,7,14,11
E00466,Unknown,45,Married,Master,Customer Support,Support Agent,7,Delhi,Part-Time,2024-04-11,,True,,92500,20,2,6,20,12
E00199,Male,28,Single,Diploma,Research & Development,Research Scientist,2,Remote,Full-Time,2020-09-13,2021-02-05,False,Layoff,154000,0,3,6,4,3
E02761,Male,31,Married,PhD,Sales,Account Executive,2,Hyderabad,Contract,2022-04-18,,True,,69000,10,3,6,45,0
E02916,Female,38,Single,High School,Operations,Operations Analyst,6,Delhi,Full-Time,2020-04-18,2020-06-22,False,Layoff,117000,0,3,5,2,9
E01619,Male,31,Married,Diploma,Human Resources,HR Generalist,2,Chennai,Full-Time,2023-07-01,,True,,92000,5,5,5,30,5
E01359,Male,34,Single,High School,Operations,Logistics Coordinator,1,Chennai,Full-Time,2022-05-08,,True,,77000,15,3,7,44,12
E01349,Male,36,Married,Bachelor,IT,DevOps Engineer,3,Hyderabad,Full-Time,2025-09-24,,True,,123500,15,3,3,3,0
E00334,Male,34,Single,High School,IT,DevOps Engineer,1,Bengaluru,Full-Time,2023-08-02,,True,,137000,0,3,6,29,11
E00386,Female,44,Divorced,Diploma,Human Resources,HR Generalist,6,Chennai,Full-Time,2025-12-04,,True,,133000,0,4,8,1,6
E02543,Male,28,Single,High School,IT,Data Analyst,3,Chennai,Full-Time,2020-10-05,,True,,121500,0,2,5,63,11
E01907,Male,42,Married,Bachelor,Marketing,Content Writer,5,Mumbai,Full-Time,2025-01-24,,True,,118500,20,3,4,11,0
E00923,Male,34,Married,High School,Finance,Accountant,4,Chennai,Full-Time,2025-05-02,,True,,165000,5,5,6,8,9
E00732,Female,25,Married,PhD,Operations,Quality Analyst,2,Bengaluru,Full-Time,2022-01-14,,True,,113000,15,3,4,48,0
E00013,Unknown,34,Married,High School,Operations,Operations Analyst,3,Chennai,Contract,2023-05-28,,True,,95500,0,4,6,31,2
E02417,Male,30,Married,PhD,Human Resources,HR Analyst,1,Chennai,Full-Time,2025-04-14,,True,,85000,5,4,5,8,9
E02535,Female,33,Divorced,Master,Human Resources,Recruiter,1,Remote,Full-Time,2021-03-18,2021-05-11,False,Retirement,79500,0,4,7,1,8
E01595,Male,29,Married,Diploma,Sales,Sales Executive,1,Bengaluru,Full-Time,2021-09-16,2022-02-06,False,Resigned,105000,15,4,3,4,18
E01392,Male,29,Married,Bachelor,Finance,Credit Analyst,1,Chennai,Full-Time,2022-06-05,,True,,67000,10,3,7,43,9
E00380,Male,28,Single,PhD,IT,DevOps Engineer,1,Mumbai,Full-Time,2020-03-01,,True,,96500,10,4,6,71,0
E00112,Female,36,Single,Diploma,Research & Development,Product Engineer,3,Remote,Full-Time,2024-07-15,,True,,192000,15,5,6,17,10
E00429,Female,29,Married,Bachelor,Finance,Financial Analyst,2,Chennai,Full-Time,2024-10-25,,True,,118000,5,3,8,14,1
E00554,Male,29,Married,Bachelor,Research & Development,Data Scientist,4,Remote,Full-Time,2021-06-21,,True,,235500,0,5,5,55,4
E01465,Female,35,Married,Master,Sales,Sales Executive,2,Remote,Full-Time,2025-02-23,,True,,118500,5,4,7,10,9
E02691,Male,36,Married,Diploma,Marketing,Content Writer,5,Chennai,Full-Time,2021-04-11,,True,,86000,10,4,4,57,0
E00455,Female,35,Single,Master,Research & Development,Product Engineer,3,Chennai,Full-Time,2023-05-05,,True,,133500,0,4,5,32,0
E01565,Male,30,Married,Master,Human Resources,HR Analyst,3,Mumbai,Full-Time,2023-03-25,,True,,109000,5,3,9,33,1
E00637,Male,33,Married,Diploma,Operations,Operations Analyst,4,Remote,Full-Time,2023-08-12,,True,,79000,15,4,4,29,11
E01013,Female,38,Married,High School,Research & Development,Data Scientist,4,Mumbai,Full-Time,2020-06-05,,True,,210500,0,4,7,67,0
E01975,Male,33,Married,High School,Customer Support,Support Lead,3,Hyderabad,Full-Time,2022-09-18,,True,,65500,15,4,6,40,0
E01742,Female,33,Married,Diploma,IT,DevOps Engineer,1,Hyderabad,Full-Time,2025-09-18,,True,,113500,5,4,9,3,6
E00159,Female,31,Single,PhD,Human Resources,HR Generalist,3,Mumbai,Part-Time,2025-11-08,,True,,111500,0,3,6,1,0
E01945,Female,34,Married,Diploma,Customer Support,Support Agent,1,Chennai,Full-Time,2023-01-28,,True,,61500,5,3,5,35,17
E02931,Male,34,Married,Bachelor,Customer Support,Escalation Specialist,3,Hyderabad,Full-Time,2023-10-06,,True,,64500,0,4,7,27,6
E01655,Female,33,Married,PhD,IT,Software Engineer,4,Remote,Full-Time,2022-08-13,,True,,207000,15,5,8,41,5
E02659,male,30,Married,PhD,Research & Development,Research Scientist,1,Chennai,Full-Time,2021-07-20,,True,,154000,5,5,7,54,2
E02406,Male,30,Married,Bachelor,Finance,Financial Analyst,4,Chennai,Full-Time,2023-12-17,2024-03-14,False,Resigned,149500,0,4,8,2,4
E01237,Female,28,Single,Diploma,Marketing,Content Writer,1,Delhi,Full-Time,2023-02-01,,True,,53500,10,4,4,35,8
E02582,Male,29,Married,PhD,Sales,Account Executive,1,Bengaluru,Full-Time,2024-01-27,,True,,103500,10,4,6,23,3
E01970,Female,25,Married,PhD,Finance,Financial Analyst,2,Hyderabad,Full-Time,2023-03-17,2023-05-23,False,Layoff,118500,15,3,10,2,0
E02410,Female,39,Single,PhD,IT,IT Support,5,Delhi,Part-Time,2025-10-16,,True,,192500,0,4,7,2,22
E02305,Unknown,27,Married,High School,Operations,Operations Analyst,3,Hyderabad,Full-Time,2021-01-18,,True,,91500,0,4,7,60,13
E01985,Male,37,Married,High School,IT,DevOps Engineer,3,Delhi,Full-Time,2025-07-10,,True,,109000,0,4,6,5,12
E01088,Male,36,Single,PhD,Finance,Financial Analyst,2,Remote,Part-Time,2022-12-31,,True,,90000,0,3,4,36,7
E02203,Female,23,Married,High School,Research & Development,Research Scientist,1,Chennai,Full-Time,2024-08-18,,True,,121500,15,3,1,16,5
E02099,Female,45,Married,Diploma,Marketing,Marketing Analyst,7,Mumbai,Full-Time,2020-11-02,2021-01-04,False,Resigned,100500,15,5,7,2,8
E01329,Male,33,Single,Bachelor,Research & Development,Product Engineer,3,Mumbai,Full-Time,2025-12-05,,True,,150000,0,5,6,1,9
E01014,Male,35,Single,Diploma,Customer Support,Support Agent,3,Remote,Full-Time,2023-09-13,,True,,84000,5,3,4,28,1
E00765,Male,26,Married,Master,Customer Support,Support Agent,2,Hyderabad,Full-Time,2025-09-05,,True,,84000,5,3,7,3,11
E02643,Male,31,Divorced,Diploma,Human Resources,HR Analyst,2,Bengaluru,Full-Time,2021-01-05,,True,,98000,20,1,7,60,1
E00558,Female,29,Married,High School,Finance,Financial Analyst,2,Chennai,Full-Time,2022-08-08,,True,,123000,5,3,6,41,4
E02238,Female,29,Married,Bachelor,Marketing,SEO Specialist,1,Mumbai,Full-Time,2023-04-04,2023-05-07,False,Resigned,78000,10,3,8,1,17
E01110,male,42,Married,Master,Human Resources,HR Generalist,5,Hyderabad,Full-Time,2020-10-13,,True,,120000,10,4,7,63,0
E02580,Male,27,Single,Diploma,Customer Support,Support Lead,3,Delhi,Full-Time,2022-04-20,,True,,63500,5,3,4,45,9
E02667,Male,40,Single,Diploma,Operations,Logistics Coordinator,5,Remote,Full-Time,2025-06-23,,True,,137500,10,3,7,6,11
E01982,Female,34,Single,High School,IT,Data Analyst,4,Hyderabad,Full-Time,2025-09-13,,True,,148500,10,4,7,3,0
E00810,Male,30,Single,Diploma,Marketing,Marketing Analyst,2,Chennai,Full-Time,2022-09-03,,True,,57500,15,3,5,40,0
E00674,Male,31,Married,Diploma,Customer Support,Support Agent,1,Mumbai,Full-Time,2025-07-01,2025-09-24,False,Performance / Termination,45500,5,2,4,2,3
E00638,Female,30,Married,Bachelor,Operations,Operations Analyst,3,Hyderabad,Contract,2021-04-03,,True,,113000,10,4,8,57,9
E01800,Male,26,Married,High School,Operations,Logistics Coordinator,2,Chennai,Full-Time,2025-05-12,2025-06-17,False,Resigned,99000,15,2,8,1,0
E02140,Male,37,Married,Master,Sales,Business Development,4,Delhi,Contract,2022-11-05,,True,,95500,10,5,4,38,7
E00532,Male,200,Married,PhD,Finance,Credit Analyst,3,Chennai,Full-Time,2023-03-04,,True,,96000,0,2,10,34,4
E02771,Female,36,Married,High School,Human Resources,Recruiter,2,Chennai,Full-Time,2023-04-18,,True,,65000,10,4,8,32,0
E01043,Male,28,Single,Master,Marketing,SEO Specialist,1,Bengaluru,Full-Time,2020-09-02,,True,,64000,0,3,9,64,1
E00617,Female,32,Single,PhD,IT,Data Analyst,1,Bengaluru,Full-Time,2021-09-18,2022-01-14,False,Resigned,95000,10,5,6,3,0
E01266,Male,31,Single,PhD,IT,Data Analyst,3,Delhi,Full-Time,2023-07-14,,True,,130000,10,4,8,30,7
E00246,Male,30,Married,PhD,Research & Development,Research Scientist,2,Bengaluru,Full-Time,2022-05-24,,True,,148500,10,4,5,43,9
E02750,Female,24,Married,High School,Operations,Logistics Coordinator,1,Hyderabad,Full-Time,2024-07-20,,True,,65500,15,3,9,17,0
E00479,Female,32,Married,Master,Operations,Quality Analyst,1,Mumbai,Full-Time,2020-10-14,2021-01-02,False,Performance / Termination,90500,0,4,5,2,0
E00297,Female,42,Single,High School,IT,DevOps Engineer,7,Mumbai,Full-Time,2023-07-06,,True,,172000,5,4,8,30,8
E00362,Male,33,Married,High School,Customer Support,Support Agent,5,Mumbai,Part-Time,2022-06-18,,True,,93500,15,5,9,43,10
E02603,Male,25,Single,High School,Marketing,Marketing Analyst,1,Hyderabad,Full-Time,2020-02-15,2020-03-26,False,Resigned,73500,0,5,8,1,20
E00226,Female,23,Single,Bachelor,Customer Support,Support Lead,1,Hyderabad,Full-Time,2021-09-28,,True,,43500,0,3,1,51,2
E00014,Male,33,Single,PhD,Finance,Credit Analyst,6,Mumbai,Full-Time,2024-06-22,,True,,168000,5,4,7,18,5
E00894,Male,29,Married,PhD,Human Resources,Recruiter,4,Remote,Full-Time,2021-06-10,,True,,112500,10,4,10,55,9
E00196,Male,29,Married,Master,Research & Development,Product Engineer,1,Delhi,Full-Time,2021-02-16,,True,,142000,0,4,6,59,11
E00863,Female,32,Single,High School,Sales,Sales Executive,1,Hyderabad,Full-Time,2020-10-08,2020-11-12,False,Layoff,73000,0,3,5,1,8
E01951,Female,26,Single,Master,Operations,Operations Analyst,1,Hyderabad,Full-Time,2022-11-14,,True,,87500,10,3,6,38,2
E00089,Female,30,Divorced,Master,IT,DevOps Engineer,1,Remote,Full-Time,2023-07-14,,True,,122500,0,5,7,30,0
E00229,Female,34,Single,Bachelor,Sales,Account Executive,2,Hyderabad,Full-Time,2020-03-29,,True,,84500,10,5,7,70,0
E02796,Female,32,Married,High School,Marketing,SEO Specialist,2,Delhi,Full-Time,2023-06-19,,True,,101000,5,4,7,30,4
E00965,Male,31,Married,High School,Operations,Logistics Coordinator,1,Remote,Full-Time,2025-03-23,2025-04-28,False,Layoff,97000,10,3,9,1,5
E02504,Male,30,Married,PhD,Operations,Logistics Coordinator,2,Mumbai,Full-Time,2024-07-25,,True,,84000,10,4,5,17,6
E00813,Male,32,Married,Master,Executive,CFO,2,Delhi,Full-Time,2024-12-23,,True,,246500,20,3,7,12,0
E02501,Male,35,Married,Bachelor,Customer Support,Escalation Specialist,3,Bengaluru,Full-Time,2021-05-16,,True,,91000,5,3,3,56,12
E01146,Female,38,Married,Diploma,Marketing,Marketing Analyst,7,Remote,Full-Time,2025-05-20,,True,,135000,0,3,8,7,0
E01225,Female,40,Married,PhD,Customer Support,Support Agent,6,Mumbai,Full-Time,2021-03-12,,True,,108500,10,3,4,58,11
E00669,Unknown,24,Divorced,Master,Marketing,Content Writer,1,Chennai,Contract,2022-01-29,,True,,80500,15,5,9,47,7
E02681,Female,33,Single,Diploma,Customer Support,Support Lead,4,Bengaluru,Contract,2021-12-30,,True,,90500,10,3,8,48,10
E02179,Female,27,Married,Diploma,Finance,Credit Analyst,2,Delhi,Full-Time,2024-01-25,2024-03-13,False,Retirement,113500,20,3,4,1,12
E01888,Male,37,Married,PhD,Operations,Quality Analyst,6,Bengaluru,Full-Time,2021-03-23,,True,,129500,15,4,8,58,0
E02566,Male,29,Married,PhD,IT,Software Engineer,1,Bengaluru,Contract,2023-11-06,,True,,108000,10,3,5,26,0
E00531,Female,32,Married,High School,IT,DevOps Engineer,4,Remote,Part-Time,2021-10-04,,True,,162000,5,3,5,51,1
E00855,Female,37,Married,Bachelor,Marketing,SEO Specialist,4,Bengaluru,Full-Time,2021-01-28,,True,,111500,5,3,6,59,0
E00218,Male,23,Single,PhD,Customer Support,Support Lead,1,Hyderabad,Full-Time,2022-11-14,2022-12-22,False,Performance / Termination,66000,5,3,8,1,1
E02265,Male,37,Divorced,PhD,Executive,CEO,4,Mumbai,Full-Time,2024-04-27,,True,,344500,10,4,7,20,0
E01056,Female,30,Married,Master,Sales,Business Development,2,Remote,Full-Time,2020-07-07,,True,,118000,0,5,8,66,5
E00476,Female,39,Married,High School,IT,Data Analyst,4,Remote,Full-Time,2022-05-17,,True,,145000,5,4,7,44,6
E01631,Female,29,Married,Master,Operations,Operations Analyst,2,Remote,Full-Time,2024-05-12,,True,,113000,10,2,7,19,4
E02387,Male,40,Divorced,Diploma,IT,IT Support,4,Mumbai,Full-Time,2025-04-22,,True,,183500,0,2,6,8,2
E02622,Male,27,Single,High School,Operations,Logistics Coordinator,2,Delhi,Full-Time,2023-01-02,2023-04-09,False,Resigned,95500,0,4,6,3,0
E00221,Male,31,Single,Master,IT,DevOps Engineer,3,Remote,Full-Time,2025-03-18,,True,,164000,5,4,8,9,15
E00934,Male,27,Married,High School,Research & Development,Data Scientist,2,Remote,Full-Time,2021-07-20,,True,,129000,10,2,5,54,10
E02994,Female,31,Divorced,Master,Customer Support,Escalation Specialist,2,Bengaluru,Full-Time,2020-01-24,,True,,66000,10,5,5,72,0
E00187,Female,31,Married,Diploma,Customer Support,Support Lead,4,Mumbai,Full-Time,2021-06-01,,True,,103000,0,5,9,55,2
E02967,Female,29,Married,Master,Operations,Operations Analyst,4,Delhi,Full-Time,2023-01-17,,True,,107500,0,4,6,35,1
E00526,Male,34,Divorced,Diploma,Operations,Operations Analyst,2,Mumbai,Full-Time,2021-09-21,,True,,63500,5,2,10,52,4
E01161,Male,32,Divorced,PhD,IT,IT Support,3,Chennai,Full-Time,2023-02-02,2023-04-25,False,Resigned,187000,0,4,6,2,10
E02903,Female,28,Married,High School,IT,IT Support,3,Chennai,Full-Time,2022-07-05,,True,,167000,0,3,6,42,0
E02951,Female,46,Married,Bachelor,Operations,Operations Analyst,7,Bengaluru,Full-Time,2025-09-23,2025-12-30,False,Relocation,125000,0,2,4,3,6
E01044,Male,31,Married,Bachelor,Customer Support,Support Lead,3,Mumbai,Full-Time,2021-03-30,,True,,58500,0,4,6,57,7
E02702,Male,39,Married,High School,Customer Support,Support Lead,4,Remote,Part-Time,2020-08-20,,True,,101000,0,5,4,65,10
E00694,Male,38,Married,Diploma,Finance,Financial Analyst,3,Bengaluru,Full-Time,2022-03-23,,True,,122000,5,3,7,45,17
E02235,Female,35,Single,PhD,Sales,Business Development,6,Delhi,Full-Time,2021-08-20,,True,,161000,0,5,4,53,6
E00379,female,43,Married,PhD,Sales,Sales Executive,6,Chennai,Full-Time,2023-05-23,,True,,107000,20,5,5,31,1
E01644,Male,28,Married,Master,Customer Support,Support Lead,1,Remote,Full-Time,2023-07-04,,True,,48000,5,5,6,30,0
E00725,Male,34,Married,Diploma,Customer Support,Support Lead,4,Mumbai,Full-Time,2021-07-21,,True,,82000,10,3,7,54,4
E01499,Male,37,Married,Bachelor,Sales,Account Executive,3,Remote,Full-Time,2022-01-24,,True,,86500,10,5,4,47,2
E01109,Female,31,Married,Bachelor,Research & Development,Research Scientist,1,Chennai,Full-Time,2023-05-22,,True,,153000,0,3,6,31,7
E00346,Female,34,Married,PhD,Sales,Sales Executive,2,Hyderabad,Full-Time,2020-05-15,2020-08-19,False,Retirement,87500,5,3,1,3,6
E00753,Female,36,Married,PhD,Research & Development,Data Scientist,2,Remote,Full-Time,2022-07-22,,True,,153500,0,3,7,41,9
E02223,Female,35,Married,Bachelor,Sales,Sales Executive,3,Hyderabad,Contract,2022-11-05,,True,,93000,0,3,6,38,7
E00931,Male,40,Married,Master,Customer Support,Support Lead,6,Delhi,Full-Time,2021-07-23,,True,,83500,10,5,7,54,2
E02132,Female,27,Single,Bachelor,Sales,Business Development,2,Hyderabad,Full-Time,2020-07-06,,True,,91000,15,3,4,66,10
E01820,Female,30,Married,Bachelor,Sales,Account Executive,3,Hyderabad,Full-Time,2020-04-07,,True,,131500,10,3,6,69,7
E02447,Male,33,Married,Diploma,Operations,Quality Analyst,2,Remote,Full-Time,2022-10-24,,True,,100500,0,2,4,38,4
E02045,Male,33,Married,High School,Sales,Account Executive,2,Chennai,Part-Time,2021-06-21,2021-11-02,False,Resigned,103000,5,5,8,4,0
E02469,Female,36,Married,Bachelor,Research & Development,Product Engineer,3,Hyderabad,Full-Time,2023-07-27,,True,,209000,5,5,8,29,2
E01821,Male,44,Single,Diploma,Human Resources,Recruiter,7,Delhi,Full-Time,2020-05-06,,True,,148000,5,4,6,68,17
E00451,Male,36,Single,Bachelor,IT,Software Engineer,3,Delhi,Full-Time,2020-01-15,,True,,176000,15,4,7,72,15
E01818,Male,30,Married,PhD,,Operations Analyst,2,Chennai,Full-Time,2024-06-26,2024-10-03,False,Resigned,72000,0,4,5,3,13
E02889,Female,32,Single,Diploma,Marketing,Marketing Analyst,3,Chennai,Full-Time,2023-10-26,,True,,112500,15,3,3,26,1
E01272,Female,41,Married,Diploma,Sales,Account Executive,7,Delhi,Full-Time,2020-10-13,,True,,168500,10,5,6,63,0
E02095,Male,30,Married,Master,IT,IT Support,1,Delhi,Full-Time,2021-12-11,,True,,87000,5,4,6,49,13
E01740,Male,32,Married,Diploma,IT,Software Engineer,1,Remote,Full-Time,2023-07-09,,True,,123000,10,3,3,30,9
E00365,Male,29,Single,Master,Operations,Quality Analyst,2,Mumbai,Full-Time,2024-10-05,,True,,103500,5,1,1,15,17
E00324,Male,33,Married,High School,Human Resources,Recruiter,3,Mumbai,Full-Time,2024-12-14,,True,,107500,5,5,6,12,7
E00622,Male,29,Married,Bachelor,Customer Support,Support Lead,3,Bengaluru,Full-Time,2023-06-04,,True,,57500,5,3,10,31,10
E00142,Male,32,Married,Bachelor,Finance,Accountant,1,Hyderabad,Full-Time,2022-07-21,,True,,114500,0,4,8,41,0
E01477,Female,39,Married,PhD,Operations,Operations Analyst,7,Chennai,Full-Time,2022-07-09,,True,,153500,0,3,10,42,17
E01031,Female,250,Single,Diploma,Operations,Quality Analyst,1,Remote,Full-Time,2023-11-11,2024-01-22,False,Retirement,,0,4,5,2,14
E00345,Female,26,Married,Master,IT,DevOps Engineer,2,Delhi,Full-Time,2021-05-22,,True,,167000,5,4,8,56,2
E01291,Male,32,Married,Diploma,Research & Development,Data Scientist,4,Remote,Full-Time,2020-01-01,,True,,210500,15,4,7,73,6
E02563,Female,23,Married,Master,Marketing,SEO Specialist,1,Bengaluru,Full-Time,2024-09-03,,True,,76000,0,5,4,16,7
E01379,Female,29,Married,Bachelor,Operations,Quality Analyst,2,Bengaluru,Full-Time,2020-12-24,,True,,85500,0,3,7,61,17
E00628,Male,39,Married,Bachelor,Customer Support,Support Agent,7,Delhi,Full-Time,2024-03-12,,True,,137500,20,3,6,21,0
E00374,Male,39,Married,Diploma,Operations,Operations Analyst,6,Delhi,Full-Time,2024-11-21,2025-01-17,False,Layoff,128000,0,3,7,1,3
E00982,Female,28,Married,Bachelor,IT,Software Engineer,3,Bengaluru,Full-Time,2023-07-17,,True,,136000,0,3,8,29,16
E01232,Female,31,Married,PhD,Operations,Logistics Coordinator,1,Mumbai,Full-Time,2021-01-28,2021-06-10,False,Resigned,68500,0,4,4,4,5
E02101,Female,25,Married,PhD,Human Resources,Recruiter,2,Bengaluru,Full-Time,2024-08-16,,True,,66500,15,4,8,16,11
E01154,Female,23,Single,PhD,Customer Support,Support Lead,1,Mumbai,Full-Time,2022-03-17,2022-05-13,False,Resigned,60500,10,1,6,1,14
E01673,Female,25,Married,Bachelor,Sales,Sales Executive,1,Bengaluru,Part-Time,2023-02-06,,True,,94000,0,4,9,35,12
E00433,Male,33,Married,Diploma,IT,IT Support,5,Delhi,Full-Time,2023-07-06,,True,,134000,10,5,5,30,11
E01919,Male,29,Married,Bachelor,Operations,Quality Analyst,2,Bengaluru,Part-Time,2024-07-16,2024-12-04,False,Performance / Termination,70000,0,5,9,4,11
E02845,Male,25,Married,Bachelor,Operations,Operations Analyst,2,Remote,Full-Time,2023-04-06,,True,,93500,0,3,10,33,8
E02063,female,35,Single,PhD,Sales,Business Development,4,Delhi,Part-Time,2021-06-12,,True,,110500,0,4,6,55,3
E00351,Female,39,Married,Bachelor,Customer Support,Support Lead,4,Remote,Full-Time,2021-08-23,,True,,92000,15,2,8,53,0
E02715,Male,33,Single,PhD,IT,DevOps Engineer,1,Chennai,Full-Time,2023-09-05,,True,,125500,10,4,6,28,0
E01241,Male,27,Married,High School,Sales,Account Executive,3,Mumbai,Full-Time,2023-08-17,,True,,87500,0,5,8,28,4
E02787,Male,31,Married,Diploma,IT,Data Analyst,5,Hyderabad,Full-Time,2024-07-24,,True,,159500,0,4,8,17,4
E02528,Female,33,Divorced,Bachelor,Human Resources,HR Analyst,4,Chennai,Full-Time,2021-01-11,,True,,99000,0,4,7,60,11
E02263,Male,33,Divorced,PhD,Marketing,SEO Specialist,1,Mumbai,Full-Time,2022-10-14,2023-03-05,False,Resigned,61000,0,3,4,4,4
E02546,Male,28,Married,PhD,Finance,Credit Analyst,2,Mumbai,Full-Time,2022-11-21,,True,,108000,5,4,6,37,0
E02432,Female,27,Single,Master,Executive,CFO,2,Mumbai,Full-Time,2025-05-10,,True,,189500,0,3,5,7,4
E02785,Male,26,Married,PhD,IT,IT Support,1,Hyderabad,Full-Time,2023-04-16,,True,,137500,5,3,7,33,9
E01339,Female,32,Single,Diploma,Customer Support,Support Lead,5,Bengaluru,Full-Time,2025-05-29,,True,,91500,0,4,7,7,5
E01743,Male,37,Divorced,High School,Sales,Business Development,4,Chennai,Full-Time,2023-03-31,,True,,107500,10,3,8,33,14
E02623,Male,37,Single,High School,Human Resources,Recruiter,3,Bengaluru,Full-Time,2023-09-14,,True,,79000,5,3,6,27,3
E01908,Female,29,Married,High School,Research & Development,Product Engineer,1,Chennai,Full-Time,2024-06-14,,True,,126500,20,4,3,18,11
E00183,Female,29,Married,High School,Operations,Operations Analyst,2,Remote,Full-Time,2024-11-30,,True,,83000,5,3,8,13,9
E01754,Male,39,Single,High School,Sales,Account Executive,5,Bengaluru,Full-Time,2024-12-07,,True,,135000,0,3,6,12,0
E02957,Female,33,Married,Diploma,Operations,Logistics Coordinator,1,Remote,Full-Time,2021-05-17,,True,,72500,15,5,7,56,4
E00376,Female,31,Married,Diploma,Customer Support,Escalation Specialist,1,Hyderabad,Full-Time,2022-03-04,,True,,66500,15,4,10,46,3
E02472,Male,36,Married,PhD,Marketing,Content Writer,3,Chennai,Full-Time,2025-05-17,,True,,68000,0,3,6,7,1
E00886,Male,32,Single,Diploma,Sales,Business Development,3,Delhi,Full-Time,2023-04-29,,True,,112000,0,3,9,32,4
E00047,Female,35,Married,Bachelor,IT,Data Analyst,2,Remote,Full-Time,2024-11-09,,True,,126000,5,5,6,13,9
E01736,Female,36,Married,PhD,Finance,Financial Analyst,2,Remote,Full-Time,2023-05-20,,True,,117000,0,3,8,31,0
E00611,Female,30,Married,High School,Research & Development,Product Engineer,2,Bengaluru,Full-Time,2021-12-17,,True,,146500,0,4,9,49,5
E00026,Unknown,32,Single,High School,Operations,Operations Analyst,2,Bengaluru,Full-Time,2023-02-03,,True,,92000,0,4,4,35,3
E00097,Male,27,Married,Diploma,Sales,Account Executive,1,Bengaluru,Full-Time,2022-12-22,,True,,81000,5,5,5,36,4
E01134,Male,35,Single,High School,Customer Support,Support Lead,5,Bengaluru,Full-Time,2025-09-06,,True,,65500,0,2,4,3,6
E01931,Male,30,Married,High School,Research & Development,Data Scientist,2,Chennai,Full-Time,2023-11-10,2024-03-22,False,Resigned,144500,5,4,10,4,11
E01246,Female,30,Married,Master,Operations,Logistics Coordinator,2,Delhi,Full-Time,2024-10-11,2025-01-11,False,Performance / Termination,97000,10,3,6,3,11
E01967,Male,35,Married,Diploma,IT,IT Support,5,Delhi,Full-Time,2023-01-15,2023-05-08,False,Resigned,136500,20,2,8,3,1
E01035,Female,33,Married,High School,Operations,Operations Analyst,3,Remote,Full-Time,2023-11-14,,True,,73500,0,3,6,25,20
E02332,Female,33,Married,Master,Marketing,SEO Specialist,4,Mumbai,Full-Time,2025-05-14,,True,,87000,15,4,5,7,3
E02556,Male,32,Married,High School,Operations,Quality Analyst,3,Remote,Full-Time,2021-10-19,2021-12-15,False,Relocation,111500,0,2,6,1,0
E02236,Male,28,Married,High School,IT,DevOps Engineer,2,Remote,Contract,2023-10-18,,True,,119500,5,5,4,26,3
E00033,Female,36,Married,Bachelor,Operations,Quality Analyst,2,Hyderabad,Full-Time,2023-08-24,2023-12-28,False,Retirement,86000,15,4,4,4,6
E02072,Female,28,Married,PhD,Human Resources,Recruiter,1,Delhi,Contract,2025-12-20,2025-12-30,False,Resigned,89000,10,3,6,1,6
E00146,Female,29,Married,PhD,Executive,CFO,2,Chennai,Full-Time,2024-10-22,,True,,262000,15,4,7,14,16
E01779,Male,32,Married,High School,IT,IT Support,2,Chennai,Full-Time,2024-02-01,,True,,107500,5,4,7,23,4
E01050,Male,32,Married,Diploma,Sales,Sales Executive,1,Delhi,Full-Time,2025-09-30,,True,,100500,10,4,7,3,9
E02679,Female,43,Married,Diploma,Marketing,Marketing Analyst,7,Bengaluru,Part-Time,2025-08-02,,True,,99000,5,5,5,5,7
E01338,Female,41,Single,High School,Sales,Business Development,6,Delhi,Part-Time,2022-03-16,,True,,108000,15,3,6,46,0
E02976,Female,35,Single,Master,Finance,Financial Analyst,4,Mumbai,Contract,2021-01-10,,True,,156000,10,3,8,60,10
E01431,male,39,Single,Bachelor,Human Resources,Recruiter,4,Mumbai,Full-Time,2020-06-22,,True,,88000,5,4,9,67,0
E01141,Male,36,Married,PhD,Finance,Accountant,3,Chennai,Full-Time,2023-10-31,,True,,135000,5,5,3,26,5
E02590,Female,35,Single,PhD,Customer Support,Support Agent,2,Bengaluru,Full-Time,2023-12-17,,True,,73500,0,5,3,24,0
E01606,Female,37,Married,Bachelor,Marketing,Marketing Analyst,5,Mumbai,Full-Time,2021-10-08,,True,,98000,10,3,4,51,8
E02955,Male,29,Single,Master,Customer Support,Escalation Specialist,2,Remote,Full-Time,2022-01-01,2022-04-02,False,Retirement,70500,0,4,3,3,6
E01937,male,42,Divorced,Master,Research & Development,Data Scientist,6,Mumbai,Full-Time,2025-01-24,,True,,184000,0,5,6,11,3
E00049,Female,25,Married,Bachelor,Human Resources,Recruiter,1,Hyderabad,Full-Time,2024-11-10,,True,,70500,0,4,9,13,0
E02852,Female,37,Married,PhD,Customer Support,Support Lead,5,Chennai,Full-Time,2021-10-28,,True,,76500,20,3,8,50,0
E01006,Female,24,Married,Bachelor,IT,DevOps Engineer,1,Chennai,Part-Time,2022-12-14,,True,,147500,0,4,6,37,4
E00305,Male,31,Single,High School,Human Resources,HR Analyst,2,Remote,Full-Time,2020-10-27,,True,,78000,0,1,5,63,0
E00811,male,34,Married,Diploma,,Support Agent,2,Mumbai,Part-Time,2023-04-28,,True,,78500,5,3,5,32,0
E01910,Male,37,Married,Master,Marketing,SEO Specialist,5,Delhi,Full-Time,2024-02-14,,True,,91500,15,5,5,22,2
E02615,Male,27,Married,Diploma,IT,Software Engineer,1,Hyderabad,Full-Time,2021-09-20,,True,,122500,5,4,8,52,10
E01497,Female,32,Married,PhD,Marketing,Content Writer,2,Remote,Full-Time,2022-08-27,,True,,65500,10,4,4,40,0
E00740,Male,31,Single,Master,Human Resources,Recruiter,3,Remote,Full-Time,2022-11-08,,True,,71000,0,4,6,38,7
E02359,Male,33,Married,Master,Finance,Financial Analyst,2,Mumbai,Full-Time,2022-10-14,,True,,100000,15,3,8,39,11
E02782,Female,29,Married,Master,Finance,Financial Analyst,1,Hyderabad,Full-Time,2023-07-18,,True,,111000,5,3,7,29,0
E00011,Female,46,Married,Master,Operations,Operations Analyst,7,Mumbai,Full-Time,2022-07-02,,True,,168000,15,4,8,42,10
E02960,Female,28,Single,Master,Customer Support,Escalation Specialist,1,Mumbai,Full-Time,2025-08-31,2025-11-05,False,Performance / Termination,52000,5,4,7,2,13
E02499,Male,37,Married,High School,Operations,Operations Analyst,3,Remote,Full-Time,2022-11-29,,True,,89500,0,3,3,37,4
E02899,Male,39,Single,PhD,Sales,Sales Executive,6,Hyderabad,Full-Time,2020-09-30,,True,,144000,5,3,7,63,0
E00041,Male,44,Single,PhD,Sales,Account Executive,7,Mumbai,Full-Time,2025-09-15,,True,,140500,0,2,4,3,5
E01215,Male,37,Married,Bachelor,Operations,Quality Analyst,4,Remote,Full-Time,2023-02-14,,True,,109000,5,3,6,35,4
E01978,Male,29,Married,Master,Customer Support,Support Lead,2,Bengaluru,Full-Time,2024-06-29,,True,,69500,5,4,7,18,6
E01388,Male,33,Divorced,Bachelor,Operations,Quality Analyst,1,Bengaluru,Full-Time,2024-07-18,,True,,79000,10,1,7,17,5
E01471,Male,36,Married,Master,Sales,Account Executive,3,Chennai,Part-Time,2020-08-02,2020-10-17,False,Performance / Termination,94000,10,2,6,2,0
E02062,Male,42,Married,High School,Research & Development,Data Scientist,7,Chennai,Full-Time,2023-09-01,,True,,257500,0,5,4,28,0
E01341,Male,26,Married,Bachelor,Marketing,Marketing Analyst,2,Remote,Full-Time,2025-06-24,,True,,94500,0,3,9,6,8
E00854,Female,32,Divorced,High School,Human Resources,HR Generalist,2,Hyderabad,Full-Time,2023-09-05,,True,,108500,10,2,6,28,2
E01531,Male,23,Married,High School,Sales,Account Executive,1,Chennai,Full-Time,2022-04-09,2022-05-30,False,Resigned,81000,10,2,7,1,8
E01036,Male,35,Married,PhD,Customer Support,Support Agent,3,Remote,Full-Time,2021-09-06,,True,,73000,5,4,6,52,8
E02705,Female,25,Married,Diploma,Customer Support,Escalation Specialist,1,Bengaluru,Full-Time,2021-03-06,2021-04-21,False,Layoff,64500,0,1,4,1,10
E02482,Male,46,Married,Master,Customer Support,Support Lead,7,Remote,Full-Time,2021-09-02,,True,,103000,5,4,7,52,8
E02970,Female,39,Married,High School,Finance,Financial Analyst,5,Hyderabad,Full-Time,2022-11-24,2023-02-04,False,Relocation,138500,5,4,6,2,16
E00890,Female,30,Married,Diploma,Sales,Account Executive,2,Hyderabad,Full-Time,2024-05-31,2024-07-10,False,Resigned,104000,10,3,5,1,6
E00608,Unknown,41,Married,PhD,IT,Software Engineer,6,Mumbai,Full-Time,2024-09-01,2024-12-17,False,Resigned,202000,5,4,7,3,15
E00898,Male,36,Single,High School,IT,Software Engineer,7,Mumbai,Full-Time,2023-11-21,,True,,199000,15,3,3,25,1
E01264,Female,32,Single,Diploma,Human Resources,HR Analyst,2,Remote,Full-Time,2024-06-20,,True,,66000,0,3,5,18,2
E01900,Male,38,Married,Diploma,Operations,Logistics Coordinator,4,Hyderabad,Full-Time,2021-01-10,,True,,101000,15,3,6,60,6
E00288,Male,37,Married,Diploma,Sales,Sales Executive,3,Delhi,Full-Time,2020-12-30,,True,,82500,0,5,5,60,0
E00079,Female,35,Single,Diploma,Customer Support,Support Lead,3,Delhi,Full-Time,2020-04-04,,True,,66000,15,4,7,69,9
E00652,male,39,Married,Diploma,Research & Development,Research Scientist,4,Remote,Full-Time,2021-09-19,,True,,166000,15,2,8,52,0
E00599,Male,28,Married,Master,Research & Development,Data Scientist,1,Bengaluru,Part-Time,2020-02-15,2020-05-03,False,Retirement,163000,5,3,9,2,11
E00835,Male,29,Married,High School,Human Resources,HR Generalist,3,Hyderabad,Contract,2021-09-27,,True,,89500,0,2,5,51,12
E00364,Female,34,Married,Bachelor,Operations,Operations Analyst,2,Hyderabad,Full-Time,2022-05-03,2022-07-08,False,Performance / Termination,74500,0,2,6,2,8
E00663,Male,36,Single,High School,Sales,Account Executive,4,Delhi,Full-Time,2020-11-14,,True,,104000,0,3,6,62,13
E00498,Male,41,Single,Diploma,Operations,Operations Analyst,7,Delhi,Full-Time,2024-11-11,,True,,,10,5,5,13,7
E01628,Male,32,Married,PhD,Customer Support,Support Agent,3,Bengaluru,Full-Time,2023-01-23,,True,,69500,5,4,4,35,2
E01701,Female,32,Single,Master,Finance,Credit Analyst,1,Chennai,Part-Time,2022-10-11,2023-01-16,False,Resigned,86500,0,2,5,3,0
E02075,Female,30,Married,PhD,Sales,Business Development,1,Remote,Full-Time,2020-11-27,2021-01-13,False,Performance / Termination,100500,5,4,6,1,1
E02025,Female,36,Married,High School,,Escalation Specialist,6,Bengaluru,Full-Time,2021-11-12,2022-03-25,False,Resigned,110000,5,4,5,4,3
E02323,Female,32,Married,Bachelor,Customer Support,Escalation Specialist,2,Chennai,Contract,2024-02-22,2024-06-20,False,Resigned,54000,0,3,6,3,4
E00264,Female,34,Divorced,Bachelor,Finance,Accountant,1,Bengaluru,Full-Time,2025-07-10,,True,,110500,0,4,5,5,11
E00815,Male,41,Married,PhD,Sales,Business Development,5,Remote,Full-Time,2025-10-13,,True,,106500,10,5,4,2,9
E02476,Male,36,Married,PhD,Marketing,Content Writer,7,Chennai,Full-Time,2020-04-23,,True,,137500,5,4,10,69,12
E00344,Female,43,Married,PhD,Sales,Business Development,6,Remote,Full-Time,2020-09-18,,True,,,0,3,4,64,8
E02570,Male,30,Married,Diploma,IT,DevOps Engineer,1,Mumbai,Full-Time,2021-10-23,,True,,121000,10,4,5,51,9
E00285,Female,200,Single,PhD,Operations,Logistics Coordinator,5,Hyderabad,Full-Time,2025-01-16,2025-03-24,False,Layoff,141500,5,4,5,2,14
E01645,Female,31,Single,Diploma,Human Resources,HR Analyst,4,Remote,Full-Time,2022-03-31,,True,,105000,5,5,10,45,6
E02674,Male,31,Divorced,Bachelor,Human Resources,HR Analyst,4,Delhi,Full-Time,2021-07-13,,True,,116500,20,3,6,54,3
E01487,Male,32,Married,PhD,Operations,Logistics Coordinator,1,Mumbai,Full-Time,2022-10-14,,True,,92500,15,5,7,39,6
E01182,Male,35,Single,Bachelor,Finance,Financial Analyst,6,Remote,Full-Time,2022-02-07,,True,,,10,4,2,47,6
E02494,Female,31,Married,PhD,Customer Support,Escalation Specialist,2,Bengaluru,Full-Time,2023-03-18,,True,,51000,0,3,4,33,1
E00564,Female,26,Married,Diploma,Finance,Credit Analyst,1,Delhi,Full-Time,2020-09-29,2020-11-10,False,Resigned,106500,0,5,5,1,0
E02865,Male,35,Married,Diploma,Sales,Business Development,7,Chennai,Full-Time,2023-12-31,,True,,193500,0,3,7,24,22
E00171,Female,35,Single,High School,Operations,Quality Analyst,4,Delhi,Full-Time,2022-02-08,2022-03-19,False,Resigned,130500,0,5,3,1,13
E01878,Male,33,Married,Bachelor,IT,DevOps Engineer,4,Delhi,Part-Time,2020-06-03,,True,,164500,5,5,5,67,0
E01192,Female,25,Married,High School,Customer Support,Support Lead,1,Mumbai,Part-Time,2024-08-22,2024-10-17,False,Resigned,69500,10,3,4,1,3
E02317,Unknown,36,Married,High School,Human Resources,HR Generalist,2,Mumbai,Full-Time,2022-06-29,,True,,99000,5,4,9,42,0
E01068,Female,32,Married,Bachelor,Sales,Account Executive,1,Chennai,Contract,2022-03-22,2022-06-20,False,Layoff,96500,0,4,8,3,3
E02195,Male,38,Married,PhD,Operations,Operations Analyst,4,Bengaluru,Full-Time,2020-05-22,,True,,89500,5,3,6,68,0
E01319,Male,25,Married,PhD,Sales,Sales Executive,2,Bengaluru,Full-Time,2025-08-20,,True,,73500,0,2,8,4,16
E02052,Unknown,36,Married,Bachelor,Customer Support,Support Lead,4,Remote,Full-Time,2021-01-12,,True,,59000,10,4,7,60,14
E00955,Male,27,Married,PhD,Customer Support,Support Lead,1,Remote,Full-Time,2025-05-02,2025-08-22,False,Layoff,69500,5,1,6,3,5
E01893,Male,34,Single,Bachelor,Research & Development,Research Scientist,5,Bengaluru,Full-Time,2020-01-27,,True,,188000,5,3,3,72,13
E00871,Male,35,Single,Master,Operations,Logistics Coordinator,6,Bengaluru,Full-Time,2021-04-04,,True,,143500,0,4,5,57,0
E01375,Male,30,Married,PhD,Sales,Account Executive,4,Mumbai,Full-Time,2025-12-01,2025-12-16,False,Resigned,117000,0,4,6,1,4
E01218,Male,41,Married,Diploma,Operations,Quality Analyst,5,Mumbai,Full-Time,2025-05-17,2025-07-30,False,Resigned,91000,10,3,2,2,16
E01663,female,38,Married,Master,Research & Development,Research Scientist,3,Delhi,Full-Time,2025-04-20,,True,,187500,15,3,2,8,2
E01612,Female,40,Married,Bachelor,Marketing,Content Writer,6,Bengaluru,Full-Time,2025-09-04,2025-12-30,False,Resigned,155500,0,3,2,3,4
E01004,Male,29,Married,PhD,Finance,Financial Analyst,2,Delhi,Full-Time,2020-05-21,,True,,81000,20,4,9,68,9
E02953,Female,41,Divorced,PhD,Operations,Operations Analyst,7,Chennai,Full-Time,2024-05-11,,True,,151500,0,4,5,19,6
E01520,Male,35,Single,PhD,Operations,Operations Analyst,3,Chennai,Full-Time,2024-10-21,,True,,102500,5,3,5,14,7
E00405,Male,34,Married,PhD,Sales,Account Executive,4,Bengaluru,Full-Time,2025-04-26,,True,,128000,0,5,6,8,0
E01197,Female,43,Married,Bachelor,Human Resources,HR Generalist,6,Chennai,Full-Time,2025-09-21,2025-12-30,False,Resigned,95500,15,3,4,3,10
E01522,Female,42,Married,Bachelor,Sales,Account Executive,5,Chennai,Full-Time,2024-06-21,,True,,112000,5,4,7,18,6
E01389,Female,42,Married,Master,,Escalation Specialist,7,Remote,Full-Time,2024-12-25,,True,,106500,0,3,5,12,11
E00039,female,30,Married,Bachelor,Human Resources,HR Analyst,3,Bengaluru,Part-Time,2020-07-01,,True,,90500,5,5,8,66,1
E02205,Male,39,Married,Diploma,IT,DevOps Engineer,7,Mumbai,Full-Time,2024-02-04,,True,,191500,0,4,7,23,12
E02243,Male,42,Married,Diploma,Sales,Business Development,5,Hyderabad,Full-Time,2022-02-10,2022-06-07,False,Retirement,106000,0,4,4,3,4
E02264,Male,38,Married,PhD,Customer Support,Support Lead,5,Mumbai,Full-Time,2025-06-02,,True,,98500,5,4,5,7,0
E02803,Female,33,Married,High School,Operations,Quality Analyst,6,Remote,Full-Time,2023-04-26,,True,,140000,0,4,5,32,7
E01755,Unknown,27,Single,Master,Human Resources,HR Analyst,1,Chennai,Full-Time,2025-03-05,,True,,90000,0,5,4,10,5
E00760,Male,41,Single,Master,Sales,Sales Executive,5,Delhi,Full-Time,2023-10-29,,True,,117500,15,2,5,26,10
E01775,Female,27,Married,Master,IT,IT Support,3,Remote,Full-Time,2021-12-08,,True,,145500,5,3,7,49,1
E02620,Female,29,Married,Bachelor,Customer Support,Support Lead,1,Chennai,Full-Time,2022-12-11,,True,,55500,5,3,6,37,0
E01105,Female,32,Married,Bachelor,Customer Support,Support Lead,1,Chennai,Full-Time,2022-09-15,,True,,56500,0,2,7,40,0
E02055,Female,32,Single,High School,IT,Software Engineer,3,Mumbai,Full-Time,2022-11-27,,True,,169000,10,3,6,37,2
E01717,Male,30,Married,PhD,Human Resources,Recruiter,1,Mumbai,Full-Time,2023-12-26,,True,,96000,15,4,6,24,8
E01017,Male,36,Single,High School,Human Resources,HR Generalist,5,Bengaluru,Full-Time,2023-09-13,,True,,139000,15,2,5,28,5
E01928,Male,27,Divorced,Master,Marketing,SEO Specialist,1,Delhi,Full-Time,2021-07-11,,True,,81500,0,4,8,54,2
E00056,Female,25,Single,High School,Customer Support,Support Lead,2,Mumbai,Full-Time,2021-03-30,2021-06-22,False,Retirement,57000,0,3,9,2,9
E02792,Male,28,Married,Bachelor,IT,IT Support,3,Hyderabad,Full-Time,2022-09-07,,True,,159000,10,3,6,40,17
E01513,Female,31,Married,Diploma,IT,IT Support,3,Bengaluru,Full-Time,2020-10-26,,True,,135000,0,3,4,63,11
E02128,Female,34,Married,Diploma,Research & Development,Product Engineer,4,Hyderabad,Full-Time,2024-11-16,,True,,178500,0,3,9,13,4
E01462,Female,33,Married,High School,Operations,Quality Analyst,3,Remote,Full-Time,2024-05-01,,True,,91500,10,4,6,20,9
E00408,Male,29,Married,PhD,Operations,Operations Analyst,2,Delhi,Full-Time,2021-03-11,,True,,101000,0,3,4,58,6
E02784,Male,27,Married,Diploma,Research & Development,Data Scientist,2,Bengaluru,Full-Time,2024-05-08,,True,,155500,0,3,3,20,8
E02610,Female,31,Divorced,Bachelor,Finance,Accountant,5,Chennai,Full-Time,2020-09-18,,True,,171000,0,5,7,64,16
E01001,Male,37,Single,Diploma,Customer Support,Support Agent,4,Delhi,Full-Time,2022-07-06,,True,,75000,0,4,3,42,11
E00215,Male,34,Married,Diploma,Operations,Quality Analyst,1,Mumbai,Full-Time,2025-12-07,,True,,81000,5,4,7,1,11
E00704,Female,42,Single,Master,IT,DevOps Engineer,5,Delhi,Full-Time,2022-05-24,,True,,190000,5,4,3,43,16
E02104,Female,27,Married,Diploma,Sales,Account Executive,1,Mumbai,Full-Time,2024-01-31,,True,,100500,0,2,6,23,0
E00038,Male,28,Single,Bachelor,Research & Development,Research Scientist,2,Hyderabad,Full-Time,2020-02-16,,True,,112000,5,5,7,71,14
E01889,Male,29,Married,High School,Finance,Accountant,1,Bengaluru,Full-Time,2022-02-14,,True,,73000,5,3,2,47,0
E01901,Male,30,Married,Diploma,Research & Development,Product Engineer,2,Remote,Full-Time,2020-10-16,,True,,147500,0,5,4,63,10
E02176,Male,28,Single,Master,Customer Support,Escalation Specialist,1,Remote,Part-Time,2024-09-05,,True,,67500,15,2,7,16,5
E02675,Male,32,Married,Diploma,IT,Data Analyst,3,Remote,Full-Time,2024-05-24,,True,,173500,20,4,7,19,0
E02201,Female,39,Divorced,Bachelor,IT,Software Engineer,4,Hyderabad,Full-Time,2020-02-01,2020-06-24,False,Resigned,177500,10,5,5,4,4
E02418,Male,31,Married,PhD,Marketing,Marketing Analyst,2,Bengaluru,Full-Time,2020-03-17,,True,,67000,15,2,6,70,0
E01528,Male,26,Married,Bachelor,Operations,Logistics Coordinator,1,Remote,Contract,2022-01-05,,True,,89500,0,5,6,48,6
E02936,Female,35,Married,High School,Finance,Financial Analyst,3,Delhi,Full-Time,2025-07-10,,True,,112500,10,3,6,5,10
E01436,Male,34,Married,Diploma,Operations,Quality Analyst,5,Bengaluru,Full-Time,2023-11-23,,True,,,0,4,3,25,4
E02401,Female,33,Married,High School,Research & Development,Research Scientist,2,Bengaluru,Full-Time,2024-10-02,,True,,144500,0,3,6,15,13
E00441,Male,29,Married,High School,Sales,Business Development,3,Mumbai,Contract,2021-09-17,,True,,109500,10,4,7,52,9
E02886,Female,25,Married,High School,Finance,Financial Analyst,1,Remote,Full-Time,2021-06-09,,True,,111000,0,5,5,55,11
E00793,Male,24,Married,Master,Marketing,Content Writer,1,Hyderabad,Full-Time,2022-05-22,2022-07-04,False,Resigned,67000,15,2,7,1,7
E00676,Unknown,32,Married,Master,Marketing,SEO Specialist,2,Bengaluru,Full-Time,2022-12-12,2023-04-15,False,Layoff,1000000,0,4,5,4,2
E00865,Female,30,Married,Master,Human Resources,Recruiter,4,Hyderabad,Full-Time,2024-05-11,,True,,85000,0,5,7,19,0
E02859,Female,38,Single,Diploma,Customer Support,Support Agent,4,Chennai,Full-Time,2024-05-22,2024-08-04,False,Performance / Termination,999999,0,3,7,2,2
E01456,Female,36,Single,High School,,Marketing Analyst,2,Delhi,Full-Time,2022-06-12,,True,,67500,20,5,6,43,4
E00064,Female,32,Married,High School,Operations,Logistics Coordinator,1,Hyderabad,Full-Time,2021-08-27,2021-10-03,False,Resigned,80500,0,3,7,1,12
E01848,Male,40,Married,PhD,Customer Support,Escalation Specialist,4,Remote,Full-Time,2023-12-01,,True,,80000,5,4,6,25,8
E02408,Female,27,Married,PhD,Customer Support,Escalation Specialist,3,Mumbai,Full-Time,2020-11-13,,True,,70000,5,3,7,62,0
E02309,Female,23,Married,PhD,IT,IT Support,1,Delhi,Full-Time,2021-01-30,2021-04-01,False,Resigned,110500,0,3,8,2,0
E01290,Female,33,Married,Diploma,Customer Support,Support Lead,2,Hyderabad,Full-Time,2024-06-28,2024-11-13,False,Retirement,58500,10,3,9,4,0
E01340,Female,39,Married,High School,Human Resources,Recruiter,7,Bengaluru,Part-Time,2025-01-21,2025-03-10,False,Retirement,124000,5,4,6,1,8
E00590,Male,38,Married,Bachelor,Finance,Financial Analyst,5,Bengaluru,Full-Time,2024-04-06,,True,,175500,0,4,5,21,9
E02344,Female,25,Married,Diploma,Operations,Operations Analyst,1,Mumbai,Full-Time,2022-06-19,,True,,82500,0,5,6,43,0
E00470,Female,32,Married,PhD,IT,Data Analyst,2,Delhi,Full-Time,2025-05-11,,True,,99000,0,2,5,7,4
E01224,Male,36,Married,Diploma,IT,IT Support,4,Chennai,Full-Time,2022-02-24,,True,,200000,10,4,8,46,0
E02437,Female,38,Married,PhD,Executive,CEO,3,Remote,Full-Time,2023-11-15,,True,,213500,5,3,4,25,4
E01374,Female,31,Married,High School,Sales,Sales Executive,5,Bengaluru,Full-Time,2022-06-19,,True,,136500,0,3,5,43,0
E01240,Female,34,Married,Bachelor,Finance,Financial Analyst,4,Mumbai,Full-Time,2020-08-22,,True,,124500,10,3,3,65,12
E00993,Male,25,Married,PhD,Finance,Accountant,2,Delhi,Full-Time,2024-02-25,,True,,106500,20,4,7,22,4
E01592,Male,32,Divorced,PhD,Finance,Accountant,3,Hyderabad,Full-Time,2020-07-25,,True,,115000,5,4,6,66,0
E02720,Male,33,Single,PhD,Research & Development,Product Engineer,1,Hyderabad,Full-Time,2020-10-31,,True,,155500,0,3,7,62,11
E01027,Male,34,Single,PhD,Research & Development,Data Scientist,5,Hyderabad,Full-Time,2025-09-14,,True,,184500,15,3,8,3,0
E00100,Female,31,Married,High School,Operations,Operations Analyst,1,Bengaluru,Contract,2024-03-09,,True,,59000,5,5,3,22,7
E00561,Male,26,Married,Bachelor,Human Resources,HR Analyst,1,Delhi,Contract,2025-09-26,,True,,67000,0,4,6,3,5
E00992,Female,29,Married,PhD,Customer Support,Support Agent,3,Bengaluru,Full-Time,2025-10-18,2025-12-30,False,Resigned,82000,10,4,1,2,0
E01850,Female,37,Single,Diploma,IT,Data Analyst,3,Remote,Full-Time,2023-05-27,,True,,163500,5,4,6,31,13
E01386,Male,35,Married,Diploma,Customer Support,Support Agent,3,Delhi,Full-Time,2022-04-16,,True,,54000,15,3,4,45,11
E02006,Male,31,Married,Bachelor,Finance,Credit Analyst,2,Chennai,Full-Time,2021-09-10,,True,,74000,0,4,4,52,15
E00019,Female,29,Single,PhD,Human Resources,Recruiter,1,Chennai,Part-Time,2023-07-12,,True,,57000,0,5,7,30,3
E01623,Male,31,Single,Bachelor,IT,Software Engineer,5,Remote,Full-Time,2024-06-09,,True,,178500,10,3,7,19,0
E02846,Male,23,Single,Master,Customer Support,Support Agent,1,Mumbai,Full-Time,2021-09-02,2021-12-25,False,Resigned,68500,20,4,3,3,7
E02872,female,27,Married,Master,Human Resources,HR Analyst,3,Hyderabad,Full-Time,2023-10-17,,True,,79000,0,5,8,26,17
E02448,Unknown,25,Married,Bachelor,IT,DevOps Engineer,2,Chennai,Full-Time,2020-04-19,2020-06-08,False,Resigned,101500,5,3,2,1,8
E02637,Male,32,Married,Bachelor,Operations,Operations Analyst,2,Mumbai,Part-Time,2025-03-31,2025-08-08,False,Resigned,72000,5,4,3,4,1
E02096,Male,37,Married,High School,Sales,Account Executive,3,Bengaluru,Full-Time,2020-09-10,,True,,125000,10,3,5,64,9
E01802,Male,25,Married,Master,IT,DevOps Engineer,1,Remote,Full-Time,2021-12-28,2022-05-21,False,Resigned,125500,0,4,3,4,1
E00062,Male,26,Divorced,Bachelor,Sales,Sales Executive,1,Remote,Full-Time,2020-03-27,,True,,68000,10,5,4,70,1
E00001,female,40,Single,PhD,IT,Software Engineer,5,Delhi,Full-Time,2021-05-02,,True,,212000,5,4,4,56,9
E02880,Male,28,Married,High School,Marketing,Marketing Analyst,3,Hyderabad,Part-Time,2022-03-08,,True,,78000,0,4,7,46,8
E00742,Female,30,Single,Bachelor,Sales,Account Executive,3,Mumbai,Full-Time,2020-06-12,,True,,98000,0,4,1,67,0
E02035,Male,28,Married,Bachelor,Finance,Accountant,2,Mumbai,Full-Time,2020-05-07,2020-09-10,False,Resigned,104500,10,4,9,4,0
E02256,Male,35,Single,PhD,IT,DevOps Engineer,6,Remote,Full-Time,2025-09-19,,True,,224000,10,3,6,3,1
E01622,Male,26,Single,Diploma,Marketing,Content Writer,1,Mumbai,Full-Time,2020-11-07,,True,,62500,5,4,5,62,0
E01229,Male,39,Married,Diploma,Operations,Operations Analyst,5,Bengaluru,Full-Time,2022-11-23,,True,,124000,5,4,3,37,19
E01529,Female,35,Single,High School,Human Resources,Recruiter,2,Remote,Full-Time,2024-10-31,2025-02-16,False,Resigned,101500,5,4,5,3,6
E00990,Female,34,Married,High School,Customer Support,Support Lead,4,Remote,Full-Time,2020-05-25,2020-07-24,False,Performance / Termination,93000,10,4,6,2,4
E02925,Female,37,Married,High School,Customer Support,Support Agent,4,Chennai,Full-Time,2023-01-07,,True,,71000,5,5,4,36,0
E00866,Male,32,Married,High School,Research & Development,Research Scientist,1,Chennai,Full-Time,2025-12-21,,True,,120500,0,3,6,1,0
E02703,Male,39,Married,PhD,Marketing,Content Writer,4,Bengaluru,Full-Time,2021-01-04,,True,,122500,0,5,6,60,6
E00202,Female,34,Single,Master,Sales,Business Development,1,Mumbai,Full-Time,2020-02-19,2020-06-04,False,Resigned,64000,0,3,1,3,0
E01285,male,26,Married,Bachelor,IT,IT Support,2,Bengaluru,Full-Time,2023-08-16,2023-10-13,False,Retirement,148000,15,3,9,1,7
E01166,male,25,Married,Master,IT,Software Engineer,1,Chennai,Full-Time,2022-05-05,,True,,91000,15,4,8,44,7
E02834,Female,42,Single,PhD,IT,IT Support,5,Delhi,Part-Time,2024-07-11,2024-08-12,False,Resigned,159500,15,5,5,1,2
E01834,Male,38,Married,Bachelor,Sales,Account Executive,5,Mumbai,Full-Time,2025-01-05,,True,,144000,10,2,7,12,0
E02550,Male,44,Divorced,Diploma,Sales,Account Executive,6,Bengaluru,Full-Time,2024-06-08,,True,,165500,0,3,8,19,5
E02474,Female,28,Married,Diploma,Sales,Business Development,3,Bengaluru,Full-Time,2023-03-11,,True,,105500,10,3,10,34,12
E01157,Male,30,Married,Master,Sales,Business Development,4,Chennai,Full-Time,2020-04-14,2020-06-29,False,Resigned,100500,20,4,6,2,0
E00057,male,34,Married,Master,Customer Support,Escalation Specialist,4,Delhi,Full-Time,2021-04-18,,True,,83500,15,5,9,57,4
E01856,Male,31,Married,High School,Finance,Financial Analyst,5,Hyderabad,Full-Time,2022-03-01,,True,,174500,10,4,8,46,6
E02513,Female,40,Married,Master,Customer Support,Escalation Specialist,4,Bengaluru,Full-Time,2023-07-31,,True,,93500,0,4,6,29,8
E00839,Male,31,Married,High School,Research & Development,Data Scientist,2,Bengaluru,Full-Time,2022-12-07,,True,,182000,5,5,10,37,0
E00756,Female,33,Single,High School,Human Resources,HR Generalist,2,Bengaluru,Full-Time,2021-05-22,,True,,96500,10,4,8,56,9
E02162,Female,25,Married,High School,Customer Support,Support Lead,2,Remote,Full-Time,2025-06-01,,True,,52000,0,5,7,7,3
E01180,Female,30,Married,PhD,IT,IT Support,2,Mumbai,Full-Time,2022-07-22,,True,,102500,10,5,3,41,6
E00008,Female,26,Married,Master,Customer Support,Support Lead,2,Delhi,Full-Time,2020-05-17,2020-09-24,False,Resigned,82000,0,3,5,4,0
E00912,Female,27,Married,Bachelor,Customer Support,Escalation Specialist,3,Hyderabad,Full-Time,2023-01-11,2023-03-15,False,Relocation,79000,0,3,8,2,6
E00587,Female,44,Single,High School,Research & Development,Product Engineer,6,Remote,Full-Time,2024-01-21,,True,,269000,5,3,9,23,6
E01069,Male,32,Married,Diploma,Research & Development,Research Scientist,5,Remote,Full-Time,2024-03-24,,True,,252500,0,4,6,21,3
E01824,Female,32,Married,High School,Finance,Financial Analyst,1,Delhi,Full-Time,2023-07-18,,True,,87500,10,5,4,29,13
E01234,male,30,Married,Master,Finance,Accountant,1,Bengaluru,Full-Time,2021-12-23,,True,,91000,5,5,7,48,7
E02553,Female,26,Single,High School,Sales,Business Development,1,Bengaluru,Full-Time,2025-01-16,,True,,81000,5,3,9,11,12
E02676,Female,33,Single,Bachelor,Sales,Account Executive,1,Chennai,Full-Time,2022-09-13,2022-10-25,False,Retirement,88000,10,4,7,1,9
E01788,Male,27,Divorced,High School,Executive,CEO,2,Mumbai,Full-Time,2020-03-19,,True,,239000,5,2,9,70,7
E01671,Male,36,Married,PhD,Sales,Account Executive,4,Mumbai,Full-Time,2025-05-23,2025-10-10,False,Layoff,131000,15,3,4,4,23
E00717,Unknown,30,Married,Master,IT,Data Analyst,4,Delhi,Full-Time,2020-01-20,2020-05-30,False,Retirement,133000,5,3,9,4,13
E01080,Female,38,Married,High School,Sales,Business Development,3,Hyderabad,Full-Time,2022-11-06,,True,,130500,5,4,5,38,1
E02982,Female,31,Married,Bachelor,Operations,Operations Analyst,3,Chennai,Full-Time,2024-12-05,2025-02-18,False,Layoff,91000,0,3,5,2,8
E01751,Female,38,Married,Master,Sales,Sales Executive,4,Hyderabad,Full-Time,2022-03-15,,True,,136000,20,5,7,46,5
E00672,Female,36,Married,Bachelor,Sales,Sales Executive,4,Remote,Full-Time,2023-02-19,,True,,107000,20,4,7,34,6
E01599,Female,34,Married,Diploma,IT,Software Engineer,2,Mumbai,Full-Time,2023-06-05,,True,,124500,0,3,8,31,0
E02559,Male,29,Married,Bachelor,Research & Development,Product Engineer,4,Mumbai,Full-Time,2022-10-06,,True,,234000,5,3,6,39,12
E01376,Male,28,Married,Bachelor,Sales,Account Executive,2,Mumbai,Full-Time,2025-11-11,,True,,76500,20,3,6,1,0
E02980,Female,31,Married,High School,Finance,Financial Analyst,3,Chennai,Full-Time,2021-12-06,,True,,134000,5,5,6,49,8
E02863,Female,32,Single,Master,Operations,Operations Analyst,5,Chennai,Part-Time,2022-10-14,,True,,130500,0,4,7,39,6
E00560,Male,32,Single,High School,Finance,Credit Analyst,4,Delhi,Full-Time,2020-03-11,,True,,162500,20,3,4,70,19
E02026,Male,36,Married,Diploma,Sales,Sales Executive,2,Remote,Full-Time,2020-02-13,2020-04-05,False,Retirement,75000,0,4,6,1,11
E01117,Female,40,Married,High School,Human Resources,HR Analyst,5,Hyderabad,Full-Time,2023-09-19,,True,,138500,10,3,6,27,13
E02612,Female,35,Married,Bachelor,Marketing,Content Writer,3,Bengaluru,Full-Time,2023-12-25,2024-03-06,False,Resigned,102000,0,5,8,2,11
E01624,Male,32,Married,Master,Sales,Account Executive,3,Hyderabad,Full-Time,2023-07-31,,True,,87500,0,3,6,29,0
E01078,Female,23,Married,High School,Finance,Accountant,1,Hyderabad,Full-Time,2020-07-22,2020-12-08,False,Resigned,96500,5,3,6,4,3
E02894,Male,42,Single,Bachelor,Research & Development,Product Engineer,7,Mumbai,Full-Time,2021-02-16,,True,,224000,5,5,4,59,5
E02416,Female,35,Married,Diploma,Marketing,Content Writer,3,Remote,Full-Time,2023-08-12,,True,,97500,0,4,5,29,2
E00910,Male,43,Single,Master,Sales,Business Development,6,Delhi,Full-Time,2023-09-26,,True,,160500,5,4,7,27,0
E02660,Male,29,Married,Diploma,Marketing,Content Writer,2,Hyderabad,Full-Time,2025-04-11,2025-05-23,False,Layoff,60500,5,4,6,1,13
E01426,Female,31,Married,Master,Research & Development,Product Engineer,4,Delhi,Part-Time,2024-10-14,2025-01-08,False,Performance / Termination,139000,0,4,9,2,11
E01255,Female,40,Married,PhD,Customer Support,Escalation Specialist,5,Mumbai,Full-Time,2022-12-07,2023-01-17,False,Resigned,79000,5,2,6,1,5
E02143,Male,35,Married,High School,Sales,Business Development,2,Chennai,Full-Time,2025-11-30,2025-12-15,False,Relocation,117000,0,5,9,1,16
E00730,male,33,Married,Diploma,Sales,Sales Executive,2,Delhi,Full-Time,2022-06-17,,True,,74500,0,4,3,43,17
E02357,Male,37,Married,PhD,Customer Support,Escalation Specialist,4,Hyderabad,Full-Time,2025-11-29,,True,,96000,5,3,8,1,4
E00471,Male,27,Divorced,PhD,Finance,Credit Analyst,3,Chennai,Full-Time,2020-08-16,,True,,143500,5,3,10,65,4
E00284,Female,36,Married,Master,Human Resources,HR Analyst,5,Chennai,Full-Time,2022-06-12,,True,,96000,20,4,6,43,4
E00692,Female,39,Married,PhD,Human Resources,HR Generalist,5,Bengaluru,Full-Time,2022-12-23,,True,,100000,0,3,7,36,2
E01488,Male,31,Married,Master,,Support Agent,4,Delhi,Full-Time,2022-07-06,,True,,98000,10,3,10,42,11
E01265,Female,33,Single,High School,IT,IT Support,2,Hyderabad,Full-Time,2021-01-03,2021-03-21,False,Resigned,96000,0,5,9,2,7
E00237,Male,33,Single,High School,IT,DevOps Engineer,2,Mumbai,Full-Time,2020-04-14,2020-06-22,False,Performance / Termination,166500,0,4,6,2,0
E02732,Male,28,Married,Diploma,Operations,Logistics Coordinator,3,Chennai,Full-Time,2024-07-10,,True,,107000,0,3,7,17,8
E00734,Female,34,Married,High School,Research & Development,Data Scientist,3,Remote,Full-Time,2024-06-25,,True,,128000,0,4,1,18,11
E02804,Female,35,Single,Master,Operations,Operations Analyst,2,Chennai,Full-Time,2024-01-13,2024-05-13,False,Performance / Termination,83500,0,4,9,4,14
E00581,Male,25,Single,High School,Research & Development,Product Engineer,1,Mumbai,Full-Time,2020-06-09,,True,,114500,20,3,4,67,0
E00943,Female,34,Married,High School,Operations,Logistics Coordinator,4,Delhi,Full-Time,2024-06-29,,True,,110500,0,3,8,18,12
E01490,Female,32,Single,Master,Operations,Logistics Coordinator,2,Delhi,Full-Time,2022-09-15,2023-02-04,False,Relocation,79500,5,5,5,4,10
E00165,Male,34,Divorced,Diploma,IT,Software Engineer,1,Delhi,Full-Time,2020-02-15,,True,,127000,0,4,4,71,6
E00575,Male,28,Divorced,Bachelor,Customer Support,Support Lead,2,Mumbai,Full-Time,2022-09-20,,True,,64500,0,4,5,39,8
E02827,Male,30,Single,High School,Customer Support,Support Lead,2,Mumbai,Full-Time,2024-03-17,,True,,50500,10,3,8,21,16
E01583,Female,39,Married,Diploma,Finance,Financial Analyst,7,Bengaluru,Part-Time,2023-12-11,,True,,120500,5,4,3,25,0
E00598,Female,34,Married,Bachelor,Operations,Logistics Coordinator,4,Mumbai,Full-Time,2025-04-26,,True,,107500,15,4,5,8,7
E01155,Female,34,Married,PhD,Executive,COO,4,Remote,Full-Time,2023-09-05,,True,,227000,0,3,8,28,11
E00040,Male,28,Married,Master,Sales,Sales Executive,1,Delhi,Full-Time,2020-05-30,2020-08-22,False,Resigned,99500,0,3,6,2,2
E01756,Female,34,Married,Diploma,Research & Development,Product Engineer,5,Remote,Full-Time,2023-05-14,,True,,209000,0,3,9,32,13
E01355,Male,30,Single,Bachelor,Customer Support,Support Agent,2,Delhi,Full-Time,2020-12-21,,True,,76500,10,3,4,61,14
E01926,Male,26,Married,Diploma,Finance,Credit Analyst,1,Delhi,Full-Time,2022-05-18,,True,,77000,0,4,7,44,8
E02965,Female,42,Married,Bachelor,,Account Executive,5,Bengaluru,Full-Time,2020-07-20,,True,,100000,5,4,7,66,5
E01675,Male,38,Divorced,Bachelor,Sales,Business Development,3,Hyderabad,Full-Time,2024-05-07,2024-10-03,False,Resigned,111000,5,4,6,4,8
E00356,Male,34,Divorced,Diploma,IT,Data Analyst,3,Chennai,Full-Time,2025-08-22,,True,,117000,0,5,4,4,6
E01855,Male,36,Married,Bachelor,Finance,Financial Analyst,3,Delhi,Contract,2025-10-10,,True,,146000,10,4,4,2,2
E01589,Male,29,Married,Bachelor,Operations,Quality Analyst,2,Remote,Full-Time,2022-11-24,2023-01-15,False,Retirement,104000,5,4,5,1,0
E02512,Male,30,Married,Bachelor,Sales,Sales Executive,4,Remote,Full-Time,2021-07-15,,True,,138500,0,4,8,54,16
E00668,Female,23,Married,Diploma,Sales,Business Development,1,Hyderabad,Full-Time,2025-11-22,,True,,65000,0,4,5,1,8
E00776,Male,29,Married,High School,Research & Development,Data Scientist,1,Remote,Full-Time,2020-05-04,2020-08-08,False,Resigned,,0,5,6,3,9
E00341,Unknown,33,Married,Master,Human Resources,HR Generalist,4,Delhi,Full-Time,2022-07-22,,True,,100500,20,3,9,41,5
E02728,Female,40,Married,High School,Sales,Business Development,6,Remote,Part-Time,2021-02-12,,True,,134500,20,4,6,59,0
E00081,Female,200,Married,Bachelor,Research & Development,Research Scientist,7,Chennai,Full-Time,2020-09-30,,True,,274000,10,4,8,63,7
E00733,Unknown,38,Married,High School,IT,Data Analyst,3,Hyderabad,Full-Time,2023-07-13,,True,,151000,5,4,5,30,1
E01764,Female,34,Married,PhD,Finance,Financial Analyst,3,Chennai,Full-Time,2020-08-27,,True,,132000,0,4,5,65,3
E02993,Male,35,Married,Diploma,Human Resources,HR Generalist,4,Bengaluru,Full-Time,2022-03-28,,True,,108500,20,4,8,45,0
E00758,Male,33,Single,PhD,Sales,Sales Executive,3,Mumbai,Full-Time,2023-10-05,,True,,116000,5,4,5,27,10
E00976,Male,30,Married,Master,Operations,Quality Analyst,2,Mumbai,Full-Time,2024-09-25,2025-02-14,False,Retirement,102500,20,3,8,4,0
E02241,Male,40,Single,High School,IT,DevOps Engineer,5,Mumbai,Full-Time,2021-09-17,,True,,140500,0,5,6,52,4
E01696,Female,32,Married,Master,Sales,Business Development,1,Remote,Contract,2023-03-20,,True,,97000,0,4,5,33,0
E01022,Male,34,Divorced,Bachelor,Research & Development,Research Scientist,3,Delhi,Full-Time,2021-11-05,,True,,121500,0,4,5,50,19
E00085,male,36,Married,PhD,Customer Support,Support Agent,4,Remote,Full-Time,2021-03-31,,True,,68500,0,4,7,57,0
E00602,Male,30,Single,Bachelor,Human Resources,Recruiter,3,Remote,Full-Time,2024-10-10,,True,,101500,0,4,7,14,10
E01458,Female,37,Married,Bachelor,Marketing,SEO Specialist,6,Mumbai,Full-Time,2020-03-30,,True,,114000,10,3,6,70,0
E00042,Male,33,Married,Bachelor,Research & Development,Product Engineer,3,Remote,Full-Time,2022-11-20,2023-02-06,False,Resigned,141000,5,4,10,2,0
E02102,Male,29,Married,PhD,Marketing,Content Writer,1,Bengaluru,Full-Time,2025-01-27,,True,,73000,15,4,8,11,7
E01028,Female,27,Single,Bachelor,Research & Development,Data Scientist,2,Hyderabad,Full-Time,2020-03-04,,True,,155500,10,4,6,70,7
E00927,Female,33,Married,Master,IT,Data Analyst,1,Remote,Full-Time,2023-09-16,,True,,120500,5,3,6,27,6
E00310,Female,35,Single,PhD,Human Resources,Recruiter,5,Remote,Full-Time,2024-02-20,,True,,102000,5,4,9,22,14
E00487,female,28,Married,Bachelor,Finance,Financial Analyst,2,Hyderabad,Full-Time,2024-05-01,,True,,117500,0,5,7,20,0
E00551,Male,32,Married,Bachelor,Customer Support,Support Lead,3,Mumbai,Part-Time,2025-12-26,2025-12-30,False,Resigned,68500,0,3,8,1,0
E02915,Male,29,Divorced,Diploma,Customer Support,Support Lead,3,Remote,Full-Time,2023-09-14,,True,,55500,0,3,6,27,9
E02801,male,32,Married,PhD,Human Resources,HR Analyst,4,Mumbai,Full-Time,2021-01-13,2021-05-01,False,Resigned,115500,10,5,8,3,0
E01172,Female,27,Married,Bachelor,Finance,Credit Analyst,3,Delhi,Full-Time,2022-12-16,,True,,124000,5,3,3,37,11
E02647,Male,31,Married,PhD,Customer Support,Support Lead,4,Mumbai,Full-Time,2024-11-06,,True,,59500,15,4,8,14,8
E02954,Female,39,Married,Diploma,Customer Support,Support Lead,4,Chennai,Full-Time,2022-10-28,,True,,86000,0,2,2,38,2
E02276,Female,34,Married,Master,Operations,Logistics Coordinator,2,Bengaluru,Full-Time,2021-09-03,,True,,90000,5,4,5,52,7
E00847,Male,33,Single,PhD,Marketing,Marketing Analyst,1,Hyderabad,Full-Time,2022-07-20,,True,,78000,0,3,6,42,5
E01372,Female,32,Married,High School,Research & Development,Research Scientist,4,Bengaluru,Full-Time,2021-01-13,,True,,189000,0,2,6,60,7
E02573,Male,25,Single,PhD,Sales,Account Executive,1,Bengaluru,Full-Time,2021-09-20,,True,,93000,0,4,6,52,2
E02652,Male,36,Single,High School,Customer Support,Support Agent,3,Bengaluru,Full-Time,2022-08-09,2022-12-25,False,Retirement,71000,5,5,10,4,0
E00108,Female,25,Single,High School,Finance,Accountant,1,Remote,Full-Time,2021-09-25,2021-11-23,False,Relocation,109000,10,4,9,1,2
E01281,Male,27,Married,Bachelor,Customer Support,Support Agent,3,Delhi,Full-Time,2022-02-02,,True,,57500,0,5,6,47,1
E01410,Female,25,Married,Diploma,Research & Development,Data Scientist,2,Remote,Full-Time,2024-05-25,,True,,175000,5,2,7,19,2
E00856,Female,36,Single,Diploma,Sales,Sales Executive,2,Hyderabad,Full-Time,2022-08-21,2022-09-29,False,Resigned,74000,10,4,5,1,1
E02772,Female,40,Single,Bachelor,Marketing,Content Writer,4,Chennai,Full-Time,2025-05-16,,True,,80500,10,4,7,7,23
E00190,female,38,Married,Diploma,Research & Development,Research Scientist,3,Bengaluru,Full-Time,2023-09-16,,True,,124500,20,4,8,27,9
E00298,Male,26,Married,High School,Finance,Credit Analyst,1,Remote,Contract,2023-09-12,,True,,70500,5,3,5,28,8
E00304,Female,29,Married,High School,Operations,Quality Analyst,3,Delhi,Full-Time,2025-04-18,2025-07-08,False,Resigned,90000,0,4,6,2,8
E02066,Male,39,Married,Diploma,Operations,Logistics Coordinator,6,Hyderabad,Full-Time,2021-12-26,,True,,130000,5,3,5,48,16
E00986,Male,25,Married,Bachelor,Customer Support,Escalation Specialist,2,Mumbai,Full-Time,2023-08-12,,True,,76000,5,3,6,29,7
E00997,Female,28,Married,PhD,Finance,Credit Analyst,1,Bengaluru,Full-Time,2021-12-27,2022-05-06,False,Layoff,79500,10,4,7,4,0
E01144,Female,36,Single,Diploma,Finance,Financial Analyst,2,Remote,Full-Time,2022-06-03,,True,,84500,20,3,5,43,10
E02607,Female,33,Married,Diploma,Human Resources,Recruiter,3,Chennai,Full-Time,2023-05-03,,True,,117000,15,4,6,32,3
E02220,Female,30,Single,Master,IT,DevOps Engineer,1,Hyderabad,Full-Time,2021-09-30,,True,,101500,0,4,7,51,5
E01429,Female,25,Married,Diploma,Finance,Financial Analyst,2,Hyderabad,Full-Time,2022-12-28,2023-03-23,False,Retirement,119500,20,3,7,2,9
E00354,Female,29,Single,High School,Finance,Financial Analyst,2,Mumbai,Full-Time,2024-02-05,,True,,74500,0,4,5,23,0
E00044,Male,29,Married,Diploma,Customer Support,Support Agent,2,Remote,Contract,2020-09-07,,True,,60500,5,5,7,64,10
E02653,Male,30,Single,Master,Sales,Business Development,1,Mumbai,Full-Time,2025-08-01,2025-08-31,False,Layoff,99500,15,4,10,1,8
E02509,Female,25,Married,Bachelor,IT,Data Analyst,1,Remote,Full-Time,2025-09-26,,True,,131000,15,3,3,3,18
E02672,Male,34,Married,Master,Sales,Account Executive,1,Mumbai,Full-Time,2021-02-20,,True,,69500,0,2,7,59,0
E00052,Male,35,Married,PhD,Marketing,Marketing Analyst,6,Delhi,Full-Time,2025-05-14,,True,,88500,0,2,5,7,8
E01149,Female,33,Married,Bachelor,IT,Data Analyst,1,Delhi,Full-Time,2020-12-21,2021-02-19,False,Retirement,100500,10,5,7,2,11
E01053,Male,44,Married,Bachelor,Operations,Quality Analyst,6,Bengaluru,Full-Time,2025-09-16,,True,,164500,0,2,4,3,2
E02714,Male,25,Single,Master,Finance,Accountant,1,Hyderabad,Full-Time,2025-09-02,2025-10-20,False,Performance / Termination,69500,0,3,4,1,5
E01106,Male,25,Married,High School,Sales,Account Executive,2,Remote,Full-Time,2024-01-04,,True,,110500,5,2,3,24,0
E00124,Male,25,Married,Master,Marketing,Content Writer,2,Chennai,Full-Time,2025-10-21,2025-12-30,False,Layoff,58000,5,2,6,2,0
E01781,Female,24,Married,PhD,Operations,Quality Analyst,1,Remote,Full-Time,2025-01-19,,True,,55000,0,4,4,11,8
E00510,Male,31,Married,Diploma,Operations,Operations Analyst,4,Chennai,Full-Time,2024-03-21,2024-07-18,False,Resigned,142000,15,3,6,3,4
E01753,Male,27,Married,Master,Sales,Sales Executive,1,Mumbai,Full-Time,2022-12-30,,True,,92000,0,4,5,36,1
E01843,Female,37,Married,Diploma,Executive,CFO,3,Mumbai,Full-Time,2023-02-14,,True,,336000,10,3,4,35,5
E01863,Male,38,Married,Diploma,Marketing,Marketing Analyst,4,Hyderabad,Full-Time,2023-08-06,,True,,95500,5,4,5,29,7
E00368,Female,31,Married,Bachelor,Operations,Operations Analyst,2,Hyderabad,Full-Time,2020-04-18,,True,,74000,5,4,8,69,11
E00809,Male,26,Single,High School,Sales,Business Development,1,Delhi,Full-Time,2025-10-08,,True,,61000,0,3,5,2,0
E02207,Female,28,Married,Bachelor,Customer Support,Escalation Specialist,3,Bengaluru,Full-Time,2022-11-20,,True,,89000,10,3,2,37,8
E00996,Female,35,Married,Diploma,Operations,Operations Analyst,3,Remote,Full-Time,2025-06-20,,True,,83500,0,3,6,6,13
E01137,Male,33,Single,Master,Customer Support,Support Lead,3,Bengaluru,Full-Time,2022-08-30,,True,,78500,5,5,9,40,11
E02928,Male,30,Single,Bachelor,Sales,Sales Executive,3,Chennai,Full-Time,2021-02-04,,True,,1500000,10,2,9,59,6
E02805,Female,37,Single,Bachelor,Marketing,Marketing Analyst,4,Chennai,Full-Time,2022-02-20,,True,,125000,0,3,7,47,0
E02106,Female,36,Married,Bachelor,Sales,Business Development,3,Hyderabad,Full-Time,2021-02-25,,True,,92000,5,4,8,59,14
E00241,Female,28,Married,High School,IT,Software Engineer,2,Mumbai,Full-Time,2024-09-16,2024-10-31,False,Performance / Termination,167000,0,4,5,1,10
E01615,female,28,Married,High School,IT,Data Analyst,2,Delhi,Full-Time,2022-06-29,2022-08-31,False,Resigned,122500,20,5,6,2,0
E00834,Female,210,Single,Bachelor,IT,DevOps Engineer,4,Hyderabad,Full-Time,2022-05-16,,True,,193500,10,4,6,44,3
E02924,Female,29,Married,Bachelor,Customer Support,Support Lead,1,Mumbai,Full-Time,2021-12-09,,True,,61000,20,5,4,49,0
E02257,Female,30,Single,PhD,Research & Development,Data Scientist,1,Bengaluru,Full-Time,2021-06-16,2021-10-27,False,Layoff,113000,5,4,4,4,0
E02435,Male,36,Married,High School,Human Resources,HR Generalist,2,Hyderabad,Full-Time,2020-12-16,,True,,91000,5,3,7,61,0
E01694,Male,29,Single,PhD,Operations,Logistics Coordinator,2,Mumbai,Part-Time,2024-04-24,,True,,69500,0,4,5,20,4
E00729,Male,28,Married,Master,IT,Data Analyst,1,Hyderabad,Full-Time,2023-05-21,,True,,117500,0,3,7,31,8
E02668,Male,33,Married,Bachelor,IT,Software Engineer,2,Bengaluru,Full-Time,2023-03-13,2023-08-05,False,Relocation,117500,0,3,8,4,9
E02393,Female,34,Divorced,PhD,Customer Support,Support Lead,1,Bengaluru,Full-Time,2022-03-16,2022-08-02,False,Relocation,54000,5,4,6,4,17
E01826,Male,35,Married,PhD,Human Resources,HR Analyst,4,Delhi,Part-Time,2020-11-12,,True,,102000,0,3,6,62,13
E00573,Female,32,Single,High School,Human Resources,HR Generalist,1,Hyderabad,Full-Time,2021-07-05,,True,,65500,5,5,4,54,24
E01306,Female,28,Married,Diploma,Customer Support,Support Agent,3,Chennai,Full-Time,2025-12-29,,True,,71000,5,4,10,1,1
E01915,Female,30,Single,Diploma,Sales,Account Executive,4,Remote,Full-Time,2025-05-09,,True,,144500,10,3,4,7,0
E02219,Female,27,Married,Diploma,Customer Support,Support Agent,1,Hyderabad,Full-Time,2025-04-20,,True,,68500,0,1,7,8,0
E01962,Male,41,Married,Diploma,Marketing,Marketing Analyst,5,Mumbai,Full-Time,2023-02-12,,True,,113500,15,3,5,35,8
E00952,Female,27,Married,Master,Customer Support,Support Agent,2,Chennai,Full-Time,2021-06-16,2021-08-15,False,Retirement,63500,10,5,5,2,8
E01953,Male,28,Married,High School,Finance,Credit Analyst,2,Bengaluru,Full-Time,2021-06-30,2021-09-01,False,Performance / Termination,126500,0,3,7,2,0
E02002,Male,27,Married,Diploma,Human Resources,HR Analyst,1,Chennai,Full-Time,2022-10-12,,True,,73000,5,4,7,39,3
E02286,Female,28,Single,Bachelor,Sales,Account Executive,1,Bengaluru,Full-Time,2023-06-30,,True,,100000,0,5,8,30,11
E02169,Male,29,Married,Master,Sales,Business Development,1,Delhi,Full-Time,2024-07-15,,True,,89000,15,2,6,17,11
E00917,Female,33,Married,High School,Research & Development,Research Scientist,3,Delhi,Full-Time,2025-07-05,,True,,134000,0,4,9,5,1
E02766,Female,39,Married,PhD,Research & Development,Research Scientist,4,Remote,Full-Time,2023-04-21,2023-07-23,False,Resigned,216000,0,4,6,3,7
E02446,Female,33,Single,Bachelor,Customer Support,Escalation Specialist,1,Mumbai,Full-Time,2025-03-07,,True,,63000,15,5,5,9,8
E02617,Female,27,Married,Master,Sales,Business Development,1,Delhi,Contract,2022-08-01,,True,,75500,20,5,7,41,4
E00792,Male,40,Single,Diploma,Customer Support,Support Agent,6,Hyderabad,Full-Time,2020-10-02,2020-12-20,False,Resigned,93500,0,3,9,2,5
E00327,Female,31,Married,Bachelor,Marketing,SEO Specialist,3,Hyderabad,Full-Time,2020-10-01,,True,,109000,0,4,3,63,11
E01831,Female,41,Married,Diploma,IT,IT Support,6,Bengaluru,Full-Time,2021-04-24,,True,,211000,5,4,6,57,0
E02875,Female,28,Married,Bachelor,Finance,Financial Analyst,2,Mumbai,Full-Time,2023-03-25,,True,,121000,5,5,2,33,6
E01545,Female,44,Single,Bachelor,Sales,Account Executive,6,Remote,Full-Time,2020-03-10,,True,,114000,0,3,9,70,15
E00061,Female,31,Married,Bachelor,Sales,Account Executive,1,Delhi,Full-Time,2021-09-02,,True,,83000,5,3,8,52,6
E00714,Female,36,Married,Diploma,Marketing,Content Writer,4,Hyderabad,Full-Time,2023-12-04,,True,,90500,10,5,5,25,13
E00562,Female,44,Married,Master,Operations,Operations Analyst,7,Chennai,Full-Time,2021-01-20,,True,,126000,0,3,8,60,0
E01998,Female,41,Married,Master,Research & Development,Product Engineer,5,Hyderabad,Full-Time,2020-09-25,,True,,258000,10,4,1,64,0
E02274,Male,34,Married,Diploma,Marketing,SEO Specialist,5,Bengaluru,Full-Time,2020-04-20,,True,,132500,10,3,6,69,12
E02372,Male,23,Married,Bachelor,Sales,Sales Executive,1,Hyderabad,Full-Time,2024-03-27,2024-08-17,False,Resigned,72500,20,3,3,4,4
E00541,Male,37,Married,Diploma,Sales,Business Development,3,Remote,Full-Time,2023-12-12,,True,,138000,0,4,6,25,8
E00186,Female,37,Married,Master,Finance,Financial Analyst,7,Delhi,Full-Time,2025-08-29,,True,,197000,20,2,7,4,4
E02091,Female,35,Married,PhD,Sales,Business Development,5,Remote,Contract,2022-11-11,,True,,165500,15,5,10,38,7
E00675,Female,32,Married,Bachelor,Operations,Logistics Coordinator,4,Chennai,Full-Time,2020-02-13,,True,,110500,0,5,6,71,17
E02730,Male,32,Divorced,Master,Operations,Operations Analyst,1,Bengaluru,Full-Time,2020-09-23,2020-12-12,False,Retirement,88000,0,5,8,2,4
E00360,Female,25,Married,Bachelor,Customer Support,Escalation Specialist,1,Chennai,Full-Time,2020-06-11,,True,,57000,10,5,6,67,0
E02184,Male,33,Married,High School,Marketing,Content Writer,1,Bengaluru,Full-Time,2020-06-16,,True,,63000,0,3,5,67,8
E02086,Female,32,Married,High School,Marketing,SEO Specialist,3,Mumbai,Full-Time,2024-10-12,,True,,103000,10,3,6,14,8
E00623,Male,41,Married,Diploma,Finance,Accountant,7,Mumbai,Full-Time,2022-08-02,,True,,134500,0,3,4,41,0
E02824,Female,26,Single,PhD,Marketing,Marketing Analyst,2,Mumbai,Full-Time,2025-10-17,,True,,94000,0,4,7,2,14
E00449,Female,27,Married,Diploma,Operations,Operations Analyst,2,Remote,Full-Time,2023-05-05,,True,,108000,0,3,5,32,12
E02246,Male,27,Married,Master,Sales,Business Development,1,Hyderabad,Full-Time,2025-01-21,,True,,63000,0,3,3,11,4
E02503,Male,36,Married,Diploma,Sales,Business Development,4,Hyderabad,Full-Time,2022-12-19,,True,,148500,20,2,7,36,6
E02701,Male,31,Single,High School,Customer Support,Support Agent,5,Hyderabad,Full-Time,2020-12-12,,True,,105000,0,3,6,61,5
E02089,male,38,Single,Master,Operations,Operations Analyst,4,Remote,Part-Time,2020-08-12,,True,,117500,10,4,4,65,3
E02920,Unknown,27,Married,Bachelor,Sales,Account Executive,3,Mumbai,Full-Time,2022-02-11,,True,,106500,10,5,6,47,10
E02069,Female,34,Married,Bachelor,Research & Development,Research Scientist,1,Mumbai,Full-Time,2024-04-08,,True,,117000,0,3,2,21,2
E02864,Female,29,Married,Diploma,Finance,Financial Analyst,4,Chennai,Full-Time,2024-12-11,,True,,93500,5,4,6,12,11
E01194,Female,27,Married,Bachelor,Finance,Accountant,3,Mumbai,Full-Time,2022-11-28,,True,,133500,5,1,5,37,0
E00680,Female,33,Married,PhD,Sales,Account Executive,1,Hyderabad,Full-Time,2023-11-22,,True,,81000,0,1,5,25,8
E02879,Female,25,Married,High School,Customer Support,Support Lead,1,Chennai,Full-Time,2024-06-02,,True,,65500,0,3,5,19,5
E02023,Female,38,Single,PhD,Human Resources,HR Generalist,4,Bengaluru,Full-Time,2024-12-02,,True,,141500,0,2,2,13,4
E02557,Female,28,Married,Diploma,Sales,Business Development,2,Delhi,Full-Time,2020-08-06,,True,,86500,20,3,2,65,5
E02493,Female,32,Married,High School,Marketing,Marketing Analyst,3,Bengaluru,Full-Time,2021-03-03,,True,,105000,0,3,9,58,0
E00639,Male,28,Single,Diploma,Operations,Logistics Coordinator,3,Delhi,Full-Time,2024-10-16,,True,,86500,0,3,7,14,8
E00269,Male,34,Married,Master,Operations,Logistics Coordinator,3,Delhi,Full-Time,2025-03-31,,True,,126000,10,3,5,9,0
E02209,Male,27,Single,High School,Customer Support,Support Agent,3,Mumbai,Full-Time,2024-12-09,,True,,94000,20,2,7,12,4
E00475,Male,33,Married,High School,Finance,Accountant,3,Remote,Full-Time,2024-11-05,,True,,113000,0,4,6,14,12
E02606,Female,36,Divorced,High School,Operations,Logistics Coordinator,2,Hyderabad,Full-Time,2024-05-06,,True,,102000,5,4,6,20,1
E02958,Male,33,Married,Master,IT,Software Engineer,4,Bengaluru,Full-Time,2021-03-17,,True,,177000,0,4,7,58,13
E02690,Unknown,31,Married,Master,Human Resources,HR Analyst,5,Bengaluru,Full-Time,2021-03-22,,True,,130000,0,5,8,58,1
E00872,Male,35,Married,Master,Finance,Financial Analyst,5,Remote,Full-Time,2023-09-08,,True,,122000,0,5,5,28,7
E01362,Female,29,Divorced,Diploma,Marketing,Content Writer,1,Delhi,Full-Time,2020-03-02,2020-05-06,False,Relocation,63000,5,3,5,2,8
E02608,Female,42,Married,Master,Finance,Financial Analyst,5,Mumbai,Full-Time,2024-05-06,,True,,145000,10,3,6,20,25
E00325,Male,33,Married,PhD,Marketing,SEO Specialist,2,Bengaluru,Full-Time,2024-01-05,2024-04-05,False,Retirement,65000,5,4,9,3,3
E02024,Male,33,Married,Bachelor,Sales,Account Executive,1,Remote,Full-Time,2024-12-21,2025-03-30,False,Resigned,81000,15,3,6,3,4
E01731,Male,39,Divorced,PhD,Customer Support,Escalation Specialist,6,Hyderabad,Full-Time,2021-04-29,,True,,119000,5,4,4,56,15
E02737,Male,33,Divorced,Master,Sales,Account Executive,1,Bengaluru,Full-Time,2022-05-26,,True,,97500,15,2,5,43,9
E02422,Male,30,Married,Bachelor,Operations,Quality Analyst,3,Remote,Full-Time,2023-06-16,,True,,93500,20,3,5,30,20
E01287,Male,31,Married,Diploma,Customer Support,Support Agent,5,Hyderabad,Part-Time,2020-12-21,,True,,100500,0,3,7,61,11
E01960,Male,34,Married,Bachelor,Customer Support,Escalation Specialist,3,Bengaluru,Full-Time,2023-04-23,,True,,94000,0,4,7,32,0
E01352,Male,25,Married,High School,Sales,Sales Executive,2,Hyderabad,Full-Time,2025-11-15,,True,,117000,10,4,8,1,0
E02375,Female,34,Married,PhD,Customer Support,Escalation Specialist,3,Remote,Full-Time,2023-02-24,,True,,69000,0,3,5,34,5
E02488,Female,36,Married,Master,Sales,Business Development,2,Delhi,Part-Time,2025-12-21,,True,,69000,15,1,8,1,0
E01777,Female,38,Single,Diploma,Sales,Account Executive,3,Mumbai,Full-Time,2023-05-20,,True,,91000,15,3,6,31,0
E01018,Male,30,Married,PhD,IT,IT Support,3,Bengaluru,Full-Time,2023-05-17,,True,,159000,10,4,5,31,0
E02699,Female,34,Single,PhD,Finance,Financial Analyst,1,Bengaluru,Full-Time,2020-02-01,,True,,76500,0,5,6,72,0
E00574,Female,34,Married,High School,Customer Support,Support Agent,1,Bengaluru,Full-Time,2025-09-07,,True,,47500,10,4,9,3,9
E02125,Female,36,Married,PhD,Marketing,SEO Specialist,7,Delhi,Full-Time,2025-06-09,2025-10-21,False,Performance / Termination,122500,10,2,5,4,3
E01244,Female,32,Single,High School,Operations,Logistics Coordinator,1,Delhi,Full-Time,2023-06-13,,True,,62000,0,3,4,31,3
E02630,Female,42,Married,Bachelor,Marketing,Content Writer,7,Hyderabad,Part-Time,2025-09-10,,True,,124000,5,3,6,3,7
E02767,male,37,Married,PhD,Customer Support,Support Agent,4,Mumbai,Full-Time,2022-03-15,,True,,72500,5,3,5,46,2
E00445,Female,29,Married,Master,Customer Support,Support Lead,3,Hyderabad,Full-Time,2023-02-20,,True,,66500,0,3,4,34,3
E01716,Male,32,Single,Bachelor,Operations,Logistics Coordinator,3,Hyderabad,Full-Time,2020-05-06,,True,,72000,0,3,10,68,4
E01357,Female,25,Married,PhD,Operations,Logistics Coordinator,1,Delhi,Full-Time,2024-12-16,,True,,,15,5,7,12,8
E00294,Female,38,Married,Bachelor,Operations,Quality Analyst,6,Mumbai,Full-Time,2024-01-19,,True,,120000,0,2,6,23,5
E02644,Female,33,Married,High School,IT,Data Analyst,2,Chennai,Contract,2023-08-04,,True,,162000,0,4,8,29,0
E00363,Male,37,Married,High School,Marketing,Marketing Analyst,4,Remote,Full-Time,2023-09-28,,True,,97000,0,4,6,27,0
E01674,Female,39,Married,High School,Customer Support,Escalation Specialist,5,Delhi,Full-Time,2023-02-21,,True,,98000,0,3,5,34,3
E01538,Male,36,Married,Diploma,Sales,Business Development,7,Delhi,Full-Time,2022-08-23,,True,,153500,10,5,6,40,2
E01836,Female,26,Married,Master,,Logistics Coordinator,1,Delhi,Full-Time,2024-07-16,,True,,74500,10,5,4,17,1
E00656,Male,26,Married,Bachelor,Sales,Business Development,2,Chennai,Full-Time,2025-09-15,,True,,72500,0,2,5,3,2
E00807,Male,31,Married,Master,Finance,Accountant,1,Hyderabad,Full-Time,2023-10-30,2024-01-19,False,Layoff,70500,0,3,5,2,7
E01553,Male,30,Single,PhD,Customer Support,Escalation Specialist,1,Hyderabad,Full-Time,2022-12-06,,True,,48000,0,5,7,37,3
E00306,Female,38,Married,High School,IT,Data Analyst,7,Chennai,Full-Time,2022-04-14,2022-07-18,False,Performance / Termination,235500,20,2,6,3,0
E02127,Male,30,Married,Bachelor,IT,DevOps Engineer,1,Bengaluru,Full-Time,2022-09-05,2023-01-15,False,Resigned,142000,0,3,5,4,2
E02427,Male,39,Married,PhD,Operations,Logistics Coordinator,4,Delhi,Full-Time,2020-05-08,,True,,137000,10,4,6,68,6
E00530,Female,28,Married,Master,Operations,Operations Analyst,3,Delhi,Full-Time,2024-05-12,,True,,76500,0,3,5,19,1
E01562,Female,31,Married,Bachelor,Operations,Quality Analyst,2,Chennai,Full-Time,2025-03-29,2025-07-23,False,Resigned,102500,0,4,5,3,3
E00967,Male,30,Married,Bachelor,Customer Support,Support Agent,2,Delhi,Full-Time,2025-02-21,,True,,51000,0,2,9,10,5
E01693,Male,30,Married,High School,Marketing,Marketing Analyst,1,Chennai,Full-Time,2020-10-15,2020-11-22,False,Resigned,85500,0,3,4,1,1
E00540,Female,35,Married,Diploma,Finance,Accountant,3,Mumbai,Full-Time,2024-06-29,,True,,139500,0,4,5,18,8
E02484,Female,32,Married,Diploma,Operations,Quality Analyst,1,Delhi,Full-Time,2023-04-06,,True,,65500,0,3,6,33,14
E02854,Female,34,Married,PhD,IT,DevOps Engineer,3,Remote,Full-Time,2024-06-17,,True,,135500,5,5,10,18,3
E02739,Female,30,Single,Bachelor,Operations,Operations Analyst,1,Mumbai,Full-Time,2025-03-01,2025-05-09,False,Resigned,68000,0,4,5,2,9
E02774,Female,37,Single,Diploma,Operations,Operations Analyst,4,Mumbai,Full-Time,2022-01-20,,True,,139500,10,3,5,48,15
E00353,Female,36,Married,High School,Customer Support,Support Agent,2,Bengaluru,Full-Time,2022-01-29,,True,,66000,20,5,5,47,8
E00043,Male,36,Married,Diploma,Human Resources,HR Analyst,5,Remote,Full-Time,2025-06-24,,True,,100500,5,3,5,6,0
E00645,Female,24,Divorced,Diploma,IT,Data Analyst,1,Mumbai,Full-Time,2024-03-18,,True,,82500,0,4,7,21,0
E01697,Male,41,Married,Bachelor,Research & Development,Research Scientist,5,Hyderabad,Full-Time,2023-06-23,,True,,224500,5,4,2,30,0
E01523,Male,28,Divorced,PhD,Operations,Logistics Coordinator,1,Chennai,Full-Time,2025-06-03,,True,,84000,5,3,6,7,4
E01579,Female,46,Single,Diploma,Customer Support,Support Lead,7,Mumbai,Full-Time,2024-04-16,,True,,87000,0,1,4,20,7
E02587,Female,27,Married,Master,Finance,Credit Analyst,1,Remote,Full-Time,2022-06-18,,True,,77000,0,3,7,43,6
E00447,Female,38,Married,Bachelor,Human Resources,Recruiter,3,Chennai,Full-Time,2020-02-28,,True,,124500,20,4,7,71,15
E00468,Male,37,Single,Master,Marketing,Content Writer,5,Chennai,Full-Time,2023-07-22,,True,,95000,5,4,8,29,0
E02421,Female,31,Married,Diploma,Sales,Business Development,1,Delhi,Full-Time,2022-07-24,,True,,76000,0,3,5,41,14
E00054,Male,36,Married,PhD,Operations,Operations Analyst,3,Bengaluru,Part-Time,2022-01-24,,True,,112500,5,3,4,47,4
E01251,Male,27,Married,High School,Sales,Account Executive,3,Bengaluru,Full-Time,2024-06-22,,True,,92500,5,5,4,18,0
E02009,Female,28,Married,Master,Operations,Quality Analyst,1,Remote,Full-Time,2020-11-14,,True,,87500,10,5,5,62,1
E01864,Male,32,Married,PhD,Customer Support,Escalation Specialist,1,Chennai,Contract,2023-05-09,,True,,46000,0,4,6,32,17
E00572,Male,32,Married,PhD,Operations,Logistics Coordinator,3,Bengaluru,Full-Time,2022-10-31,,True,,125500,5,5,6,38,0
E01399,Male,33,Married,Diploma,Sales,Account Executive,4,Delhi,Full-Time,2020-03-12,,True,,142000,5,4,5,70,2
E00821,Male,200,Single,Master,Operations,Quality Analyst,3,Bengaluru,Full-Time,2023-11-29,,True,,71000,20,4,5,25,1
E01377,Male,31,Married,High School,Customer Support,Support Agent,2,Chennai,Full-Time,2020-09-02,,True,,83500,15,4,6,64,0
E01178,Male,37,Single,Diploma,Customer Support,Escalation Specialist,4,Bengaluru,Full-Time,2022-06-19,,True,,95500,10,4,6,43,0
E01482,Female,25,Single,Diploma,Marketing,Content Writer,2,Mumbai,Full-Time,2024-10-17,2024-12-17,False,Relocation,64000,15,4,4,2,2
E01935,Female,33,Single,PhD,Finance,Accountant,5,Delhi,Full-Time,2023-04-08,,True,,127500,5,3,6,33,10
E01363,Male,37,Divorced,High School,Human Resources,Recruiter,5,Bengaluru,Full-Time,2020-08-03,,True,,120500,10,4,6,65,8
E00173,Male,31,Married,Master,Sales,Account Executive,1,Hyderabad,Full-Time,2024-08-27,,True,,106000,5,4,5,16,14
E02536,Male,25,Married,Master,Research & Development,Research Scientist,2,Hyderabad,Full-Time,2021-09-04,,True,,167500,10,3,6,52,12
E00751,Female,38,Single,High School,Finance,Credit Analyst,7,Bengaluru,Full-Time,2025-12-18,2025-12-30,False,Resigned,156000,15,3,3,1,1
E00773,Female,28,Married,High School,Research & Development,Product Engineer,1,Bengaluru,Full-Time,2022-05-05,,True,,104000,0,4,5,44,3
E02786,Male,31,Married,Diploma,Operations,Logistics Coordinator,4,Mumbai,Part-Time,2021-01-06,,True,,133500,0,4,7,60,0
E00701,Female,38,Single,Diploma,Finance,Financial Analyst,4,Bengaluru,Full-Time,2022-01-03,,True,,157000,0,4,7,48,7
E00236,Male,31,Single,Diploma,Customer Support,Escalation Specialist,2,Mumbai,Full-Time,2025-06-09,,True,,60000,5,4,8,6,11
E01360,Female,33,Married,High School,Marketing,SEO Specialist,2,Mumbai,Full-Time,2021-01-23,,True,,69500,5,5,5,60,6
E00397,Male,35,Single,Diploma,Marketing,Marketing Analyst,6,Chennai,Full-Time,2025-04-21,,True,,127500,0,2,7,8,0
E01849,Male,38,Married,Diploma,Sales,Account Executive,7,Chennai,Full-Time,2020-11-21,,True,,,0,3,6,62,1
E00787,Female,33,Married,High School,Operations,Logistics Coordinator,6,Remote,Full-Time,2022-08-08,,True,,101500,0,5,3,41,0
E01364,Female,42,Married,High School,IT,Data Analyst,6,Hyderabad,Full-Time,2021-03-09,,True,,146500,5,2,6,58,0
E00125,Female,27,Single,Master,Research & Development,Product Engineer,2,Hyderabad,Full-Time,2021-08-16,,True,,186500,0,5,5,53,5
E00248,Male,42,Married,Diploma,Sales,Account Executive,6,Delhi,Part-Time,2024-04-21,2024-06-04,False,Layoff,166000,0,3,9,1,1
E01054,Female,28,Married,Master,Finance,Credit Analyst,1,Bengaluru,Full-Time,2023-11-20,,True,,110500,0,5,8,25,0
E00249,Male,34,Married,Master,Finance,Accountant,2,Mumbai,Full-Time,2020-09-19,,True,,113000,0,5,6,64,0
E02404,Male,31,Married,High School,Sales,Sales Executive,5,Bengaluru,Full-Time,2021-10-10,,True,,107000,0,2,4,51,7
E00426,Female,27,Married,Master,Finance,Financial Analyst,3,Hyderabad,Full-Time,2020-05-30,,True,,138000,20,3,5,68,11
E02873,Male,35,Married,High School,IT,Software Engineer,3,Bengaluru,Contract,2025-04-11,,True,,160000,5,3,6,8,0
E02943,Male,35,Single,Diploma,Operations,Logistics Coordinator,4,Remote,Full-Time,2022-08-29,,True,,119000,0,3,6,40,3
E00737,Male,250,Married,High School,Sales,Business Development,1,Remote,Full-Time,2025-05-27,,True,,96500,15,3,5,7,4
E01508,Unknown,31,Single,Master,Marketing,SEO Specialist,4,Delhi,Full-Time,2023-06-22,,True,,83500,0,4,6,30,7
E01369,Male,30,Married,Bachelor,Human Resources,Recruiter,1,Bengaluru,Full-Time,2025-10-27,2025-12-30,False,Retirement,80000,0,3,9,2,7
E00651,Male,30,Married,Master,Customer Support,Support Agent,2,Mumbai,Full-Time,2025-02-24,2025-06-04,False,Retirement,68000,15,5,10,3,0
E00795,Male,36,Married,High School,IT,Software Engineer,4,Delhi,Full-Time,2021-11-18,,True,,165000,15,3,6,50,15
E01965,Male,39,Married,Diploma,Human Resources,Recruiter,5,Chennai,Full-Time,2022-04-17,,True,,110000,0,4,6,45,0
E01627,Female,32,Married,PhD,Marketing,SEO Specialist,1,Chennai,Contract,2024-02-16,,True,,75500,0,5,5,22,3
E01596,Male,34,Married,High School,Marketing,SEO Specialist,2,Chennai,Full-Time,2023-06-07,,True,,60500,10,3,6,31,0
E00258,Female,250,Married,Diploma,Sales,Business Development,3,Bengaluru,Contract,2020-10-25,,True,,130000,0,4,7,63,8
E00396,Female,28,Married,Bachelor,Operations,Logistics Coordinator,2,Delhi,Full-Time,2022-01-31,,True,,109000,0,4,9,47,13
E01045,Female,32,Single,Master,Sales,Business Development,4,Remote,Full-Time,2023-12-15,2024-02-18,False,Resigned,116000,0,3,4,2,7
E00253,Female,33,Single,Master,Customer Support,Support Agent,3,Bengaluru,Full-Time,2023-06-27,,True,,54000,15,4,6,30,1
E00968,Male,30,Married,High School,Human Resources,HR Analyst,2,Chennai,Full-Time,2023-12-04,2024-04-25,False,Resigned,92000,0,3,5,4,5
E01165,Female,35,Divorced,Diploma,Sales,Sales Executive,3,Remote,Full-Time,2021-10-15,,True,,100000,20,3,6,51,1
E02638,Male,42,Divorced,Diploma,Customer Support,Support Lead,5,Hyderabad,Part-Time,2025-04-01,,True,,77500,0,3,6,9,11
E01576,Male,30,Divorced,Bachelor,Customer Support,Support Lead,1,Remote,Full-Time,2020-10-07,2020-12-05,False,Resigned,63000,5,4,4,1,6
E00321,Female,27,Married,Master,IT,Software Engineer,2,Remote,Full-Time,2021-03-28,,True,,163000,10,3,5,57,0
E02433,Male,30,Single,Diploma,Customer Support,Escalation Specialist,4,Mumbai,Full-Time,2020-03-21,2020-07-19,False,Layoff,83500,0,3,5,4,8
E00515,Female,33,Married,Bachelor,Operations,Quality Analyst,1,Chennai,Full-Time,2022-03-16,2022-07-31,False,Relocation,80500,0,4,4,4,11
E01060,Female,30,Married,Diploma,Marketing,SEO Specialist,4,Remote,Full-Time,2025-09-10,,True,,101500,20,4,6,3,0
E01326,Female,31,Single,PhD,,Operations Analyst,4,Remote,Full-Time,2021-01-08,,True,,116500,0,3,8,60,4
E00578,Female,26,Married,PhD,Operations,Logistics Coordinator,2,Bengaluru,Full-Time,2025-04-07,,True,,99000,10,4,6,8,11
E00693,Male,27,Married,PhD,Operations,Quality Analyst,2,Bengaluru,Full-Time,2025-11-16,2025-12-01,False,Retirement,79500,5,3,3,1,11
E02108,Male,23,Married,PhD,Research & Development,Product Engineer,1,Delhi,Full-Time,2020-02-17,,True,,106000,10,5,9,71,0
E01650,Female,33,Divorced,High School,Finance,Financial Analyst,6,Hyderabad,Full-Time,2024-11-06,,True,,168500,0,4,6,14,20
E02839,Female,38,Married,Diploma,Marketing,Content Writer,7,Bengaluru,Full-Time,2023-09-19,2023-10-31,False,Layoff,149500,5,2,4,1,13
E01476,Unknown,29,Married,High School,Marketing,SEO Specialist,3,Delhi,Full-Time,2024-05-31,,True,,94500,5,4,3,19,11
E02118,Female,31,Married,Master,Operations,Logistics Coordinator,2,Mumbai,Full-Time,2020-07-31,,True,,90500,5,4,6,65,0
E01296,Male,28,Single,Master,Research & Development,Data Scientist,3,Delhi,Full-Time,2022-08-26,,True,,168000,20,3,7,40,10
E00658,Female,34,Married,Diploma,Marketing,SEO Specialist,2,Mumbai,Full-Time,2022-03-02,,True,,100500,0,3,6,46,2
E00802,Male,36,Married,Bachelor,Customer Support,Support Agent,7,Bengaluru,Full-Time,2025-06-06,,True,,111500,10,3,4,6,9
E00121,Male,29,Married,PhD,Executive,COO,2,Mumbai,Full-Time,2021-03-23,,True,,285500,5,3,7,58,1
E01295,male,37,Married,Bachelor,Human Resources,HR Analyst,4,Bengaluru,Full-Time,2022-01-23,,True,,138000,5,4,6,47,5
E00450,Female,36,Single,Diploma,Human Resources,HR Generalist,4,Bengaluru,Part-Time,2020-02-23,,True,,115000,10,3,5,71,12
E01214,Unknown,33,Married,Diploma,Sales,Business Development,2,Remote,Full-Time,2023-12-16,,True,,113000,0,3,6,24,0
E01550,Female,38,Married,Bachelor,Operations,Quality Analyst,6,Hyderabad,Full-Time,2025-04-26,,True,,134000,10,4,4,8,5
E01307,Male,29,Married,PhD,Research & Development,Data Scientist,2,Hyderabad,Full-Time,2023-08-14,,True,,111500,10,3,7,29,6
E00005,Male,27,Married,Diploma,Customer Support,Escalation Specialist,2,Delhi,Full-Time,2025-10-22,,True,,74000,5,5,8,2,4
E01064,Male,23,Married,Diploma,Customer Support,Support Agent,1,Hyderabad,Full-Time,2022-09-13,,True,,53000,0,5,6,40,0
E02755,Male,30,Married,PhD,Operations,Operations Analyst,2,Bengaluru,Full-Time,2024-06-19,,True,,71500,0,4,9,18,10
E00068,Female,29,Married,PhD,Customer Support,Escalation Specialist,2,Chennai,Full-Time,2020-05-28,,True,,80500,15,5,6,68,15
E00881,Male,43,Single,High School,IT,IT Support,6,Delhi,Full-Time,2025-03-31,,True,,195000,5,5,5,9,2
E01475,Female,30,Married,PhD,Operations,Quality Analyst,3,Mumbai,Full-Time,2021-12-15,,True,,90000,5,3,5,49,5
E02321,Female,31,Divorced,Bachelor,Sales,Business Development,1,Bengaluru,Part-Time,2023-04-30,,True,,71500,0,5,6,32,12
E02281,Female,32,Married,Master,Research & Development,Research Scientist,2,Remote,Full-Time,2024-12-15,,True,,159500,0,3,5,12,3
E02619,Female,30,Married,Master,Executive,CEO,2,Chennai,Full-Time,2025-11-10,,True,,286500,10,3,8,1,1
E01260,Female,23,Married,High School,Sales,Business Development,1,Delhi,Full-Time,2022-02-28,,True,,75000,0,4,8,46,9
E02964,Female,34,Married,Bachelor,Marketing,SEO Specialist,2,Remote,Full-Time,2023-04-04,,True,,102000,10,3,3,33,2
E01846,Male,27,Single,High School,Customer Support,Support Lead,1,Chennai,Full-Time,2022-12-03,,True,,66000,10,3,9,37,5
E01825,Male,36,Single,High School,Human Resources,HR Analyst,2,Chennai,Full-Time,2020-04-19,,True,,73500,0,3,7,69,4
E01806,Male,36,Single,Diploma,Sales,Business Development,5,Delhi,Part-Time,2022-10-11,,True,,147500,0,3,5,39,15
E00349,Female,27,Married,High School,Research & Development,Product Engineer,2,Remote,Full-Time,2021-04-05,2021-06-15,False,Retirement,187000,20,4,7,2,0
E00336,Male,40,Single,Bachelor,IT,Software Engineer,4,Remote,Part-Time,2025-05-14,,True,,119500,0,4,5,7,7
E02729,Male,27,Married,High School,Human Resources,HR Generalist,1,Bengaluru,Full-Time,2020-06-11,,True,,70000,10,3,7,67,6
E00205,Female,33,Married,Master,IT,DevOps Engineer,3,Chennai,Full-Time,2021-04-26,,True,,166500,5,4,9,57,0
E00612,Female,39,Married,High School,Finance,Credit Analyst,4,Bengaluru,Full-Time,2023-12-20,,True,,139000,10,5,4,24,11
E01174,Male,29,Married,Master,Finance,Accountant,1,Remote,Full-Time,2022-10-31,,True,,114500,15,4,4,38,7
E02370,Female,32,Single,Diploma,Marketing,SEO Specialist,1,Delhi,Part-Time,2025-05-30,,True,,58500,0,3,6,7,12
E01424,Female,31,Married,High School,Customer Support,Support Agent,3,Remote,Part-Time,2025-06-06,,True,,76500,0,5,5,6,0
E02618,Male,30,Married,High School,Research & Development,Research Scientist,2,Hyderabad,Full-Time,2020-09-26,,True,,140500,5,3,3,64,6
E02807,Male,26,Divorced,Master,Research & Development,Research Scientist,1,Chennai,Full-Time,2024-05-27,2024-10-14,False,Resigned,130000,5,4,4,4,3
E02726,Male,23,Married,Bachelor,Sales,Account Executive,1,Chennai,Full-Time,2021-05-20,,True,,94500,10,3,7,56,6
E02781,Male,24,Married,Master,IT,DevOps Engineer,1,Hyderabad,Full-Time,2022-10-06,2023-03-04,False,Retirement,88500,5,4,6,4,2
E00128,Unknown,25,Married,Master,Marketing,SEO Specialist,1,Delhi,Part-Time,2024-06-10,,True,,55000,15,4,8,18,9
E01321,Female,29,Married,Bachelor,Sales,Business Development,2,Hyderabad,Full-Time,2024-10-09,,True,,80500,5,3,7,14,16
E02336,Female,40,Single,Bachelor,Customer Support,Support Agent,5,Hyderabad,Full-Time,2023-07-10,,True,,68000,5,5,6,30,8
E00240,Male,36,Single,Bachelor,Marketing,SEO Specialist,2,Bengaluru,Full-Time,2022-11-27,,True,,64500,0,4,3,37,0
E00768,female,23,Married,PhD,Human Resources,HR Analyst,1,Hyderabad,Full-Time,2024-12-06,2025-02-07,False,Resigned,76500,0,4,8,2,1
E00600,Female,26,Married,Master,Marketing,Marketing Analyst,1,Remote,Full-Time,2023-01-06,,True,,56000,10,4,8,36,0
E01518,Female,32,Married,Bachelor,Research & Development,Data Scientist,1,Bengaluru,Full-Time,2023-08-16,,True,,116000,5,4,8,28,1
E00225,Female,27,Married,Bachelor,IT,Software Engineer,1,Chennai,Full-Time,2023-08-10,2023-11-10,False,Resigned,124000,0,3,5,3,4
E02826,Female,36,Married,Diploma,Human Resources,Recruiter,5,Bengaluru,Full-Time,2024-11-17,,True,,120000,10,4,3,13,12
E01955,Male,35,Married,PhD,Marketing,Marketing Analyst,6,Chennai,Full-Time,2022-02-14,,True,,131500,5,5,7,47,0
E02581,Male,36,Married,Bachelor,Sales,Account Executive,2,Hyderabad,Full-Time,2025-11-26,2025-12-11,False,Resigned,70500,10,4,4,1,6
E02817,Female,26,Married,Diploma,Customer Support,Support Agent,1,Remote,Full-Time,2025-02-05,2025-04-04,False,Resigned,43000,20,4,3,1,12
E00162,Male,27,Divorced,PhD,IT,Data Analyst,2,Mumbai,Part-Time,2024-12-20,,True,,152000,0,5,6,12,6
E02977,Female,34,Single,Diploma,Sales,Business Development,5,Bengaluru,Full-Time,2022-07-12,,True,,144500,5,2,4,42,10
E01786,Female,35,Married,Diploma,Sales,Sales Executive,2,Mumbai,Full-Time,2022-10-06,,True,,94000,15,3,6,39,10
E02797,Male,25,Single,PhD,Research & Development,Research Scientist,2,Hyderabad,Full-Time,2022-01-16,,True,,181500,0,5,8,48,21
E02312,Male,35,Single,Master,Customer Support,Support Agent,2,Hyderabad,Full-Time,2021-10-14,,True,,65000,10,4,6,51,10
E00242,Male,33,Single,Diploma,IT,Software Engineer,4,Chennai,Full-Time,2023-01-23,,True,,210000,5,3,5,35,8
E01957,Female,26,Married,PhD,IT,Data Analyst,2,Hyderabad,Full-Time,2020-12-04,,True,,95000,5,3,8,61,9
E02860,Female,33,Married,Diploma,Marketing,Content Writer,5,Mumbai,Full-Time,2025-08-07,,True,,97500,5,3,7,4,4
E02407,Male,31,Divorced,Diploma,IT,IT Support,5,Remote,Full-Time,2020-11-19,,True,,195500,15,3,4,62,11
E01997,Female,27,Married,PhD,Operations,Operations Analyst,3,Bengaluru,Full-Time,2023-09-15,,True,,92000,5,3,5,27,0
E00706,Female,35,Married,PhD,Customer Support,Escalation Specialist,2,Hyderabad,Full-Time,2020-06-28,2020-08-14,False,Resigned,77500,5,3,4,1,7
E01785,Female,38,Single,PhD,Sales,Business Development,3,Delhi,Full-Time,2025-08-12,,True,,96000,10,3,5,4,15
E00944,Male,34,Married,Bachelor,IT,DevOps Engineer,6,Chennai,Full-Time,2021-06-13,,True,,244500,5,2,9,55,10
E00402,Male,32,Married,PhD,Operations,Quality Analyst,3,Bengaluru,Full-Time,2025-09-26,,True,,98000,5,2,4,3,2
E01440,Female,35,Married,Bachelor,Operations,Operations Analyst,3,Delhi,Full-Time,2022-11-03,,True,,75000,5,4,7,38,0
E01956,Female,24,Single,Master,Operations,Logistics Coordinator,1,Bengaluru,Full-Time,2023-12-11,,True,,81000,10,4,6,25,8
E01790,Male,33,Divorced,Master,Human Resources,HR Generalist,3,Remote,Full-Time,2022-03-22,2022-08-03,False,Resigned,73000,5,4,4,4,10
E00046,Male,28,Married,High School,Finance,Financial Analyst,1,Hyderabad,Full-Time,2025-09-12,2025-12-30,False,Resigned,102500,0,4,5,3,0
E01563,Female,33,Married,High School,IT,DevOps Engineer,2,Bengaluru,Full-Time,2020-01-06,2020-03-21,False,Resigned,117500,0,3,6,2,1
E01413,Female,32,Married,Bachelor,Marketing,Content Writer,2,Bengaluru,Full-Time,2022-06-07,,True,,59000,10,5,5,43,11
E00060,Male,35,Married,Master,Operations,Logistics Coordinator,2,Remote,Full-Time,2022-03-27,2022-07-06,False,Retirement,100500,20,4,6,3,6
E00511,Male,39,Single,Diploma,Sales,Account Executive,7,Mumbai,Full-Time,2024-01-14,,True,,177500,15,3,8,23,8
E02082,Unknown,39,Married,Diploma,IT,Software Engineer,7,Mumbai,Full-Time,2022-11-22,,True,,256000,0,5,6,37,8
E02068,Unknown,34,Married,PhD,Sales,Account Executive,2,Remote,Full-Time,2022-02-11,2022-04-23,False,Resigned,81500,0,4,5,2,13
E02724,Male,34,Married,High School,IT,DevOps Engineer,5,Mumbai,Part-Time,2021-07-26,,True,,158000,10,5,3,53,0
E01695,Male,32,Married,Master,IT,DevOps Engineer,2,Hyderabad,Full-Time,2022-12-19,,True,,103500,0,3,4,36,9
E00684,Female,33,Married,PhD,Human Resources,Recruiter,3,Remote,Full-Time,2023-08-16,,True,,110500,5,3,3,28,17
E00406,Male,33,Married,Diploma,Sales,Business Development,3,Chennai,Full-Time,2021-03-18,,True,,85000,0,2,6,58,7
E02636,Male,33,Married,Diploma,Human Resources,Recruiter,4,Bengaluru,Full-Time,2023-08-01,2023-11-28,False,Resigned,136000,0,5,10,3,0
E01236,male,38,Married,PhD,Finance,Credit Analyst,3,Chennai,Full-Time,2025-11-14,,True,,84500,10,4,6,1,10
E01179,Male,34,Divorced,Bachelor,Research & Development,Research Scientist,1,Delhi,Part-Time,2020-04-04,,True,,123000,10,4,6,69,0
E00566,Male,36,Divorced,Diploma,Operations,Logistics Coordinator,3,Remote,Full-Time,2023-11-06,,True,,100000,10,4,8,26,6
E01558,Male,26,Married,Bachelor,Customer Support,Escalation Specialist,1,Remote,Full-Time,2023-05-02,,True,,58500,0,2,5,32,8
E02689,Female,30,Married,High School,Executive,CEO,1,Hyderabad,Full-Time,2024-08-07,2024-12-14,False,Resigned,262000,10,2,7,4,0
E02247,Female,34,Married,Master,Operations,Operations Analyst,1,Bengaluru,Full-Time,2021-12-16,,True,,61500,5,4,6,49,0
E01318,Female,29,Single,Master,Operations,Logistics Coordinator,4,Delhi,Full-Time,2020-01-03,,True,,105500,0,5,6,72,2
E00419,Female,26,Married,PhD,Sales,Account Executive,2,Delhi,Full-Time,2020-02-12,,True,,101000,15,3,5,71,11
E00308,Male,44,Divorced,High School,Sales,Business Development,7,Hyderabad,Full-Time,2022-07-17,,True,,132500,0,4,3,42,8
E02000,Male,37,Single,Bachelor,Operations,Quality Analyst,6,Chennai,Full-Time,2020-08-04,,True,,113500,15,3,8,65,0
E01204,Female,31,Single,PhD,Marketing,SEO Specialist,1,Remote,Full-Time,2020-06-08,,True,,89000,0,3,3,67,13
E01079,Female,30,Divorced,Bachelor,Research & Development,Research Scientist,1,Bengaluru,Full-Time,2021-02-04,2021-04-05,False,Relocation,116500,5,4,4,2,4
E00625,Female,40,Married,PhD,Finance,Credit Analyst,5,Mumbai,Full-Time,2023-12-17,,True,,129500,0,2,6,24,0
E02800,Male,34,Divorced,Diploma,Sales,Account Executive,2,Delhi,Full-Time,2024-08-08,,True,,109500,5,4,7,17,6
E01827,Male,30,Single,Bachelor,Customer Support,Support Lead,2,Delhi,Full-Time,2023-04-22,,True,,58000,10,3,8,32,8
E00563,Female,40,Married,Master,IT,Data Analyst,6,Hyderabad,Part-Time,2024-03-20,,True,,144500,20,4,2,21,0
E00160,Male,30,Married,PhD,Customer Support,Support Lead,2,Bengaluru,Full-Time,2021-08-08,2021-12-01,False,Layoff,57000,10,3,8,3,0
E02270,Male,37,Single,Diploma,IT,Software Engineer,3,Hyderabad,Full-Time,2024-02-04,,True,,126000,0,5,5,23,0
E02704,Female,33,Married,Bachelor,IT,Data Analyst,1,Bengaluru,Full-Time,2021-07-21,,True,,109500,10,5,6,54,8
E00178,Male,33,Married,PhD,Sales,Business Development,6,Hyderabad,Part-Time,2023-06-26,,True,,131500,0,4,4,30,4
E01533,Female,35,Married,Master,Operations,Quality Analyst,4,Hyderabad,Full-Time,2024-03-18,,True,,130000,15,4,7,21,2
E02968,Male,31,Single,Bachelor,Operations,Quality Analyst,5,Bengaluru,Full-Time,2020-09-27,,True,,103500,0,3,7,64,4
E02908,Female,35,Single,Master,Operations,Operations Analyst,5,Bengaluru,Full-Time,2025-06-25,,True,,104000,20,3,8,6,0
E00342,Female,40,Married,Bachelor,Sales,Sales Executive,4,Delhi,Full-Time,2024-10-15,,True,,141000,5,3,6,14,4
E00015,Female,25,Married,Master,Customer Support,Support Agent,1,Bengaluru,Part-Time,2025-10-18,2025-12-30,False,Resigned,51000,0,3,4,2,8
E01108,Male,34,Single,Diploma,Operations,Quality Analyst,4,Bengaluru,Full-Time,2020-12-09,2021-04-07,False,Resigned,88500,20,5,6,3,8
E02111,Female,30,Married,Bachelor,Finance,Credit Analyst,3,Bengaluru,Full-Time,2024-12-02,,True,,139000,5,5,5,13,13
E01247,Female,34,Married,Diploma,Human Resources,HR Generalist,2,Remote,Full-Time,2023-02-17,2023-05-30,False,Retirement,95500,0,2,5,3,7
E00328,Female,36,Married,Diploma,Sales,Sales Executive,5,Delhi,Full-Time,2023-06-24,,True,,147500,0,3,7,30,0
E00283,Female,27,Married,Diploma,Operations,Quality Analyst,2,Bengaluru,Full-Time,2022-08-02,,True,,72500,10,5,5,41,5
E01316,Female,30,Married,PhD,Research & Development,Research Scientist,3,Remote,Full-Time,2022-07-18,,True,,154000,0,2,6,42,8
E01140,Female,32,Single,Master,Sales,Account Executive,3,Hyderabad,Full-Time,2023-07-01,2023-09-10,False,Retirement,116000,20,3,8,2,0
E00329,Female,34,Single,High School,Customer Support,Support Lead,4,Delhi,Part-Time,2022-11-12,,True,,93500,5,3,6,38,13
E01147,Male,26,Married,Bachelor,Finance,Accountant,2,Hyderabad,Contract,2021-11-02,2022-01-13,False,Resigned,128500,5,3,4,2,2
E01133,Male,35,Married,PhD,IT,Data Analyst,3,Delhi,Contract,2022-09-13,,True,,146000,0,2,7,40,8
E00577,Male,30,Married,Diploma,Marketing,Marketing Analyst,3,Remote,Full-Time,2022-03-07,,True,,93500,5,4,6,46,9
E00311,Unknown,34,Single,Bachelor,Operations,Operations Analyst,1,Hyderabad,Full-Time,2022-09-23,2022-12-28,False,Resigned,59000,20,4,8,3,18
E00517,Male,29,Married,PhD,Customer Support,Support Lead,1,Hyderabad,Full-Time,2023-12-29,,True,,50500,0,4,9,24,8
E01485,Male,25,Married,PhD,Customer Support,Escalation Specialist,2,Chennai,Full-Time,2025-01-09,,True,,53000,5,4,8,11,6
E02549,Female,32,Single,Bachelor,Operations,Operations Analyst,2,Mumbai,Full-Time,2025-02-21,2025-07-06,False,Resigned,110000,0,3,4,4,18
E00348,Female,34,Married,PhD,Sales,Account Executive,5,Bengaluru,Contract,2022-01-09,2022-03-20,False,Resigned,153000,0,3,5,2,9
E01201,Male,28,Married,High School,Finance,Financial Analyst,2,Chennai,Full-Time,2021-06-05,2021-10-21,False,Performance / Termination,113000,0,3,4,4,0
E00597,Male,34,Married,Diploma,Research & Development,Data Scientist,2,Remote,Full-Time,2025-04-02,,True,,114000,0,4,6,9,1
E01874,Female,30,Married,Master,Operations,Logistics Coordinator,1,Remote,Full-Time,2022-04-17,,True,,93000,10,3,3,45,11
E02295,Female,32,Single,PhD,IT,IT Support,4,Hyderabad,Full-Time,2025-08-04,2025-10-22,False,Retirement,149000,0,5,7,2,2
E02004,Female,36,Married,Master,Operations,Logistics Coordinator,2,Delhi,Part-Time,2023-03-01,,True,,110500,15,5,5,34,8
E01082,male,28,Married,High School,Research & Development,Research Scientist,2,Mumbai,Full-Time,2025-07-10,,True,,132500,0,4,6,5,4
E01093,Female,39,Married,Bachelor,Research & Development,Product Engineer,4,Bengaluru,Full-Time,2023-05-19,,True,,137000,0,4,6,31,0
E01213,Female,39,Married,High School,Sales,Account Executive,7,Bengaluru,Full-Time,2023-06-15,,True,,150000,0,4,7,31,1
E01773,Female,36,Married,Bachelor,Research & Development,Data Scientist,2,Bengaluru,Full-Time,2022-08-19,,True,,168000,0,3,6,41,8
E01402,Male,36,Married,PhD,Sales,Account Executive,2,Chennai,Full-Time,2025-06-22,,True,,113500,20,5,4,6,12
E02525,Female,38,Married,High School,Sales,Sales Executive,6,Bengaluru,Full-Time,2022-01-05,,True,,183500,0,3,4,48,3
E02742,female,33,Single,High School,Customer Support,Support Agent,1,Remote,Full-Time,2025-01-10,2025-05-31,False,Relocation,42500,5,3,7,4,6
E02930,Female,29,Married,Master,IT,Software Engineer,2,Chennai,Full-Time,2023-12-01,2024-03-11,False,Retirement,137000,0,3,6,3,8
E01382,Male,29,Married,Diploma,Research & Development,Product Engineer,2,Delhi,Full-Time,2021-02-02,,True,,151000,5,3,7,59,0
E02381,Male,28,Single,Diploma,Marketing,Content Writer,3,Chennai,Full-Time,2024-04-20,,True,,84500,0,4,8,20,6
E01776,Female,30,Married,High School,Marketing,SEO Specialist,4,Hyderabad,Full-Time,2020-10-29,,True,,129500,10,3,4,62,5
E00534,Male,29,Married,Bachelor,Human Resources,HR Generalist,2,Mumbai,Part-Time,2025-07-30,,True,,91000,0,2,5,5,2
E02601,Male,35,Married,High School,Human Resources,HR Generalist,2,Delhi,Full-Time,2020-01-21,,True,,107000,0,5,8,72,14
E01007,Female,35,Single,PhD,Operations,Logistics Coordinator,2,Bengaluru,Full-Time,2020-05-04,,True,,108000,10,3,3,68,7
E01284,Female,24,Single,Master,Customer Support,Support Lead,1,Bengaluru,Full-Time,2024-02-14,2024-05-16,False,Resigned,69000,10,3,7,3,27
E00830,Male,36,Married,Bachelor,Customer Support,Escalation Specialist,2,Delhi,Full-Time,2025-06-23,2025-09-18,False,Resigned,77500,0,4,6,2,2
E01302,Female,29,Divorced,Diploma,Customer Support,Support Lead,4,Bengaluru,Full-Time,2022-12-15,,True,,82500,0,5,10,37,7
E00101,Male,25,Divorced,Bachelor,IT,Software Engineer,1,Mumbai,Full-Time,2024-06-29,2024-09-28,False,Resigned,102000,5,2,2,3,4
E00382,Female,27,Married,High School,Human Resources,HR Analyst,1,Bengaluru,Full-Time,2024-05-21,2024-07-12,False,Resigned,74500,10,5,7,1,11
E00490,Female,33,Single,High School,Finance,Credit Analyst,5,Hyderabad,Part-Time,2021-01-21,2021-03-13,False,Retirement,129500,20,2,7,1,12
E01976,Male,24,Divorced,PhD,Finance,Credit Analyst,1,Hyderabad,Full-Time,2023-08-18,,True,,97000,5,3,4,28,3
E00188,Male,31,Married,High School,Operations,Quality Analyst,3,Mumbai,Full-Time,2020-10-03,,True,,117000,0,4,6,63,9
E01286,Male,28,Married,PhD,Research & Development,Research Scientist,1,Remote,Full-Time,2023-11-01,,True,,113500,10,5,7,26,8
E02516,Male,29,Divorced,PhD,IT,IT Support,2,Hyderabad,Full-Time,2024-09-03,,True,,152500,0,4,7,16,6
E02477,Male,31,Married,High School,Operations,Logistics Coordinator,1,Remote,Full-Time,2024-09-04,,True,,89500,10,3,7,16,3
E01847,Female,32,Single,Master,Operations,Quality Analyst,2,Chennai,Part-Time,2024-02-12,2024-05-06,False,Resigned,88000,10,5,7,2,4
E01417,female,28,Married,Bachelor,Sales,Account Executive,1,Bengaluru,Full-Time,2025-09-03,2025-10-14,False,Resigned,80500,10,3,7,1,12
E01557,Female,31,Married,Bachelor,Sales,Sales Executive,5,Mumbai,Contract,2025-05-02,,True,,137500,0,4,9,8,3
E01314,Unknown,38,Married,Diploma,Sales,Business Development,6,Chennai,Full-Time,2023-06-09,,True,,112000,5,3,7,31,11
E02940,Male,23,Married,Diploma,IT,Data Analyst,1,Bengaluru,Full-Time,2020-08-22,,True,,110000,0,2,8,65,8
E01875,Female,46,Married,Bachelor,Human Resources,HR Analyst,7,Delhi,Part-Time,2024-09-02,,True,,117500,0,3,3,16,0
E02117,male,31,Single,Master,Customer Support,Support Agent,1,Delhi,Full-Time,2024-04-03,,True,,45000,0,4,6,21,8
E01672,Female,36,Divorced,High School,Marketing,Marketing Analyst,6,Mumbai,Full-Time,2021-07-08,,True,,99000,15,5,6,54,0
E01238,Male,26,Single,Diploma,Research & Development,Research Scientist,1,Delhi,Full-Time,2025-02-13,,True,,152500,10,4,3,10,12
E00006,Female,41,Married,Bachelor,Sales,Business Development,6,Bengaluru,Full-Time,2025-02-14,,True,,156500,10,3,1,10,18
E01294,Female,39,Married,High School,Research & Development,Product Engineer,7,Chennai,Full-Time,2025-04-08,,True,,243000,5,3,10,8,16
E01416,Male,38,Married,Bachelor,Operations,Logistics Coordinator,4,Remote,Full-Time,2021-01-11,,True,,124000,0,4,6,60,11
E02366,Female,35,Divorced,Master,Customer Support,Support Lead,2,Hyderabad,Full-Time,2024-02-27,,True,,60500,0,5,5,22,1
E00791,Female,31,Married,High School,Sales,Business Development,1,Delhi,Full-Time,2025-07-22,,True,,68000,5,5,4,5,10
E02996,Female,35,Married,High School,Customer Support,Escalation Specialist,6,Delhi,Full-Time,2021-03-24,,True,,128000,20,3,4,58,0
E01163,Female,36,Married,Bachelor,IT,Data Analyst,4,Bengaluru,Full-Time,2022-05-11,,True,,171500,0,4,7,44,12
E01869,Male,45,Married,Diploma,Operations,Quality Analyst,7,Bengaluru,Contract,2023-12-13,,True,,169000,0,2,5,24,11
E02020,female,31,Married,Bachelor,IT,DevOps Engineer,1,Remote,Full-Time,2021-03-14,,True,,1500000,0,3,5,58,15
E01111,Female,33,Divorced,Master,Human Resources,HR Generalist,1,Bengaluru,Full-Time,2021-04-11,,True,,85500,5,4,6,57,8
E02080,Male,29,Married,PhD,IT,DevOps Engineer,1,Mumbai,Full-Time,2025-12-06,,True,,114000,0,3,3,1,4
E01665,Female,40,Married,PhD,Marketing,Marketing Analyst,7,Bengaluru,Full-Time,2025-02-20,,True,,136500,5,4,5,10,22
E02823,Male,37,Married,High School,Human Resources,HR Generalist,3,Hyderabad,Full-Time,2023-03-31,,True,,75500,0,3,8,33,0
E02242,Male,34,Married,PhD,Finance,Accountant,4,Remote,Full-Time,2020-04-09,,True,,155000,15,3,5,69,1
E01331,Female,40,Married,High School,Sales,Business Development,5,Bengaluru,Full-Time,2020-08-13,,True,,108500,10,3,1,65,0
E01101,Female,34,Married,High School,Sales,Account Executive,2,Chennai,Full-Time,2024-06-09,,True,,95000,0,3,3,19,12
E00059,Male,30,Single,Diploma,Operations,Operations Analyst,3,Chennai,Full-Time,2022-09-01,2022-10-04,False,Retirement,93000,0,4,5,1,7
E00393,Female,32,Married,Bachelor,Research & Development,Data Scientist,2,Chennai,Full-Time,2020-01-04,,True,,105000,0,3,6,72,2
E00570,Male,29,Married,High School,Research & Development,Product Engineer,1,Hyderabad,Full-Time,2021-02-14,,True,,126500,0,4,3,59,7
E01552,Female,24,Married,Bachelor,Sales,Business Development,1,Bengaluru,Part-Time,2024-07-17,2024-10-03,False,Resigned,103000,0,3,6,2,15
E00254,female,29,Married,High School,Operations,Quality Analyst,2,Delhi,Full-Time,2023-08-05,,True,,82000,0,4,7,29,1
E00208,Male,25,Single,Bachelor,Operations,Quality Analyst,2,Remote,Full-Time,2025-04-01,2025-08-05,False,Retirement,92000,0,3,6,4,9
E00497,Female,39,Divorced,Master,Marketing,SEO Specialist,5,Chennai,Full-Time,2020-04-05,,True,,111000,5,4,6,69,0
E00905,Female,30,Divorced,Bachelor,Marketing,Marketing Analyst,1,Delhi,Full-Time,2021-11-21,,True,,51000,0,4,6,50,0
E02345,Male,24,Single,PhD,Customer Support,Support Agent,1,Delhi,Full-Time,2024-12-05,,True,,64500,0,3,6,13,18
E01310,Male,36,Divorced,High School,Sales,Sales Executive,2,Chennai,Contract,2024-02-07,2024-05-11,False,Resigned,71000,15,3,5,3,15
E01660,Female,33,Married,Diploma,Operations,Operations Analyst,2,Mumbai,Full-Time,2020-01-28,,True,,110500,15,5,6,72,9
E00478,Male,32,Married,High School,Customer Support,Support Agent,3,Bengaluru,Full-Time,2022-06-13,,True,,83000,15,4,8,43,8
E00315,Male,28,Married,High School,Sales,Account Executive,3,Bengaluru,Full-Time,2023-07-27,2023-12-12,False,Performance / Termination,87500,0,3,3,4,4
E02051,Male,28,Married,PhD,Customer Support,Support Agent,3,Hyderabad,Full-Time,2020-09-26,,True,,75500,0,3,6,64,4
E01099,Female,30,Single,PhD,Customer Support,Escalation Specialist,2,Chennai,Full-Time,2023-02-09,2023-05-12,False,Resigned,57500,0,3,5,3,4
E01784,Male,24,Married,Bachelor,Customer Support,Escalation Specialist,1,Remote,Full-Time,2020-04-08,,True,,43500,0,3,6,69,3
E01721,Male,37,Single,Diploma,Research & Development,Product Engineer,6,Delhi,Full-Time,2025-02-27,,True,,177500,10,5,4,10,4
E00018,Female,29,Married,High School,Finance,Accountant,1,Bengaluru,Full-Time,2021-06-27,,True,,73500,5,3,5,54,0
E02434,Male,30,Single,PhD,Operations,Operations Analyst,1,Remote,Full-Time,2023-12-28,,True,,55500,10,1,4,24,4
E02718,Female,42,Married,Master,Operations,Operations Analyst,7,Hyderabad,Full-Time,2023-07-10,,True,,159500,5,3,8,30,1
E00940,Male,37,Married,Master,Customer Support,Support Lead,4,Delhi,Part-Time,2020-06-18,,True,,61000,5,4,4,67,8
E00020,Male,37,Married,PhD,IT,IT Support,3,Remote,Full-Time,2023-12-05,,True,,157000,5,4,8,25,7
E02495,Female,33,Married,Master,Sales,Business Development,3,Hyderabad,Full-Time,2022-07-12,,True,,77000,5,4,3,42,10
E00757,Female,33,Married,Master,Finance,Financial Analyst,5,Bengaluru,Full-Time,2024-10-22,,True,,149000,5,2,6,14,7
E02716,Male,29,Single,Master,Research & Development,Data Scientist,2,Chennai,Full-Time,2021-05-11,2021-06-19,False,Retirement,174500,20,3,8,1,4
E00271,Unknown,34,Married,High School,Operations,Logistics Coordinator,1,Bengaluru,Full-Time,2021-08-15,,True,,86500,0,4,6,53,6
E01738,female,30,Married,Master,Customer Support,Escalation Specialist,1,Remote,Full-Time,2022-05-19,2022-07-28,False,Performance / Termination,50500,0,4,8,2,16
E02341,Male,43,Married,Master,Executive,COO,6,Hyderabad,Part-Time,2024-04-07,,True,,255500,10,3,7,21,9
E00710,Female,36,Single,Bachelor,Human Resources,HR Analyst,2,Remote,Full-Time,2024-08-28,,True,,80000,0,5,5,16,10
E01365,Female,28,Married,High School,Customer Support,Support Agent,1,Chennai,Full-Time,2021-10-25,,True,,56000,5,4,3,50,14
E01669,Male,31,Married,High School,Operations,Quality Analyst,2,Remote,Full-Time,2020-06-13,,True,,79000,5,3,6,67,0
E00331,Male,31,Married,Bachelor,Sales,Sales Executive,5,Chennai,Full-Time,2023-01-10,2023-04-21,False,Relocation,98500,15,4,2,3,14
E02999,Male,26,Married,Master,Marketing,SEO Specialist,2,Remote,Full-Time,2024-10-15,,True,,96500,0,4,9,14,3
E00104,Male,38,Married,Master,IT,Software Engineer,5,Delhi,Full-Time,2022-02-18,,True,,222500,0,4,8,47,9
E01525,Female,27,Married,Diploma,Customer Support,Escalation Specialist,3,Bengaluru,Full-Time,2025-11-03,,True,,82000,0,4,6,1,10
E00412,Female,25,Married,Diploma,Marketing,Content Writer,1,Bengaluru,Contract,2023-01-21,2023-03-18,False,Layoff,55000,0,3,5,1,6
E02227,Female,25,Single,High School,Operations,Quality Analyst,1,Chennai,Full-Time,2020-11-05,,True,,60500,0,3,4,62,9
E02961,Male,27,Single,Diploma,Customer Support,Support Lead,1,Bengaluru,Full-Time,2025-04-14,,True,,47000,20,3,5,8,4
E00907,Female,45,Single,PhD,Operations,Operations Analyst,7,Bengaluru,Part-Time,2021-06-13,,True,,145500,5,4,6,55,9
E01231,Female,29,Married,PhD,Finance,Accountant,4,Mumbai,Part-Time,2024-11-19,,True,,149000,0,4,8,13,6
E00861,Female,40,Single,Bachelor,Human Resources,HR Analyst,4,Bengaluru,Full-Time,2022-05-17,2022-09-19,False,Resigned,105000,5,3,2,4,9
E00816,Female,25,Married,High School,Sales,Sales Executive,1,Mumbai,Contract,2021-09-05,,True,,66500,0,5,5,52,10
E00398,Male,30,Married,PhD,Human Resources,HR Generalist,4,Hyderabad,Full-Time,2020-09-06,,True,,129500,0,4,7,64,14
E01223,Female,26,Single,Bachelor,Research & Development,Data Scientist,2,Mumbai,Full-Time,2023-10-10,,True,,178500,5,4,6,27,10
E02531,Female,35,Single,Diploma,Sales,Business Development,5,Chennai,Full-Time,2021-05-17,,True,,130500,15,3,10,56,4
E00805,Female,30,Divorced,Diploma,IT,Data Analyst,3,Bengaluru,Contract,2024-03-12,,True,,168000,0,3,9,21,0
E02350,Male,34,Married,Diploma,Finance,Financial Analyst,6,Bengaluru,Full-Time,2024-09-14,,True,,193500,15,4,4,15,15
E00594,Male,35,Married,High School,IT,Data Analyst,4,Chennai,Full-Time,2022-02-11,2022-03-20,False,Resigned,174000,0,3,5,1,8
E01345,Female,30,Married,High School,Finance,Accountant,1,Hyderabad,Full-Time,2025-01-10,,True,,95500,5,4,8,11,3
E01449,Female,30,Married,Bachelor,IT,Data Analyst,2,Delhi,Full-Time,2021-07-26,,True,,102500,10,2,6,53,10
E02572,Female,30,Married,Master,Operations,Operations Analyst,1,Chennai,Full-Time,2023-02-15,2023-04-14,False,Retirement,87500,0,3,6,1,2
E02018,Male,39,Married,High School,Finance,Credit Analyst,5,Mumbai,Part-Time,2025-07-05,,True,,173500,0,3,7,5,13
E02711,Female,44,Married,Master,,Account Executive,7,Hyderabad,Full-Time,2025-11-20,,True,,195500,10,4,5,1,5
E02240,female,29,Single,High School,IT,DevOps Engineer,1,Hyderabad,Full-Time,2021-11-27,,True,,90500,0,3,8,49,10
E01002,Female,30,Married,Master,Operations,Operations Analyst,4,Remote,Full-Time,2025-08-04,,True,,81000,0,4,7,4,1
E01084,Female,36,Single,Diploma,Operations,Logistics Coordinator,5,Bengaluru,Full-Time,2021-12-14,,True,,1500000,15,3,4,49,11
E01581,Male,33,Married,PhD,Sales,Sales Executive,4,Bengaluru,Full-Time,2024-01-17,2024-04-19,False,Relocation,151000,0,3,5,3,7
E02813,Female,25,Married,Master,IT,Software Engineer,2,Hyderabad,Full-Time,2024-12-08,2025-03-28,False,Resigned,99500,10,4,5,3,0
E01129,Male,24,Married,Diploma,Marketing,Marketing Analyst,1,Remote,Full-Time,2022-12-21,2023-01-24,False,Retirement,89000,10,3,9,1,24
E01996,Male,25,Married,Diploma,IT,IT Support,2,Bengaluru,Full-Time,2021-08-12,,True,,,10,5,5,53,10
E02251,Female,29,Married,Diploma,Operations,Operations Analyst,1,Hyderabad,Part-Time,2022-12-15,,True,,98000,0,3,9,37,9
E02212,Male,33,Single,Master,Sales,Account Executive,1,Delhi,Full-Time,2023-05-30,,True,,100000,0,5,6,31,8
E02164,Male,28,Single,Master,Marketing,Marketing Analyst,1,Mumbai,Full-Time,2025-08-04,,True,,76000,5,3,5,4,0
E01714,Female,35,Married,Bachelor,Marketing,Content Writer,2,Hyderabad,Full-Time,2020-02-24,2020-06-14,False,Layoff,72500,5,3,5,3,7
E00147,Male,25,Married,Bachelor,Operations,Operations Analyst,1,Delhi,Full-Time,2025-07-16,2025-10-23,False,Layoff,74500,5,3,5,3,12
E02832,Male,40,Married,PhD,IT,DevOps Engineer,5,Hyderabad,Full-Time,2022-11-01,,True,,188000,0,3,5,38,11
E02244,Male,45,Single,High School,Customer Support,Support Agent,7,Chennai,Full-Time,2023-03-26,,True,,84000,10,1,8,33,12
E02175,Female,33,Single,Diploma,IT,Software Engineer,2,Hyderabad,Full-Time,2021-09-08,,True,,110500,5,5,4,52,3
E00981,Male,32,Divorced,Diploma,Operations,Logistics Coordinator,5,Mumbai,Full-Time,2024-07-20,2024-10-01,False,Resigned,157000,10,2,6,2,11
E00808,Male,25,Married,High School,Marketing,Content Writer,2,Remote,Full-Time,2025-07-08,,True,,73000,0,3,6,5,6
E02988,Female,31,Single,High School,Sales,Business Development,1,Remote,Full-Time,2025-09-11,2025-12-30,False,Resigned,70000,10,2,9,3,2
E00409,Male,28,Single,High School,IT,DevOps Engineer,2,Delhi,Full-Time,2021-05-26,,True,,144000,10,5,6,56,0
E02917,Female,31,Divorced,High School,Marketing,SEO Specialist,4,Mumbai,Full-Time,2020-04-28,,True,,100000,0,4,5,69,0
E02775,Male,27,Married,Master,Sales,Business Development,3,Bengaluru,Full-Time,2025-11-20,2025-12-05,False,Resigned,108500,0,3,5,1,9
E01792,Female,34,Married,High School,IT,Data Analyst,6,Bengaluru,Full-Time,2021-01-12,,True,,243500,0,2,3,60,12
E01366,Male,32,Married,Diploma,Operations,Quality Analyst,2,Chennai,Full-Time,2025-05-03,,True,,76000,5,4,8,8,8
E00184,Female,37,Single,High School,Research & Development,Research Scientist,6,Bengaluru,Full-Time,2024-11-18,,True,,195000,5,4,10,13,10
E01647,Female,34,Single,High School,,Marketing Analyst,4,Mumbai,Full-Time,2020-03-29,,True,,79500,15,3,6,70,2
E01943,Female,30,Married,Diploma,Customer Support,Escalation Specialist,3,Chennai,Full-Time,2020-12-18,,True,,79000,10,4,8,61,9
E02947,Female,25,Single,Diploma,IT,Data Analyst,1,Delhi,Full-Time,2021-02-27,2021-07-13,False,Layoff,90000,15,3,7,4,4
E00913,Female,30,Married,High School,IT,Data Analyst,2,Hyderabad,Full-Time,2023-06-01,,True,,136500,10,4,7,31,12
E01584,Female,40,Married,Master,Research & Development,Data Scientist,4,Mumbai,Full-Time,2022-11-29,2023-04-12,False,Resigned,223500,10,5,5,4,2
E02221,Male,36,Divorced,Bachelor,Marketing,Content Writer,2,Bengaluru,Full-Time,2025-02-09,,True,,76000,0,4,4,10,18
E00539,Female,32,Single,PhD,Sales,Business Development,5,Hyderabad,Full-Time,2020-03-13,,True,,157000,0,3,6,70,8
E01455,Female,33,Single,Master,IT,Software Engineer,3,Hyderabad,Contract,2024-11-22,,True,,109500,10,5,8,13,7
E02077,Female,38,Married,PhD,Sales,Sales Executive,4,Mumbai,Full-Time,2024-08-30,,True,,87000,0,3,7,16,0
E02489,Male,38,Married,Bachelor,Human Resources,HR Generalist,4,Chennai,Full-Time,2020-11-13,,True,,,10,3,7,62,3
E02157,Male,38,Divorced,Bachelor,Research & Development,Research Scientist,5,Bengaluru,Full-Time,2023-01-31,,True,,159500,15,4,6,35,4
E02869,Female,35,Married,Bachelor,Operations,Quality Analyst,2,Delhi,Full-Time,2025-03-14,,True,,69500,20,5,8,9,2
E02043,Female,34,Single,PhD,Human Resources,HR Generalist,1,Hyderabad,Full-Time,2023-09-13,,True,,60500,0,4,7,28,8
E02514,Male,29,Married,PhD,Human Resources,Recruiter,2,Delhi,Full-Time,2020-11-02,,True,,75000,0,5,8,62,12
E01972,Female,34,Married,High School,IT,Data Analyst,2,Bengaluru,Full-Time,2024-07-19,,True,,102500,0,4,5,17,7
E00687,male,32,Married,Diploma,IT,IT Support,2,Chennai,Full-Time,2025-08-09,,True,,136500,5,3,4,4,0
E00185,Male,37,Single,High School,Human Resources,HR Analyst,3,Delhi,Full-Time,2020-06-28,,True,,88500,5,5,6,67,0
E01797,Female,28,Single,High School,Marketing,Marketing Analyst,2,Delhi,Full-Time,2024-08-23,,True,,58500,5,4,4,16,10
E00584,Male,39,Single,Diploma,Customer Support,Escalation Specialist,4,Hyderabad,Full-Time,2022-04-06,2022-07-25,False,Resigned,59500,15,4,6,3,12
E02358,Male,35,Married,Master,Human Resources,Recruiter,3,Remote,Contract,2024-07-13,,True,,107500,10,3,5,17,0
E01274,Male,36,Married,Master,Operations,Logistics Coordinator,4,Remote,Full-Time,2021-01-04,,True,,128500,0,3,10,60,6
E02963,Female,33,Married,Bachelor,Human Resources,HR Generalist,3,Remote,Full-Time,2023-03-31,,True,,111500,5,3,4,33,9
E01435,Female,38,Single,Master,Sales,Sales Executive,6,Bengaluru,Full-Time,2023-10-07,,True,,167000,15,4,5,27,2
E01434,Female,26,Married,PhD,Human Resources,Recruiter,1,Bengaluru,Full-Time,2023-08-05,,True,,96000,0,4,8,29,0
E01868,Male,29,Married,High School,IT,Software Engineer,4,Mumbai,Full-Time,2025-09-24,,True,,173000,0,3,7,3,6
E01162,Female,37,Married,High School,Customer Support,Support Agent,5,Hyderabad,Full-Time,2021-09-09,2021-10-29,False,Resigned,91500,0,4,7,1,0
E01167,Female,30,Married,High School,Operations,Quality Analyst,1,Bengaluru,Full-Time,2022-09-20,2023-01-20,False,Resigned,63000,10,5,6,4,8
E02626,Male,33,Divorced,Bachelor,Customer Support,Support Agent,2,Chennai,Full-Time,2023-03-13,,True,,57500,0,4,8,34,0
E01570,Male,23,Married,Diploma,Marketing,SEO Specialist,1,Bengaluru,Full-Time,2024-03-23,,True,,61500,10,2,7,21,13
E02248,Female,30,Single,PhD,Sales,Account Executive,3,Mumbai,Full-Time,2024-09-10,,True,,96500,10,3,7,15,11
E01098,female,36,Married,PhD,Marketing,Content Writer,6,Mumbai,Full-Time,2023-11-01,,True,,106000,15,3,6,26,2
E01209,Male,35,Married,Bachelor,Finance,Accountant,6,Delhi,Full-Time,2022-02-07,,True,,177500,0,2,8,47,4
E01750,Female,33,Married,PhD,Operations,Quality Analyst,4,Remote,Full-Time,2023-10-19,2023-12-10,False,Resigned,83500,0,5,3,1,0
E02036,Male,42,Married,High School,,Escalation Specialist,6,Bengaluru,Part-Time,2024-04-07,,True,,113500,5,5,4,21,9
E02452,Male,30,Married,PhD,IT,Data Analyst,1,Bengaluru,Full-Time,2020-02-12,,True,,120000,10,4,4,71,12
E02224,Female,29,Single,Master,,Support Agent,1,Mumbai,Full-Time,2021-09-02,2022-01-19,False,Performance / Termination,50000,20,5,4,4,10
E01577,Female,35,Married,Master,Marketing,Marketing Analyst,7,Mumbai,Full-Time,2021-03-07,,True,,129000,0,3,6,58,6
E02544,Female,36,Married,Master,IT,Software Engineer,4,Delhi,Contract,2021-12-14,,True,,166000,0,2,8,49,15
E02534,Male,27,Married,Master,Marketing,SEO Specialist,2,Mumbai,Part-Time,2022-08-20,,True,,62500,5,4,10,40,7
E00528,male,27,Single,Master,Finance,Financial Analyst,3,Hyderabad,Full-Time,2022-07-23,,True,,104000,10,2,5,41,2
E01373,Female,35,Married,Bachelor,IT,IT Support,6,Hyderabad,Full-Time,2024-11-24,,True,,211500,0,1,10,13,5
E01730,Female,27,Married,Diploma,Customer Support,Support Lead,3,Bengaluru,Full-Time,2025-12-08,2025-12-23,False,Resigned,71000,15,4,7,1,4
E02390,Female,26,Married,High School,IT,Data Analyst,2,Delhi,Full-Time,2024-12-25,2025-04-15,False,Resigned,100000,0,4,7,3,10
E01633,Male,43,Divorced,High School,Customer Support,Support Agent,6,Delhi,Full-Time,2024-06-05,,True,,107500,0,4,7,19,12
E01662,Male,34,Single,Bachelor,,Credit Analyst,6,Delhi,Full-Time,2025-01-23,,True,,184500,10,5,4,11,6
E01832,Female,30,Married,Diploma,Sales,Business Development,2,Delhi,Full-Time,2022-07-03,,True,,81000,5,3,6,42,5
E01332,Female,24,Married,High School,Customer Support,Support Lead,1,Bengaluru,Full-Time,2024-11-09,,True,,47500,5,4,8,13,8
E00899,Female,35,Married,Master,Customer Support,Support Agent,2,Chennai,Full-Time,2023-03-15,,True,,69000,15,3,6,34,1
E01445,Female,31,Single,Master,Sales,Business Development,2,Hyderabad,Contract,2022-09-01,2022-10-31,False,Resigned,97000,5,4,4,2,8
E01988,Female,46,Married,High School,Marketing,Marketing Analyst,7,Remote,Contract,2025-06-06,2025-10-20,False,Resigned,152000,0,4,6,4,14
E00642,Male,32,Married,Diploma,Sales,Sales Executive,3,Delhi,Full-Time,2023-01-18,,True,,130500,5,2,6,35,10
E01258,Female,31,Single,Bachelor,IT,DevOps Engineer,3,Hyderabad,Full-Time,2020-03-07,,True,,180000,0,4,5,70,2
E02455,Male,34,Single,Diploma,Operations,Quality Analyst,1,Bengaluru,Full-Time,2025-12-15,,True,,75500,10,4,4,1,10
E01263,Female,34,Married,Diploma,Operations,Logistics Coordinator,2,Delhi,Full-Time,2024-12-04,,True,,69500,5,2,6,13,0
E01611,Female,26,Married,Diploma,Research & Development,Product Engineer,2,Remote,Part-Time,2022-01-23,,True,,124000,5,5,5,47,7
E00135,Female,33,Married,Bachelor,Customer Support,Escalation Specialist,5,Mumbai,Part-Time,2020-06-08,,True,,108500,10,5,7,67,0
E02353,Unknown,32,Married,PhD,Operations,Quality Analyst,4,Mumbai,Full-Time,2020-01-12,,True,,,15,3,5,72,12
E00250,male,29,Married,Bachelor,Executive,COO,2,Delhi,Full-Time,2022-06-23,,True,,219000,5,3,4,42,2
E01256,Female,40,Divorced,Master,Customer Support,Support Agent,4,Bengaluru,Part-Time,2020-06-24,2020-10-27,False,Resigned,83000,0,2,7,4,23
E01590,Male,24,Married,Master,Research & Development,Data Scientist,1,Mumbai,Full-Time,2023-01-18,,True,,93500,0,3,7,35,10
E02391,Female,27,Divorced,Bachelor,Research & Development,Data Scientist,2,Chennai,Full-Time,2025-04-30,,True,,160500,5,4,6,8,13
E00547,Female,23,Married,High School,Sales,Sales Executive,1,Hyderabad,Full-Time,2024-12-30,,True,,79500,5,5,5,12,4
E02695,Male,37,Married,Master,Finance,Financial Analyst,4,Hyderabad,Full-Time,2021-07-20,,True,,154500,0,4,4,54,11
E01621,Female,34,Married,PhD,Marketing,Marketing Analyst,5,Delhi,Full-Time,2025-08-28,,True,,126500,10,4,6,4,3
E01113,Female,38,Married,Master,Research & Development,Research Scientist,5,Mumbai,Full-Time,2020-05-23,,True,,160500,20,2,3,68,0
E00679,female,29,Single,PhD,Sales,Sales Executive,2,Mumbai,Full-Time,2020-01-07,2020-03-28,False,Performance / Termination,119000,0,5,5,2,7
E01521,Female,30,Married,Master,IT,Software Engineer,1,Chennai,Full-Time,2021-02-28,,True,,92000,10,3,5,58,12
E02215,Female,36,Married,Master,IT,Data Analyst,4,Bengaluru,Full-Time,2024-01-31,,True,,183500,10,3,9,23,11
E00648,Female,30,Married,Bachelor,Human Resources,HR Generalist,1,Delhi,Full-Time,2025-02-15,2025-06-16,False,Resigned,80500,5,4,9,4,0
E00489,Female,34,Married,High School,Customer Support,Escalation Specialist,4,Delhi,Full-Time,2023-07-21,2023-10-05,False,Layoff,81500,0,4,10,2,0
E01895,Unknown,32,Divorced,Master,Finance,Financial Analyst,1,Mumbai,Full-Time,2022-01-11,,True,,111000,0,3,8,48,11
E02734,Female,30,Married,PhD,Operations,Quality Analyst,1,Hyderabad,Full-Time,2022-05-27,,True,,93500,0,5,6,43,5
E02841,Female,31,Single,PhD,Operations,Quality Analyst,1,Chennai,Full-Time,2024-01-06,,True,,67000,0,3,7,24,9
E02135,Male,33,Married,Diploma,Sales,Business Development,1,Bengaluru,Full-Time,2022-04-16,,True,,81500,5,3,5,45,7
E00520,Male,30,Married,Master,Customer Support,Support Agent,2,Remote,Full-Time,2022-07-07,,True,,59500,15,3,7,42,14
E02948,Male,32,Single,Bachelor,Finance,Credit Analyst,3,Bengaluru,Full-Time,2025-08-06,,True,,106000,0,5,4,4,12
E00289,Male,33,Single,Bachelor,Customer Support,Support Agent,3,Bengaluru,Full-Time,2024-03-14,2024-08-11,False,Performance / Termination,94500,5,3,6,5,0
E02853,Female,35,Married,Bachelor,Operations,Quality Analyst,2,Bengaluru,Full-Time,2021-12-28,,True,,69500,10,1,7,48,0
E00933,Male,25,Married,Bachelor,Operations,Quality Analyst,2,Bengaluru,Part-Time,2024-10-05,2024-12-16,False,Resigned,93000,0,2,8,2,12
E02464,Male,34,Married,Diploma,Marketing,Marketing Analyst,3,Mumbai,Full-Time,2025-12-28,,True,,74000,0,3,4,1,5
E01936,Male,30,Single,Master,IT,DevOps Engineer,2,Remote,Full-Time,2020-02-23,,True,,136000,10,4,5,71,18
E01648,Male,38,Single,Diploma,Marketing,SEO Specialist,4,Chennai,Full-Time,2020-10-04,,True,,118500,15,4,3,63,1
E00763,Female,34,Single,Diploma,Operations,Logistics Coordinator,2,Chennai,Full-Time,2022-03-07,,True,,80000,0,3,3,46,11
E02085,Female,27,Married,Master,Operations,Operations Analyst,3,Delhi,Full-Time,2020-12-18,,True,,109500,0,4,4,61,3
E01350,Female,29,Married,High School,Executive,COO,2,Bengaluru,Full-Time,2021-03-03,2021-05-26,False,Resigned,181500,5,3,7,2,5
E00887,Female,34,Married,PhD,Finance,Credit Analyst,3,Mumbai,Full-Time,2025-06-05,,True,,144500,0,4,8,6,5
E01356,Male,34,Married,Bachelor,Sales,Business Development,2,Chennai,Full-Time,2025-08-27,2025-11-14,False,Resigned,121500,15,4,7,2,4
E01211,Male,25,Single,Bachelor,Operations,Quality Analyst,1,Bengaluru,Full-Time,2020-02-04,,True,,89500,0,4,5,71,0
E02694,Male,29,Married,Bachelor,Customer Support,Support Lead,2,Remote,Full-Time,2023-03-31,,True,,73500,10,3,2,33,8
E02475,Female,30,Single,High School,Finance,Financial Analyst,1,Chennai,Contract,2020-12-06,2021-04-24,False,Resigned,70500,5,4,6,4,4
E01902,Male,36,Married,Master,Operations,Operations Analyst,3,Mumbai,Full-Time,2022-02-28,,True,,96500,10,3,4,46,10
E00908,male,36,Married,High School,Finance,Accountant,7,Chennai,Full-Time,2023-01-08,,True,,161000,15,4,6,36,5
E00443,Male,25,Married,High School,Human Resources,HR Generalist,2,Bengaluru,Full-Time,2025-10-16,,True,,109500,10,4,5,2,4
E02511,Female,33,Married,Bachelor,Sales,Account Executive,1,Bengaluru,Full-Time,2021-12-13,,True,,90500,10,4,3,49,2
E00195,Male,31,Single,Diploma,Sales,Business Development,3,Remote,Part-Time,2025-06-15,,True,,83500,5,2,5,6,0
E00028,Female,35,Married,PhD,Research & Development,Data Scientist,3,Remote,Full-Time,2020-07-01,,True,,131500,0,5,4,66,0
E00427,Female,36,Single,Diploma,Sales,Account Executive,2,Bengaluru,Full-Time,2023-11-14,2024-03-12,False,Retirement,101000,0,2,6,3,4
E00352,Male,31,Single,Bachelor,Human Resources,HR Generalist,1,Mumbai,Part-Time,2024-10-07,2025-01-14,False,Retirement,90000,5,5,5,3,6
E01594,Female,27,Single,PhD,Sales,Sales Executive,1,Delhi,Full-Time,2024-11-04,,True,,82000,15,2,5,14,5
E02049,Male,31,Single,Master,Operations,Operations Analyst,2,Delhi,Full-Time,2024-04-20,2024-08-18,False,Resigned,91500,15,2,9,4,12
E02624,Female,32,Single,Bachelor,Operations,Quality Analyst,3,Mumbai,Full-Time,2020-01-27,,True,,84500,0,4,6,72,12
E00017,Male,36,Married,PhD,Research & Development,Data Scientist,5,Bengaluru,Full-Time,2022-01-17,,True,,228500,5,4,4,48,2
E02283,Male,34,Married,High School,Operations,Operations Analyst,5,Chennai,Full-Time,2025-02-03,2025-04-07,False,Retirement,91500,5,4,6,2,4
E02292,Female,37,Married,Master,Research & Development,Product Engineer,3,Mumbai,Part-Time,2024-03-30,,True,,186000,0,4,6,21,13
E00438,Male,40,Married,PhD,Operations,Quality Analyst,4,Hyderabad,Full-Time,2025-06-09,,True,,104000,0,4,6,6,0
E00559,Male,36,Single,Master,Finance,Financial Analyst,2,Remote,Full-Time,2022-08-02,2022-11-01,False,Resigned,86500,5,3,4,3,4
E00689,Female,30,Married,PhD,IT,DevOps Engineer,2,Bengaluru,Full-Time,2025-09-03,,True,,156500,0,5,10,3,15
E01394,Male,30,Single,PhD,Marketing,Marketing Analyst,3,Remote,Contract,2022-07-05,,True,,86000,10,2,8,42,0
E01070,Male,29,Married,PhD,Sales,Business Development,1,Bengaluru,Full-Time,2022-07-13,,True,,75000,15,5,8,42,6
E00565,Female,35,Single,High School,IT,DevOps Engineer,5,Delhi,Full-Time,2020-08-06,,True,,175500,10,5,5,65,0
E01303,Female,29,Married,Bachelor,Customer Support,Support Lead,2,Delhi,Full-Time,2021-05-16,2021-10-11,False,Resigned,84000,5,5,5,4,7
E00535,Male,28,Single,Master,Customer Support,Escalation Specialist,3,Hyderabad,Full-Time,2024-12-26,,True,,80000,0,1,8,12,0
E01638,Male,33,Married,Diploma,Customer Support,Escalation Specialist,1,Hyderabad,Full-Time,2025-03-19,,True,,41500,5,5,9,9,0
E02708,Female,34,Single,Master,Customer Support,Support Lead,4,Delhi,Full-Time,2025-04-07,,True,,74500,5,4,3,8,0
E02914,Female,34,Married,Diploma,Marketing,Marketing Analyst,1,Chennai,Full-Time,2023-07-24,,True,,51000,15,5,5,29,0
E00995,Male,43,Married,PhD,Sales,Sales Executive,7,Chennai,Full-Time,2025-10-14,,True,,135500,5,3,6,2,2
E00766,Male,30,Married,PhD,IT,IT Support,3,Delhi,Full-Time,2022-04-02,,True,,145500,10,3,6,45,12
E00143,Male,34,Single,Bachelor,Marketing,Content Writer,1,Chennai,Full-Time,2024-11-30,2025-01-07,False,Resigned,56000,20,3,5,1,9
E02749,Male,39,Married,Bachelor,Sales,Business Development,5,Delhi,Full-Time,2020-07-10,2020-10-15,False,Layoff,124000,20,4,6,3,11
E01473,Male,35,Married,Bachelor,Marketing,Content Writer,2,Remote,Full-Time,2020-10-23,,True,,66500,20,4,8,63,11
E02167,Male,36,Married,Master,Research & Development,Research Scientist,4,Hyderabad,Contract,2023-09-03,,True,,143500,10,5,8,28,5
E01733,Male,25,Married,Bachelor,IT,Data Analyst,2,Delhi,Full-Time,2025-11-26,2025-12-11,False,Relocation,151500,0,1,3,1,14
E00083,Female,30,Single,Bachelor,Customer Support,Support Lead,4,Delhi,Full-Time,2021-08-24,,True,,84000,0,4,5,53,8
E02641,Male,36,Married,High School,Customer Support,Escalation Specialist,3,Chennai,Full-Time,2024-08-29,,True,,91500,5,2,5,16,10
E02686,Male,37,Married,PhD,Research & Development,Research Scientist,7,Hyderabad,Full-Time,2023-02-08,2023-04-28,False,Relocation,250000,10,4,8,2,0
E01872,Male,27,Single,PhD,Operations,Quality Analyst,2,Hyderabad,Full-Time,2024-12-04,,True,,85500,0,3,7,13,6
E00922,Female,30,Single,Diploma,Marketing,SEO Specialist,1,Hyderabad,Full-Time,2025-03-11,2025-07-23,False,Resigned,81000,10,3,5,4,1
E01354,Male,32,Married,PhD,Customer Support,Support Agent,3,Mumbai,Full-Time,2021-02-13,,True,,79000,0,4,7,59,10
E02584,Female,36,Married,High School,Operations,Quality Analyst,2,Delhi,Full-Time,2023-10-13,,True,,90500,0,5,8,27,6
E01911,Male,200,Divorced,PhD,Customer Support,Escalation Specialist,5,Hyderabad,Full-Time,2023-11-02,2024-03-02,False,Retirement,93000,10,3,4,4,1
E01390,Female,31,Married,PhD,Customer Support,Support Lead,2,Chennai,Full-Time,2023-05-26,,True,,59000,0,3,10,31,6
E02896,Male,30,Married,High School,IT,Software Engineer,3,Mumbai,Full-Time,2025-02-13,,True,,181500,0,5,5,10,14
E02518,Male,34,Married,Master,Marketing,SEO Specialist,1,Delhi,Full-Time,2022-08-19,,True,,77500,15,3,6,41,6
E00851,Female,36,Married,PhD,Sales,Account Executive,2,Chennai,Full-Time,2022-03-22,,True,,75000,10,3,8,46,9
E01293,Female,34,Married,Master,,Financial Analyst,2,Bengaluru,Full-Time,2024-06-15,,True,,92500,0,5,7,18,11
E00960,Male,33,Single,Diploma,Operations,Logistics Coordinator,3,Mumbai,Full-Time,2020-06-01,,True,,94500,5,3,6,67,9
E01918,Male,23,Divorced,PhD,Customer Support,Support Agent,1,Delhi,Full-Time,2025-05-06,2025-09-21,False,Retirement,43500,5,4,8,4,4
E00504,Female,28,Married,Master,Research & Development,Research Scientist,2,Chennai,Full-Time,2020-02-28,,True,,182500,15,5,7,71,7
E00010,Female,45,Married,Diploma,Sales,Business Development,7,Chennai,Full-Time,2021-05-09,,True,,163500,15,4,6,56,6
E00319,Male,31,Married,Bachelor,Sales,Account Executive,3,Hyderabad,Full-Time,2024-04-24,,True,,,0,4,9,20,5
E00925,Female,29,Married,Diploma,IT,Software Engineer,2,Chennai,Contract,2024-03-09,,True,,112000,5,2,7,22,0
E01658,Male,36,Single,Bachelor,,Financial Analyst,5,Remote,Full-Time,2021-10-22,,True,,111000,5,4,6,51,7
E02463,Male,36,Married,Bachelor,Customer Support,Escalation Specialist,6,Chennai,Full-Time,2023-12-30,2024-02-09,False,Relocation,125500,10,3,5,1,11
E00255,Female,34,Married,Bachelor,Sales,Business Development,4,Bengaluru,Full-Time,2021-11-26,,True,,114500,10,4,6,49,0
E00895,Male,25,Single,PhD,Marketing,SEO Specialist,2,Bengaluru,Contract,2020-11-19,,True,,82000,0,5,8,62,10
E00824,Male,35,Single,High School,IT,Data Analyst,3,Chennai,Full-Time,2021-06-13,,True,,156000,0,4,7,55,5
E02450,Male,32,Married,PhD,Customer Support,Support Lead,1,Bengaluru,Part-Time,2025-01-10,2025-05-22,False,Resigned,49500,10,4,6,4,4
E01454,Male,33,Married,Diploma,IT,Software Engineer,6,Hyderabad,Full-Time,2020-01-12,,True,,251500,20,4,4,72,0
E01385,Male,23,Married,Master,Operations,Operations Analyst,1,Remote,Full-Time,2023-04-18,,True,,83000,0,4,4,32,8
E02107,Male,36,Single,Bachelor,IT,Software Engineer,5,Mumbai,Full-Time,2023-02-20,,True,,139000,5,5,5,34,11
E02595,Male,33,Married,Bachelor,Operations,Quality Analyst,1,Remote,Full-Time,2024-04-24,2024-06-11,False,Performance / Termination,72500,0,3,5,1,3
E01091,Male,27,Married,PhD,Research & Development,Data Scientist,3,Chennai,Full-Time,2025-07-20,2025-08-27,False,Resigned,137000,15,4,10,1,8
E00430,Male,34,Married,Master,Customer Support,Support Lead,4,Bengaluru,Full-Time,2022-11-18,2023-01-22,False,Resigned,80000,5,5,3,2,17
E00873,Female,29,Married,High School,Finance,Financial Analyst,2,Delhi,Contract,2021-10-29,,True,,83000,15,3,8,50,13
E01654,Male,36,Married,Master,Finance,Accountant,4,Delhi,Full-Time,2024-06-17,,True,,152500,5,5,5,18,16
E01688,Male,28,Married,High School,Marketing,Marketing Analyst,3,Hyderabad,Full-Time,2025-02-14,,True,,88000,10,3,7,10,7
E01677,Female,29,Single,High School,Finance,Credit Analyst,1,Bengaluru,Full-Time,2025-02-18,2025-05-23,False,Performance / Termination,74500,15,4,10,3,8
E00721,Female,28,Married,PhD,Customer Support,Support Agent,2,Bengaluru,Full-Time,2022-12-25,,True,,66000,5,5,5,36,10
E02308,Female,24,Single,High School,Operations,Logistics Coordinator,1,Delhi,Full-Time,2023-10-20,,True,,81000,5,5,7,26,12
E02094,Male,26,Single,Master,Sales,Sales Executive,1,Bengaluru,Full-Time,2023-01-15,2023-02-17,False,Layoff,81000,15,4,6,1,0
E00031,Male,26,Married,Master,Human Resources,HR Analyst,2,Delhi,Full-Time,2025-12-19,,True,,82000,5,5,2,1,7
E00831,Male,34,Married,Master,Operations,Logistics Coordinator,3,Mumbai,Full-Time,2023-03-10,,True,,120500,5,3,4,34,5
E01511,Female,37,Married,Bachelor,IT,Software Engineer,5,Mumbai,Full-Time,2022-08-07,,True,,172500,15,3,6,41,8
E02304,Female,27,Divorced,PhD,Operations,Quality Analyst,1,Mumbai,Full-Time,2022-03-28,,True,,,10,4,7,45,8
E01796,Male,34,Married,High School,Marketing,Content Writer,1,Chennai,Part-Time,2020-09-13,,True,,,5,3,5,64,7
E02376,Male,26,Married,Master,Operations,Logistics Coordinator,2,Mumbai,Full-Time,2023-12-07,,True,,98500,5,4,7,25,14
E01987,Female,38,Single,Bachelor,Operations,Logistics Coordinator,4,Chennai,Contract,2024-05-24,,True,,133500,10,3,2,19,7
E01710,Male,34,Married,Master,Finance,Financial Analyst,2,Chennai,Full-Time,2022-12-24,,True,,96500,0,5,7,36,0
E00217,Female,29,Married,Master,Research & Development,Research Scientist,2,Bengaluru,Contract,2024-08-11,,True,,163500,10,4,7,16,8
E01541,Female,32,Married,PhD,IT,IT Support,3,Hyderabad,Contract,2023-02-14,,True,,140500,5,3,5,35,13
E02506,Female,31,Married,High School,Sales,Account Executive,4,Hyderabad,Full-Time,2023-10-21,2024-03-02,False,Resigned,106500,10,4,6,4,11
E01805,Female,25,Married,Bachelor,Sales,Sales Executive,2,Mumbai,Full-Time,2024-01-29,,True,,108500,0,3,5,23,1
E00774,Male,31,Married,Master,Customer Support,Support Agent,1,Remote,Full-Time,2024-06-01,,True,,47000,0,4,6,19,11
E02137,Female,39,Single,Master,Operations,Quality Analyst,6,Delhi,Full-Time,2023-02-14,,True,,102500,0,5,8,35,11
E00900,Male,34,Divorced,Bachelor,Sales,Business Development,3,Mumbai,Full-Time,2022-05-31,,True,,111500,0,4,8,43,2
E00094,Male,36,Divorced,PhD,Sales,Business Development,5,Hyderabad,Full-Time,2022-09-05,,True,,129000,0,4,8,40,0
E01807,Female,32,Married,High School,Operations,Operations Analyst,2,Bengaluru,Full-Time,2023-12-11,,True,,79000,20,3,4,25,3
E01641,Male,37,Married,Diploma,Sales,Sales Executive,7,Delhi,Full-Time,2021-08-09,2021-09-27,False,Layoff,144000,0,3,4,1,4
E02439,Female,35,Married,Bachelor,IT,Software Engineer,3,Hyderabad,Full-Time,2020-07-09,,True,,110500,0,3,6,66,0
E00726,Female,35,Married,PhD,Customer Support,Escalation Specialist,3,Chennai,Part-Time,2022-06-22,,True,,68000,0,3,6,42,13
E00978,Unknown,28,Married,Diploma,Human Resources,HR Analyst,1,Remote,Full-Time,2020-05-25,2020-06-26,False,Resigned,60500,15,3,7,1,8
E02987,Female,33,Single,High School,Human Resources,Recruiter,1,Remote,Part-Time,2025-08-05,,True,,1500000,0,4,7,4,0
E01964,Male,31,Married,Master,Marketing,SEO Specialist,2,Hyderabad,Part-Time,2020-01-18,,True,,66500,10,1,6,72,4
E02206,Male,33,Married,High School,Operations,Logistics Coordinator,3,Chennai,Full-Time,2021-07-19,,True,,86000,5,2,6,54,2
E02598,Male,34,Married,High School,IT,Software Engineer,3,Bengaluru,Full-Time,2021-02-13,,True,,148500,0,2,8,59,0
E00268,Female,25,Single,High School,Research & Development,Research Scientist,1,Mumbai,Full-Time,2021-11-22,,True,,126500,0,4,2,50,7
E01539,Female,35,Married,High School,Sales,Business Development,3,Delhi,Full-Time,2025-02-25,,True,,134500,5,5,9,10,0
E02629,Female,31,Married,PhD,Marketing,SEO Specialist,2,Remote,Full-Time,2022-04-22,,True,,93000,10,4,8,44,0
E01122,Male,43,Married,Diploma,IT,Software Engineer,6,Mumbai,Full-Time,2023-09-05,,True,,185500,0,3,6,28,11
E00942,Male,41,Single,High School,Human Resources,Recruiter,7,Bengaluru,Full-Time,2020-07-19,,True,,122000,0,2,7,66,6
E01809,Female,36,Single,Bachelor,Customer Support,Escalation Specialist,6,Mumbai,Full-Time,2022-04-07,,True,,92500,0,4,9,45,2
E01262,Female,31,Married,High School,Operations,Operations Analyst,2,Bengaluru,Full-Time,2021-11-26,2022-02-20,False,Resigned,104000,5,1,5,2,11
E01259,Female,32,Married,Diploma,Operations,Operations Analyst,3,Bengaluru,Full-Time,2020-02-28,2020-06-08,False,Relocation,89000,5,4,5,3,6
E02211,Male,27,Married,PhD,Finance,Financial Analyst,2,Remote,Full-Time,2021-07-06,,True,,85000,0,4,4,54,19
E02712,Female,44,Married,High School,Finance,Credit Analyst,6,Mumbai,Full-Time,2024-03-14,,True,,111500,20,3,7,21,5
E02661,Female,26,Married,Diploma,Research & Development,Product Engineer,1,Bengaluru,Full-Time,2023-01-03,,True,,138000,5,4,6,36,7
E01270,Male,24,Married,Bachelor,Marketing,Marketing Analyst,1,Delhi,Full-Time,2024-11-06,,True,,52500,15,3,4,14,12
E00681,Male,30,Married,PhD,IT,IT Support,3,Bengaluru,Full-Time,2022-07-05,,True,,186500,0,4,9,42,10
E02385,Male,27,Single,PhD,Finance,Accountant,1,Mumbai,Full-Time,2022-12-23,,True,,83000,0,5,2,36,7
E02692,Male,29,Married,Master,Finance,Accountant,3,Chennai,Full-Time,2023-02-08,,True,,130000,10,3,7,35,13
E00189,Male,34,Married,PhD,Sales,Account Executive,6,Mumbai,Full-Time,2020-07-23,,True,,150000,10,3,8,66,6
E02395,Female,28,Divorced,Master,Finance,Accountant,3,Bengaluru,Full-Time,2020-01-02,,True,,99500,15,3,9,73,6
E02656,Female,24,Divorced,Bachelor,Marketing,SEO Specialist,1,Mumbai,Contract,2023-10-30,,True,,78500,0,3,5,26,7
E01145,Female,25,Married,Diploma,Operations,Quality Analyst,1,Mumbai,Full-Time,2021-01-07,,True,,65500,5,5,9,60,12
E02438,Male,31,Married,Master,Operations,Logistics Coordinator,3,Delhi,Full-Time,2023-06-06,,True,,101500,0,3,5,31,19
E00607,Female,30,Single,Master,Operations,Logistics Coordinator,3,Remote,Full-Time,2022-05-02,,True,,93000,5,4,4,44,7
E02481,Female,34,Divorced,High School,Marketing,SEO Specialist,2,Bengaluru,Full-Time,2024-05-02,2024-08-28,False,Resigned,80000,0,3,7,3,9
E00274,Female,35,Divorced,Master,Executive,COO,2,Chennai,Full-Time,2025-04-25,,True,,204000,0,3,6,8,1
E00022,Female,23,Single,PhD,Marketing,Content Writer,1,Mumbai,Full-Time,2020-03-24,2020-07-26,False,Layoff,,0,4,8,4,11
E02602,female,38,Single,PhD,IT,IT Support,7,Bengaluru,Part-Time,2020-08-31,,True,,198000,0,3,4,64,2
E00568,Male,36,Married,High School,Operations,Logistics Coordinator,2,Mumbai,Contract,2022-10-29,,True,,112500,0,3,6,38,1
E01774,Female,37,Married,Master,Operations,Operations Analyst,3,Delhi,Full-Time,2021-11-12,,True,,77000,20,5,7,50,10
E01443,Female,39,Married,High School,Human Resources,Recruiter,5,Remote,Full-Time,2020-02-27,,True,,113500,15,2,4,71,2
E01556,Male,27,Divorced,PhD,Marketing,Content Writer,1,Remote,Full-Time,2020-12-09,2021-03-03,False,Resigned,56000,15,3,3,2,1
E01707,Male,31,Single,Diploma,Finance,Accountant,1,Bengaluru,Full-Time,2024-07-13,2024-08-17,False,Relocation,77500,10,3,7,1,2
E00778,Male,30,Married,High School,Human Resources,HR Analyst,4,Remote,Full-Time,2024-07-28,,True,,103000,5,3,6,17,0
E03000,Female,30,Married,PhD,Research & Development,Research Scientist,1,Chennai,Full-Time,2023-07-25,,True,,98500,5,4,1,29,3
E02932,Male,34,Single,Master,Human Resources,Recruiter,6,Bengaluru,Full-Time,2020-10-04,,True,,170500,15,2,4,63,0
E00279,Male,29,Married,Master,Marketing,Marketing Analyst,4,Mumbai,Full-Time,2024-09-02,,True,,97500,5,4,4,16,4
E00589,female,27,Married,Diploma,Sales,Account Executive,1,Remote,Full-Time,2022-03-25,,True,,77000,0,4,8,45,14
E02646,Female,25,Single,High School,Finance,Financial Analyst,1,Delhi,Full-Time,2025-12-23,2025-12-30,False,Layoff,83000,0,3,9,1,8
E01062,Male,31,Single,High School,Sales,Sales Executive,1,Bengaluru,Full-Time,2025-10-23,,True,,63000,10,4,5,2,5
E02245,Female,41,Divorced,Master,Operations,Quality Analyst,6,Chennai,Full-Time,2025-10-04,,True,,158000,5,3,6,2,3
E02364,Male,35,Married,Bachelor,IT,IT Support,3,Chennai,Full-Time,2025-12-05,,True,,150000,10,4,4,1,11
E00030,Female,31,Single,Bachelor,Sales,Sales Executive,1,Mumbai,Full-Time,2021-11-30,,True,,92500,10,3,7,49,6
E01725,male,30,Divorced,Diploma,Sales,Business Development,2,Delhi,Full-Time,2023-02-08,,True,,113500,5,3,8,35,5
E00904,Female,26,Single,Diploma,Research & Development,Product Engineer,1,Delhi,Contract,2021-07-28,,True,,154500,0,1,3,53,12
E01994,Female,36,Single,Diploma,Finance,Accountant,3,Mumbai,Contract,2020-03-09,,True,,133500,0,4,4,70,5
E00649,Male,26,Married,Master,Operations,Operations Analyst,2,Delhi,Full-Time,2021-09-13,2021-11-07,False,Retirement,73500,20,2,6,1,16
E01501,Male,37,Single,High School,Sales,Sales Executive,5,Bengaluru,Full-Time,2025-05-20,,True,,98000,10,4,6,7,16
E01571,Female,28,Married,Bachelor,Finance,Accountant,3,Chennai,Full-Time,2021-09-22,,True,,139000,5,3,6,52,6
E00846,Female,34,Married,Bachelor,Operations,Operations Analyst,5,Delhi,Full-Time,2023-10-15,,True,,122000,0,4,6,26,5
E02868,Female,29,Married,High School,Marketing,Marketing Analyst,2,Delhi,Full-Time,2021-04-11,2021-05-26,False,Relocation,103000,0,3,6,1,8
E02129,Male,40,Married,Bachelor,Executive,CFO,7,Remote,Full-Time,2023-07-18,,True,,282000,0,3,4,29,0
E02538,Male,26,Married,High School,Finance,Financial Analyst,2,Hyderabad,Part-Time,2023-06-14,,True,,113500,10,3,6,31,7
E02633,Male,38,Single,Diploma,Marketing,Marketing Analyst,4,Hyderabad,Full-Time,2024-11-04,,True,,92500,5,4,6,14,5
E01585,Male,44,Married,Diploma,Marketing,SEO Specialist,6,Remote,Full-Time,2021-10-26,,True,,110500,20,3,8,50,11
E01086,Male,34,Married,Diploma,Sales,Business Development,3,Mumbai,Contract,2021-12-02,2022-04-07,False,Resigned,108500,15,5,6,4,0
E01370,Male,33,Married,High School,Sales,Business Development,3,Delhi,Full-Time,2023-04-14,,True,,116000,0,3,7,33,3
E02044,Male,34,Married,Master,Customer Support,Escalation Specialist,2,Delhi,Full-Time,2022-12-27,,True,,71000,10,5,3,36,8
E00114,Male,28,Married,Diploma,IT,DevOps Engineer,1,Delhi,Full-Time,2023-01-11,,True,,146500,0,4,10,36,8
E01808,Female,43,Married,High School,Sales,Business Development,6,Chennai,Full-Time,2024-04-06,,True,,138500,0,4,6,21,13
E00924,Male,32,Married,Bachelor,Finance,Credit Analyst,4,Mumbai,Full-Time,2022-02-16,,True,,117500,20,4,4,47,3
E02431,Female,38,Married,Master,,Software Engineer,4,Hyderabad,Full-Time,2025-08-30,,True,,165500,0,5,8,4,16
E02680,Male,28,Single,PhD,Human Resources,Recruiter,1,Hyderabad,Full-Time,2022-05-16,,True,,63500,0,3,9,44,0
E00896,Female,36,Married,Diploma,Operations,Operations Analyst,2,Remote,Full-Time,2022-09-18,,True,,113000,0,4,6,40,13
E02182,Male,40,Single,Bachelor,Customer Support,Support Agent,4,Bengaluru,Full-Time,2023-10-02,,True,,73500,5,4,5,27,4
E02882,Female,43,Single,Diploma,IT,IT Support,7,Chennai,Full-Time,2021-01-22,,True,,166500,0,4,7,60,13
E00155,Female,34,Single,PhD,Operations,Operations Analyst,1,Bengaluru,Full-Time,2021-07-12,,True,,58000,10,4,5,54,1
E00303,Female,36,Single,PhD,Human Resources,HR Analyst,2,Delhi,Full-Time,2021-02-06,2021-04-25,False,Performance / Termination,95000,20,4,3,2,11
E02520,Female,32,Married,High School,Executive,COO,5,Remote,Full-Time,2022-09-15,,True,,311500,0,4,8,40,7
E01368,Female,27,Single,Master,Customer Support,Support Agent,1,Mumbai,Full-Time,2023-06-24,,True,,62500,15,3,7,30,2
E01191,Female,35,Married,High School,Research & Development,Data Scientist,3,Remote,Full-Time,2021-10-07,,True,,161000,0,4,5,51,9
E01782,Male,38,Married,Diploma,IT,Data Analyst,7,Chennai,Full-Time,2022-11-14,,True,,191000,5,3,6,38,0
E01328,Female,29,Married,Master,Marketing,Marketing Analyst,2,Hyderabad,Full-Time,2025-03-12,,True,,60500,0,4,5,9,10
E01312,Female,36,Married,Bachelor,Research & Development,Research Scientist,2,Bengaluru,Part-Time,2023-10-22,,True,,114000,5,5,3,26,15
E01787,Female,38,Married,Bachelor,IT,Data Analyst,3,Chennai,Full-Time,2020-03-17,,True,,178500,0,5,5,70,1
E02995,Male,30,Married,Diploma,Sales,Account Executive,4,Hyderabad,Full-Time,2022-02-16,,True,,101500,10,3,3,47,0
E02923,Male,46,Married,Master,IT,DevOps Engineer,7,Remote,Full-Time,2024-12-01,,True,,163000,5,5,3,13,6
E01608,Female,27,Married,Master,Human Resources,HR Generalist,3,Bengaluru,Full-Time,2020-08-17,,True,,79000,0,3,7,65,7
E01687,Female,30,Single,High School,Operations,Operations Analyst,3,Delhi,Full-Time,2023-05-02,,True,,90500,0,4,5,32,9
E01548,Female,33,Single,Master,IT,Data Analyst,3,Hyderabad,Full-Time,2024-03-26,,True,,186000,0,4,2,21,8
E02163,Male,34,Married,Diploma,Sales,Account Executive,3,Remote,Full-Time,2023-02-28,,True,,101500,0,4,7,34,0
E00295,Female,32,Single,High School,Research & Development,Data Scientist,3,Hyderabad,Full-Time,2024-08-18,,True,,171000,0,3,8,16,7
E00727,Female,35,Married,High School,Operations,Quality Analyst,5,Remote,Full-Time,2021-01-02,,True,,92500,0,4,8,60,16
E02806,Female,23,Married,PhD,Operations,Operations Analyst,1,Delhi,Full-Time,2020-04-05,2020-05-10,False,Resigned,59000,0,4,6,1,0
E00619,Male,35,Married,Master,Executive,CEO,6,Chennai,Full-Time,2025-03-04,,True,,367000,0,2,3,10,0
E01749,Male,41,Married,Master,Operations,Logistics Coordinator,5,Remote,Full-Time,2025-08-15,,True,,98500,10,1,8,4,12
E02971,Male,35,Married,Master,Finance,Accountant,3,Remote,Full-Time,2025-04-29,,True,,95500,20,3,7,8,8
E00891,Female,32,Married,Diploma,Research & Development,Data Scientist,2,Delhi,Full-Time,2020-07-19,,True,,150500,0,5,5,66,4
E01207,Female,29,Married,Master,Research & Development,Research Scientist,4,Remote,Full-Time,2024-07-18,,True,,178500,0,4,7,17,0
E01684,Male,42,Married,Diploma,Customer Support,Escalation Specialist,5,Mumbai,Full-Time,2023-05-30,,True,,93500,5,3,8,31,0
E02147,Female,42,Married,PhD,Operations,Operations Analyst,6,Delhi,Contract,2022-06-01,,True,,95500,10,4,6,43,4
E01453,Unknown,39,Married,High School,Finance,Accountant,7,Chennai,Full-Time,2024-08-24,2024-10-28,False,Resigned,123000,0,5,6,2,0
E01239,Male,37,Single,Master,Finance,Credit Analyst,4,Mumbai,Full-Time,2023-10-06,,True,,144500,5,4,6,27,0
E00630,Male,25,Married,Diploma,IT,IT Support,1,Mumbai,Full-Time,2020-08-14,2020-09-29,False,Resigned,93000,15,3,5,1,3
E02225,Male,39,Divorced,High School,Marketing,SEO Specialist,6,Remote,Full-Time,2021-10-04,,True,,156000,5,4,6,51,10
E00977,Female,34,Married,Bachelor,Human Resources,HR Analyst,1,Delhi,Full-Time,2021-10-11,,True,,76500,0,3,2,51,10
E01412,Male,29,Single,Bachelor,Customer Support,Support Lead,4,Bengaluru,Full-Time,2022-06-12,2022-08-28,False,Retirement,85000,10,1,7,2,6
E01961,Female,32,Married,Diploma,Research & Development,Research Scientist,2,Mumbai,Full-Time,2020-05-04,2020-09-01,False,Layoff,163500,15,4,6,4,10
E00959,Female,26,Single,High School,Customer Support,Escalation Specialist,1,Mumbai,Full-Time,2022-12-15,,True,,52000,0,4,6,37,9
E02115,Female,31,Married,Bachelor,IT,Data Analyst,2,Hyderabad,Full-Time,2021-07-11,2021-10-10,False,Relocation,109000,0,4,9,3,5
E01803,Male,27,Single,High School,Customer Support,Support Lead,3,Delhi,Full-Time,2020-08-16,,True,,88500,10,4,6,65,11
E01407,Male,34,Single,Diploma,Sales,Account Executive,5,Remote,Full-Time,2022-09-17,,True,,105000,0,4,3,40,6
E02944,Female,37,Married,High School,Operations,Quality Analyst,3,Remote,Contract,2024-09-24,,True,,100000,5,4,10,15,0
E02260,Unknown,40,Married,Master,Operations,Operations Analyst,4,Delhi,Full-Time,2024-10-25,2025-03-05,False,Resigned,130000,10,3,6,4,2
E01346,Male,43,Single,PhD,Customer Support,Support Lead,6,Mumbai,Full-Time,2021-09-26,,True,,108000,15,3,9,51,4
E01188,Female,44,Married,Master,Sales,Sales Executive,7,Chennai,Full-Time,2023-11-14,2023-12-14,False,Relocation,192500,10,3,5,1,2
E00994,Male,33,Single,Bachelor,Marketing,SEO Specialist,1,Hyderabad,Part-Time,2023-12-25,,True,,87500,0,3,2,24,14
E00999,Female,38,Single,PhD,Research & Development,Product Engineer,3,Delhi,Full-Time,2021-12-08,,True,,174000,10,5,7,49,0
E00876,Male,42,Married,Master,Operations,Operations Analyst,6,Remote,Part-Time,2022-06-20,,True,,145000,0,2,4,43,7
E01564,Female,41,Single,High School,Sales,Account Executive,7,Remote,Part-Time,2024-03-22,,True,,130500,15,3,3,21,10
E01063,Female,28,Married,High School,IT,DevOps Engineer,1,Chennai,Full-Time,2024-02-18,,True,,112000,10,3,7,22,5
E00251,Male,23,Married,High School,Customer Support,Support Lead,1,Delhi,Full-Time,2020-02-03,2020-06-16,False,Resigned,44000,10,5,7,4,15
E00817,Male,37,Married,Master,IT,DevOps Engineer,3,Mumbai,Part-Time,2023-01-28,,True,,147000,0,3,2,35,4
E02540,Female,42,Married,Master,Sales,Sales Executive,6,Delhi,Full-Time,2020-04-17,,True,,154500,10,2,6,69,0
E00883,Female,33,Married,High School,Finance,Accountant,1,Mumbai,Full-Time,2021-04-18,,True,,99000,5,4,4,57,1
E02662,Female,40,Single,Bachelor,Research & Development,Research Scientist,4,Chennai,Full-Time,2020-12-23,,True,,221000,5,5,5,61,8
E02360,Male,30,Married,PhD,Operations,Quality Analyst,3,Chennai,Full-Time,2022-11-21,,True,,88500,5,5,5,37,6
E01613,Female,32,Married,Diploma,Finance,Accountant,3,Chennai,Full-Time,2020-06-02,,True,,93000,10,5,5,67,6
E02736,Female,27,Married,PhD,IT,IT Support,1,Bengaluru,Full-Time,2024-03-24,,True,,107500,15,5,6,21,1
E01052,Female,27,Married,High School,Research & Development,Research Scientist,1,Delhi,Full-Time,2023-02-25,,True,,158000,0,5,7,34,1
E01925,male,31,Married,Master,Human Resources,HR Analyst,3,Mumbai,Full-Time,2025-10-09,,True,,83500,10,3,7,2,5
E00963,Male,29,Single,Diploma,Marketing,Marketing Analyst,1,Chennai,Full-Time,2020-04-17,,True,,86500,0,1,7,69,3
E00822,Male,33,Married,Bachelor,IT,Data Analyst,1,Chennai,Full-Time,2025-08-18,,True,,113000,20,3,9,4,0
E01271,Male,38,Married,PhD,Sales,Sales Executive,4,Bengaluru,Contract,2023-02-06,,True,,129000,15,4,4,35,4
E00151,Male,29,Single,High School,Sales,Account Executive,1,Mumbai,Full-Time,2025-08-05,2025-10-21,False,Relocation,63000,20,4,7,2,0
E00278,Female,38,Married,Bachelor,Research & Development,Product Engineer,3,Delhi,Full-Time,2023-10-01,,True,,151000,0,2,7,27,8
E00673,Male,35,Married,Master,Operations,Quality Analyst,4,Remote,Full-Time,2020-12-11,,True,,80000,5,5,2,61,7
E01614,Male,23,Married,High School,Sales,Business Development,1,Remote,Full-Time,2020-02-02,2020-03-06,False,Resigned,96500,5,3,7,1,12
E00848,Female,34,Married,Bachelor,Finance,Accountant,1,Mumbai,Full-Time,2021-05-20,,True,,76500,0,4,7,56,0
E02174,Male,39,Married,High School,IT,DevOps Engineer,5,Hyderabad,Full-Time,2024-07-30,,True,,189000,5,4,9,17,10
E01535,Male,37,Single,Master,Finance,Accountant,3,Hyderabad,Full-Time,2022-04-28,2022-08-01,False,Resigned,101500,10,4,6,3,0
E01461,Male,25,Married,Master,Customer Support,Support Agent,2,Hyderabad,Full-Time,2022-03-28,2022-07-11,False,Resigned,80500,10,3,6,3,6
E01150,Male,38,Married,High School,Research & Development,Product Engineer,4,Bengaluru,Full-Time,2021-10-14,,True,,153000,0,1,8,51,17
E00647,Female,32,Married,Master,Customer Support,Support Agent,2,Delhi,Part-Time,2025-04-28,,True,,52500,15,4,7,8,5
E02517,Female,28,Married,High School,IT,IT Support,1,Chennai,Full-Time,2025-07-21,,True,,108000,0,5,8,5,13
E00941,Male,29,Married,Master,Research & Development,Product Engineer,3,Remote,Full-Time,2021-05-18,,True,,140000,10,3,6,56,0
E01715,Female,36,Married,High School,Operations,Quality Analyst,3,Chennai,Full-Time,2025-11-11,,True,,77500,0,3,7,1,4
E01744,Female,32,Married,PhD,Sales,Account Executive,3,Delhi,Part-Time,2023-09-13,2024-02-01,False,Retirement,92000,0,5,1,4,0
E02583,Female,24,Married,Bachelor,IT,Software Engineer,1,Delhi,Full-Time,2024-11-07,2025-01-02,False,Resigned,111500,0,4,5,1,12
E02769,Female,25,Single,PhD,Sales,Account Executive,2,Hyderabad,Full-Time,2023-03-08,,True,,74000,0,2,10,34,0
E00174,Female,38,Married,Master,Finance,Financial Analyst,5,Mumbai,Full-Time,2023-12-09,,True,,157000,0,4,4,25,12
